comment,alabala
techs,
2024-01-01 00:00:00,1e-05
2024-01-01 01:00:00,9.999999999999e-07
2024-01-01 02:00:00,0.0
2024-01-01 03:00:00,-9.999999999999e-07
2024-01-01 04:00:00,-3e-06
2024-01-01 05:00:00,-1.9999999999999e-06
2024-01-01 06:00:00,-5e-06
2024-01-01 07:00:00,-1.9999999999999e-06
2024-01-01 08:00:00,0.0
2024-01-01 09:00:00,3.999999999999901e-06
2024-01-01 10:00:00,6e-06
2024-01-01 11:00:00,5.4e-05
2024-01-01 12:00:00,0.00022399999999999002
2024-01-01 13:00:00,0.00019700000000000002
2024-01-01 14:00:00,0.00011299999999999
2024-01-01 15:00:00,0.000319
2024-01-01 16:00:00,0.004
2024-01-01 17:00:00,0.008446
2024-01-01 18:00:00,0.006174000000000001
2024-01-01 19:00:00,0.006127
2024-01-01 20:00:00,0.005996999999999
2024-01-01 21:00:00,0.005492
2024-01-01 22:00:00,0.004765
2024-01-01 23:00:00,0.0035550000000000004
2024-01-02 00:00:00,0.002939
2024-01-02 01:00:00,0.00196
2024-01-02 02:00:00,0.002732999999999
2024-01-02 03:00:00,0.0016200000000000001
2024-01-02 04:00:00,0.00095
2024-01-02 05:00:00,0.0011200000000000001
2024-01-02 06:00:00,0.004443
2024-01-02 07:00:00,0.005656
2024-01-02 08:00:00,0.0064280000000000006
2024-01-02 09:00:00,0.006612
2024-01-02 10:00:00,0.0070599999999999994
2024-01-02 11:00:00,0.00788
2024-01-02 12:00:00,0.00999
2024-01-02 13:00:00,0.01025
2024-01-02 14:00:00,0.011059999999999001
2024-01-02 15:00:00,0.010570000000000001
2024-01-02 16:00:00,0.01007
2024-01-02 17:00:00,0.011893
2024-01-02 18:00:00,0.00812999999999899
2024-01-02 19:00:00,0.00701
2024-01-02 20:00:00,0.00667
2024-01-02 21:00:00,0.005489999999999999
2024-01-02 22:00:00,0.005318
2024-01-02 23:00:00,0.005489999999999999
2024-01-03 00:00:00,-3.9e-05
2024-01-03 01:00:00,-0.000161
2024-01-03 02:00:00,-0.00013899999999999
2024-01-03 03:00:00,-0.000131
2024-01-03 04:00:00,-0.00013899999999999
2024-01-03 05:00:00,-0.00019499999999999
2024-01-03 06:00:00,0.000105
2024-01-03 07:00:00,0.004063
2024-01-03 08:00:00,0.00683
2024-01-03 09:00:00,0.00759
2024-01-03 10:00:00,0.00732
2024-01-03 11:00:00,0.00692
2024-01-03 12:00:00,0.006
2024-01-03 13:00:00,0.005886000000000001
2024-01-03 14:00:00,0.006085999999999
2024-01-03 15:00:00,0.0076
2024-01-03 16:00:00,0.0079
2024-01-03 17:00:00,0.0101
2024-01-03 18:00:00,0.011460000000000001
2024-01-03 19:00:00,0.01
2024-01-03 20:00:00,0.007322999999999991
2024-01-03 21:00:00,0.006740999999999
2024-01-03 22:00:00,0.006500000000000001
2024-01-03 23:00:00,0.005811999999999
2024-01-04 00:00:00,0.005730000000000001
2024-01-04 01:00:00,0.005045999999999999
2024-01-04 02:00:00,0.004
2024-01-04 03:00:00,0.002548
2024-01-04 04:00:00,0.0034999999999999897
2024-01-04 05:00:00,0.0057729999999999995
2024-01-04 06:00:00,0.007265000000000001
2024-01-04 07:00:00,0.008502000000000001
2024-01-04 08:00:00,0.009147
2024-01-04 09:00:00,0.00942
2024-01-04 10:00:00,0.009160999999999999
2024-01-04 11:00:00,0.009003
2024-01-04 12:00:00,0.008628
2024-01-04 13:00:00,0.008595999999999
2024-01-04 14:00:00,0.009211
2024-01-04 15:00:00,0.009862000000000001
2024-01-04 16:00:00,0.010445000000000001
2024-01-04 17:00:00,0.013021000000000001
2024-01-04 18:00:00,0.014066999999999
2024-01-04 19:00:00,0.012310000000000001
2024-01-04 20:00:00,0.010164999999999999
2024-01-04 21:00:00,0.009677
2024-01-04 22:00:00,0.009304
2024-01-04 23:00:00,0.008860999999999
2024-01-05 00:00:00,0.008608000000000001
2024-01-05 01:00:00,0.008050999999999
2024-01-05 02:00:00,0.007700999999999
2024-01-05 03:00:00,0.007288
2024-01-05 04:00:00,0.007211999999999991
2024-01-05 05:00:00,0.007452
2024-01-05 06:00:00,0.008010999999999
2024-01-05 07:00:00,0.008717
2024-01-05 08:00:00,0.008978
2024-01-05 09:00:00,0.0095
2024-01-05 10:00:00,0.009629
2024-01-05 11:00:00,0.00982199999999999
2024-01-05 12:00:00,0.00922899999999899
2024-01-05 13:00:00,0.009165
2024-01-05 14:00:00,0.00965
2024-01-05 15:00:00,0.010013
2024-01-05 16:00:00,0.010303000000000001
2024-01-05 17:00:00,0.010743
2024-01-05 18:00:00,0.010846999999999999
2024-01-05 19:00:00,0.010400000000000001
2024-01-05 20:00:00,0.010013
2024-01-05 21:00:00,0.009420999999999
2024-01-05 22:00:00,0.009492
2024-01-05 23:00:00,0.00868
2024-01-06 00:00:00,0.008225
2024-01-06 01:00:00,0.00802
2024-01-06 02:00:00,0.007612999999998999
2024-01-06 03:00:00,0.007301
2024-01-06 04:00:00,0.007301
2024-01-06 05:00:00,0.0074589999999999995
2024-01-06 06:00:00,0.00751
2024-01-06 07:00:00,0.008139000000000002
2024-01-06 08:00:00,0.00884
2024-01-06 09:00:00,0.009223
2024-01-06 10:00:00,0.00973
2024-01-06 11:00:00,0.010043
2024-01-06 12:00:00,0.009916000000000001
2024-01-06 13:00:00,0.009451999999999
2024-01-06 14:00:00,0.009245
2024-01-06 15:00:00,0.009418
2024-01-06 16:00:00,0.00992199999999999
2024-01-06 17:00:00,0.010468999999999
2024-01-06 18:00:00,0.010362999999999999
2024-01-06 19:00:00,0.0099
2024-01-06 20:00:00,0.009214
2024-01-06 21:00:00,0.008799999999999001
2024-01-06 22:00:00,0.008657
2024-01-06 23:00:00,0.007987000000000001
2024-01-07 00:00:00,0.00840799999999999
2024-01-07 01:00:00,0.007981999999998999
2024-01-07 02:00:00,0.0076759999999990005
2024-01-07 03:00:00,0.007346
2024-01-07 04:00:00,0.007185999999999
2024-01-07 05:00:00,0.007207999999999989
2024-01-07 06:00:00,0.007489999999999
2024-01-07 07:00:00,0.007768999999999999
2024-01-07 08:00:00,0.008179
2024-01-07 09:00:00,0.008485999999999001
2024-01-07 10:00:00,0.008713999999999
2024-01-07 11:00:00,0.008913
2024-01-07 12:00:00,0.008865999999999
2024-01-07 13:00:00,0.008480999999999
2024-01-07 14:00:00,0.008433999999999999
2024-01-07 15:00:00,0.008800999999999
2024-01-07 16:00:00,0.009342000000000001
2024-01-07 17:00:00,0.010177
2024-01-07 18:00:00,0.010485
2024-01-07 19:00:00,0.010355000000000001
2024-01-07 20:00:00,0.010050000000000002
2024-01-07 21:00:00,0.00933099999999999
2024-01-07 22:00:00,0.009117000000000002
2024-01-07 23:00:00,0.008386000000000001
2024-01-08 00:00:00,0.008702
2024-01-08 01:00:00,0.008434999999999
2024-01-08 02:00:00,0.008170999999999
2024-01-08 03:00:00,0.0079
2024-01-08 04:00:00,0.00784699999999899
2024-01-08 05:00:00,0.008209999999999001
2024-01-08 06:00:00,0.00943
2024-01-08 07:00:00,0.011109
2024-01-08 08:00:00,0.012111
2024-01-08 09:00:00,0.01178299999999999
2024-01-08 10:00:00,0.011058
2024-01-08 11:00:00,0.0103
2024-01-08 12:00:00,0.008490000000000001
2024-01-08 13:00:00,0.008955999999999
2024-01-08 14:00:00,0.01
2024-01-08 15:00:00,0.01079799999999999
2024-01-08 16:00:00,0.011639
2024-01-08 17:00:00,0.012915
2024-01-08 18:00:00,0.012508
2024-01-08 19:00:00,0.01119
2024-01-08 20:00:00,0.01001
2024-01-08 21:00:00,0.0091
2024-01-08 22:00:00,0.00919999999999899
2024-01-08 23:00:00,0.009148999999999002
2024-01-09 00:00:00,0.008094999999999
2024-01-09 01:00:00,0.007998
2024-01-09 02:00:00,0.00849999999999999
2024-01-09 03:00:00,0.008341999999999001
2024-01-09 04:00:00,0.008056999999999
2024-01-09 05:00:00,0.00858
2024-01-09 06:00:00,0.00839
2024-01-09 07:00:00,0.009112
2024-01-09 08:00:00,0.012570000000000001
2024-01-09 09:00:00,0.011996000000000001
2024-01-09 10:00:00,0.009800000000000001
2024-01-09 11:00:00,0.009000000000000001
2024-01-09 12:00:00,0.00788
2024-01-09 13:00:00,0.007777999999999999
2024-01-09 14:00:00,0.00849999999999999
2024-01-09 15:00:00,0.00999
2024-01-09 16:00:00,0.011267
2024-01-09 17:00:00,0.013569000000000001
2024-01-09 18:00:00,0.012925
2024-01-09 19:00:00,0.01263
2024-01-09 20:00:00,0.010882
2024-01-09 21:00:00,0.009366
2024-01-09 22:00:00,0.008490000000000001
2024-01-09 23:00:00,0.008799999999999001
2024-01-10 00:00:00,0.007554
2024-01-10 01:00:00,0.008675999999999
2024-01-10 02:00:00,0.008673
2024-01-10 03:00:00,0.008122
2024-01-10 04:00:00,0.008048
2024-01-10 05:00:00,0.00779
2024-01-10 06:00:00,0.00793
2024-01-10 07:00:00,0.0096
2024-01-10 08:00:00,0.013252000000000002
2024-01-10 09:00:00,0.013038999999998998
2024-01-10 10:00:00,0.011120999999999
2024-01-10 11:00:00,0.010912999999999
2024-01-10 12:00:00,0.00891
2024-01-10 13:00:00,0.008744999999999
2024-01-10 14:00:00,0.008490000000000001
2024-01-10 15:00:00,0.010633999999999992
2024-01-10 16:00:00,0.012794000000000002
2024-01-10 17:00:00,0.014379
2024-01-10 18:00:00,0.01399999999999999
2024-01-10 19:00:00,0.013215
2024-01-10 20:00:00,0.012
2024-01-10 21:00:00,0.00973
2024-01-10 22:00:00,0.009129999999999
2024-01-10 23:00:00,0.008230999999999
2024-01-11 00:00:00,0.009175
2024-01-11 01:00:00,0.008859
2024-01-11 02:00:00,0.008725
2024-01-11 03:00:00,0.008238
2024-01-11 04:00:00,0.008119999999999001
2024-01-11 05:00:00,0.007959999999999
2024-01-11 06:00:00,0.009000000000000001
2024-01-11 07:00:00,0.011687
2024-01-11 08:00:00,0.014099999999999
2024-01-11 09:00:00,0.012916
2024-01-11 10:00:00,0.01136499999999999
2024-01-11 11:00:00,0.010648
2024-01-11 12:00:00,0.009938
2024-01-11 13:00:00,0.0099
2024-01-11 14:00:00,0.010598000000000002
2024-01-11 15:00:00,0.011731
2024-01-11 16:00:00,0.013262000000000001
2024-01-11 17:00:00,0.014706
2024-01-11 18:00:00,0.013669999999999
2024-01-11 19:00:00,0.013231000000000001
2024-01-11 20:00:00,0.011788
2024-01-11 21:00:00,0.010719
2024-01-11 22:00:00,0.01
2024-01-11 23:00:00,0.008099999999999991
2024-01-12 00:00:00,0.008212
2024-01-12 01:00:00,0.008062999999999002
2024-01-12 02:00:00,0.008312999999999
2024-01-12 03:00:00,0.007729000000000001
2024-01-12 04:00:00,0.0078
2024-01-12 05:00:00,0.007918
2024-01-12 06:00:00,0.008131999999999
2024-01-12 07:00:00,0.01182
2024-01-12 08:00:00,0.014074
2024-01-12 09:00:00,0.013496000000000001
2024-01-12 10:00:00,0.012201
2024-01-12 11:00:00,0.011473
2024-01-12 12:00:00,0.010698000000000001
2024-01-12 13:00:00,0.010307999999999989
2024-01-12 14:00:00,0.010454000000000001
2024-01-12 15:00:00,0.011
2024-01-12 16:00:00,0.012
2024-01-12 17:00:00,0.012750000000000001
2024-01-12 18:00:00,0.0126
2024-01-12 19:00:00,0.011946999999999002
2024-01-12 20:00:00,0.01071299999999899
2024-01-12 21:00:00,0.009169999999999992
2024-01-12 22:00:00,0.008502000000000001
2024-01-12 23:00:00,0.008248999999999
2024-01-13 00:00:00,0.009000000000000001
2024-01-13 01:00:00,0.008543000000000002
2024-01-13 02:00:00,0.0082
2024-01-13 03:00:00,0.00784699999999899
2024-01-13 04:00:00,0.0075
2024-01-13 05:00:00,0.007493999999999
2024-01-13 06:00:00,0.007815999999998999
2024-01-13 07:00:00,0.00779
2024-01-13 08:00:00,0.007492
2024-01-13 09:00:00,0.00854
2024-01-13 10:00:00,0.00884
2024-01-13 11:00:00,0.00861
2024-01-13 12:00:00,0.007969999999999
2024-01-13 13:00:00,0.008081999999999
2024-01-13 14:00:00,0.008150000000000001
2024-01-13 15:00:00,0.008699999999999002
2024-01-13 16:00:00,0.00973
2024-01-13 17:00:00,0.011460000000000001
2024-01-13 18:00:00,0.01028
2024-01-13 19:00:00,0.008459999999999001
2024-01-13 20:00:00,0.007547
2024-01-13 21:00:00,0.008099999999999991
2024-01-13 22:00:00,0.00849999999999999
2024-01-13 23:00:00,0.008
2024-01-14 00:00:00,0.007489999999999
2024-01-14 01:00:00,0.0074010000000000005
2024-01-14 02:00:00,0.006989999999999991
2024-01-14 03:00:00,0.006824
2024-01-14 04:00:00,0.0071920000000000005
2024-01-14 05:00:00,0.008
2024-01-14 06:00:00,0.007103
2024-01-14 07:00:00,0.007592
2024-01-14 08:00:00,0.007927
2024-01-14 09:00:00,0.009300000000000001
2024-01-14 10:00:00,0.009711000000000001
2024-01-14 11:00:00,0.00872
2024-01-14 12:00:00,0.008039
2024-01-14 13:00:00,0.007704
2024-01-14 14:00:00,0.007915
2024-01-14 15:00:00,0.008231999999998999
2024-01-14 16:00:00,0.008662000000000001
2024-01-14 17:00:00,0.009186
2024-01-14 18:00:00,0.00949
2024-01-14 19:00:00,0.00849999999999999
2024-01-14 20:00:00,0.007905999999999
2024-01-14 21:00:00,0.007859999999999
2024-01-14 22:00:00,0.007539
2024-01-14 23:00:00,0.006719
2024-01-15 00:00:00,0.00679
2024-01-15 01:00:00,0.006500000000000001
2024-01-15 02:00:00,0.006394
2024-01-15 03:00:00,0.0062039999999999994
2024-01-15 04:00:00,0.0062039999999999994
2024-01-15 05:00:00,0.006924999999999989
2024-01-15 06:00:00,0.008018
2024-01-15 07:00:00,0.00844
2024-01-15 08:00:00,0.009934
2024-01-15 09:00:00,0.010029999999999999
2024-01-15 10:00:00,0.009489000000000001
2024-01-15 11:00:00,0.00902
2024-01-15 12:00:00,0.008118
2024-01-15 13:00:00,0.00821999999999899
2024-01-15 14:00:00,0.008459999999999001
2024-01-15 15:00:00,0.008957
2024-01-15 16:00:00,0.009762
2024-01-15 17:00:00,0.010651
2024-01-15 18:00:00,0.011281000000000001
2024-01-15 19:00:00,0.010513
2024-01-15 20:00:00,0.00944
2024-01-15 21:00:00,0.007904
2024-01-15 22:00:00,0.007775999999998991
2024-01-15 23:00:00,0.00785
2024-01-16 00:00:00,0.0068000000000000005
2024-01-16 01:00:00,0.007650999999999001
2024-01-16 02:00:00,0.007743000000000001
2024-01-16 03:00:00,0.0076820000000000005
2024-01-16 04:00:00,0.007305000000000001
2024-01-16 05:00:00,0.007260999999999
2024-01-16 06:00:00,0.00924
2024-01-16 07:00:00,0.01158
2024-01-16 08:00:00,0.014411
2024-01-16 09:00:00,0.013859999999999999
2024-01-16 10:00:00,0.012199999999999999
2024-01-16 11:00:00,0.011
2024-01-16 12:00:00,0.008799999999999001
2024-01-16 13:00:00,0.00881
2024-01-16 14:00:00,0.008400000000000001
2024-01-16 15:00:00,0.011029
2024-01-16 16:00:00,0.011169
2024-01-16 17:00:00,0.012830000000000001
2024-01-16 18:00:00,0.01221
2024-01-16 19:00:00,0.010199999999999999
2024-01-16 20:00:00,0.008997
2024-01-16 21:00:00,0.008400000000000001
2024-01-16 22:00:00,0.008220999999999
2024-01-16 23:00:00,0.007519999999999991
2024-01-17 00:00:00,0.007180000000000001
2024-01-17 01:00:00,0.007165000000000001
2024-01-17 02:00:00,0.007073
2024-01-17 03:00:00,0.006979
2024-01-17 04:00:00,0.006954000000000001
2024-01-17 05:00:00,0.007131
2024-01-17 06:00:00,0.007556999999999
2024-01-17 07:00:00,0.008494
2024-01-17 08:00:00,0.009673999999999
2024-01-17 09:00:00,0.010618
2024-01-17 10:00:00,0.011033
2024-01-17 11:00:00,0.011109999999999
2024-01-17 12:00:00,0.011374
2024-01-17 13:00:00,0.011673000000000001
2024-01-17 14:00:00,0.011800000000000001
2024-01-17 15:00:00,0.01226199999999999
2024-01-17 16:00:00,0.012655
2024-01-17 17:00:00,0.013691000000000002
2024-01-17 18:00:00,0.012251
2024-01-17 19:00:00,0.011309999999999001
2024-01-17 20:00:00,0.009916000000000001
2024-01-17 21:00:00,0.009373
2024-01-17 22:00:00,0.00891
2024-01-17 23:00:00,0.008320999999999
2024-01-18 00:00:00,0.008029999999999001
2024-01-18 01:00:00,0.007698999999999
2024-01-18 02:00:00,0.007467
2024-01-18 03:00:00,0.007417999999999999
2024-01-18 04:00:00,0.007609000000000001
2024-01-18 05:00:00,0.0077599999999989995
2024-01-18 06:00:00,0.008909
2024-01-18 07:00:00,0.010923
2024-01-18 08:00:00,0.012198
2024-01-18 09:00:00,0.011826000000000001
2024-01-18 10:00:00,0.01104
2024-01-18 11:00:00,0.008
2024-01-18 12:00:00,0.008395
2024-01-18 13:00:00,0.007063999999999
2024-01-18 14:00:00,0.008660999999999
2024-01-18 15:00:00,0.00858
2024-01-18 16:00:00,0.009867999999999991
2024-01-18 17:00:00,0.010375
2024-01-18 18:00:00,0.010335
2024-01-18 19:00:00,0.008785000000000001
2024-01-18 20:00:00,0.008099999999999991
2024-01-18 21:00:00,0.008314
2024-01-18 22:00:00,0.0076629999999990005
2024-01-18 23:00:00,0.0073609999999999995
2024-01-19 00:00:00,0.006914
2024-01-19 01:00:00,0.006626000000000001
2024-01-19 02:00:00,0.0063
2024-01-19 03:00:00,0.006276
2024-01-19 04:00:00,0.006332
2024-01-19 05:00:00,0.006690000000000001
2024-01-19 06:00:00,0.007648999999999
2024-01-19 07:00:00,0.0086
2024-01-19 08:00:00,0.01042699999999999
2024-01-19 09:00:00,0.009991
2024-01-19 10:00:00,0.008753
2024-01-19 11:00:00,0.008400000000000001
2024-01-19 12:00:00,0.007221
2024-01-19 13:00:00,0.0073359999999990004
2024-01-19 14:00:00,0.007521999999999999
2024-01-19 15:00:00,0.007304
2024-01-19 16:00:00,0.008490000000000001
2024-01-19 17:00:00,0.009375
2024-01-19 18:00:00,0.008790000000000001
2024-01-19 19:00:00,0.007489999999999
2024-01-19 20:00:00,0.007295
2024-01-19 21:00:00,0.007112
2024-01-19 22:00:00,0.006863999999999989
2024-01-19 23:00:00,0.006475000000000001
2024-01-20 00:00:00,0.006600000000000001
2024-01-20 01:00:00,0.006751
2024-01-20 02:00:00,0.006354
2024-01-20 03:00:00,0.0061819999999999905
2024-01-20 04:00:00,0.006185
2024-01-20 05:00:00,0.006175
2024-01-20 06:00:00,0.006258999999999989
2024-01-20 07:00:00,0.006690000000000001
2024-01-20 08:00:00,0.007481999999999999
2024-01-20 09:00:00,0.00779
2024-01-20 10:00:00,0.007180000000000001
2024-01-20 11:00:00,0.006959999999999001
2024-01-20 12:00:00,0.006489000000000001
2024-01-20 13:00:00,0.006690000000000001
2024-01-20 14:00:00,0.007337000000000001
2024-01-20 15:00:00,0.007914000000000001
2024-01-20 16:00:00,0.008785999999999
2024-01-20 17:00:00,0.009498
2024-01-20 18:00:00,0.009989000000000001
2024-01-20 19:00:00,0.009157
2024-01-20 20:00:00,0.008
2024-01-20 21:00:00,0.007572
2024-01-20 22:00:00,0.007042
2024-01-20 23:00:00,0.006913
2024-01-21 00:00:00,0.00625
2024-01-21 01:00:00,0.00569999999999999
2024-01-21 02:00:00,0.005515
2024-01-21 03:00:00,0.005089000000000001
2024-01-21 04:00:00,0.004831
2024-01-21 05:00:00,0.004693999999999
2024-01-21 06:00:00,0.0045000000000000005
2024-01-21 07:00:00,0.004216999999999999
2024-01-21 08:00:00,0.0050999999999999995
2024-01-21 09:00:00,0.006
2024-01-21 10:00:00,0.005909
2024-01-21 11:00:00,0.005624
2024-01-21 12:00:00,0.0059900000000000005
2024-01-21 13:00:00,0.005274
2024-01-21 14:00:00,0.0055839999999999996
2024-01-21 15:00:00,0.005721
2024-01-21 16:00:00,0.005553
2024-01-21 17:00:00,0.006878999999999991
2024-01-21 18:00:00,0.0082
2024-01-21 19:00:00,0.0064
2024-01-21 20:00:00,0.006019999999999999
2024-01-21 21:00:00,0.00569999999999999
2024-01-21 22:00:00,0.005425999999999
2024-01-21 23:00:00,0.005327
2024-01-22 00:00:00,0.0044080000000000005
2024-01-22 01:00:00,0.00499899999999999
2024-01-22 02:00:00,0.0045000000000000005
2024-01-22 03:00:00,0.0027919999999999998
2024-01-22 04:00:00,0.001799999999999
2024-01-22 05:00:00,0.00205
2024-01-22 06:00:00,0.0042269999999999894
2024-01-22 07:00:00,0.006849999999999989
2024-01-22 08:00:00,0.013000000000000001
2024-01-22 09:00:00,0.008959999999999
2024-01-22 10:00:00,0.007433999999999991
2024-01-22 11:00:00,0.00606
2024-01-22 12:00:00,0.0057009999999999995
2024-01-22 13:00:00,0.0056519999999999895
2024-01-22 14:00:00,0.005855000000000001
2024-01-22 15:00:00,0.006046999999998999
2024-01-22 16:00:00,0.0067
2024-01-22 17:00:00,0.00887699999999999
2024-01-22 18:00:00,0.01103
2024-01-22 19:00:00,0.00980999999999899
2024-01-22 20:00:00,0.00674299999999999
2024-01-22 21:00:00,0.006441
2024-01-22 22:00:00,0.005622
2024-01-22 23:00:00,0.005035
2024-01-23 00:00:00,0.0016840000000000002
2024-01-23 01:00:00,0.001099
2024-01-23 02:00:00,0.001
2024-01-23 03:00:00,0.0005
2024-01-23 04:00:00,0.0010840000000000001
2024-01-23 05:00:00,0.0039509999999990005
2024-01-23 06:00:00,0.00615099999999899
2024-01-23 07:00:00,0.008824999999999
2024-01-23 08:00:00,0.01158
2024-01-23 09:00:00,0.009668
2024-01-23 10:00:00,0.00809
2024-01-23 11:00:00,0.006500000000000001
2024-01-23 12:00:00,0.006412999999999
2024-01-23 13:00:00,0.0063360000000000005
2024-01-23 14:00:00,0.0070019999999999995
2024-01-23 15:00:00,0.007429999999999
2024-01-23 16:00:00,0.007718999999999999
2024-01-23 17:00:00,0.008180999999999002
2024-01-23 18:00:00,0.008488999999999
2024-01-23 19:00:00,0.007535
2024-01-23 20:00:00,0.006500000000000001
2024-01-23 21:00:00,0.00631999999999999
2024-01-23 22:00:00,0.005339999999999
2024-01-23 23:00:00,0.0034999999999999897
2024-01-24 00:00:00,0.00048499999999999
2024-01-24 01:00:00,0.000212
2024-01-24 02:00:00,0.0
2024-01-24 03:00:00,-0.00038899999999999005
2024-01-24 04:00:00,-0.0005
2024-01-24 05:00:00,0.0
2024-01-24 06:00:00,0.001664999999999
2024-01-24 07:00:00,0.00675
2024-01-24 08:00:00,0.0095
2024-01-24 09:00:00,0.009333000000000001
2024-01-24 10:00:00,0.0068000000000000005
2024-01-24 11:00:00,0.00522099999999999
2024-01-24 12:00:00,0.003932
2024-01-24 13:00:00,0.003829999999999
2024-01-24 14:00:00,0.0046500000000000005
2024-01-24 15:00:00,0.006843000000000001
2024-01-24 16:00:00,0.008
2024-01-24 17:00:00,0.009800000000000001
2024-01-24 18:00:00,0.009272
2024-01-24 19:00:00,0.01001
2024-01-24 20:00:00,0.008400000000000001
2024-01-24 21:00:00,0.008199
2024-01-24 22:00:00,0.007180000000000001
2024-01-24 23:00:00,0.00818
2024-01-25 00:00:00,0.00649
2024-01-25 01:00:00,0.0056099999999999995
2024-01-25 02:00:00,0.00672
2024-01-25 03:00:00,0.0075
2024-01-25 04:00:00,0.007531
2024-01-25 05:00:00,0.00759
2024-01-25 06:00:00,0.007858
2024-01-25 07:00:00,0.009209999999999
2024-01-25 08:00:00,0.010302
2024-01-25 09:00:00,0.0094
2024-01-25 10:00:00,0.008395999999999001
2024-01-25 11:00:00,0.007865999999999
2024-01-25 12:00:00,0.00749499999999999
2024-01-25 13:00:00,0.007654999999999
2024-01-25 14:00:00,0.008422
2024-01-25 15:00:00,0.008860999999999
2024-01-25 16:00:00,0.009698
2024-01-25 17:00:00,0.0116
2024-01-25 18:00:00,0.01124
2024-01-25 19:00:00,0.009852999999999987
2024-01-25 20:00:00,0.007990999999998999
2024-01-25 21:00:00,0.008428
2024-01-25 22:00:00,0.007939999999999
2024-01-25 23:00:00,0.007417
2024-01-26 00:00:00,0.006279999999999999
2024-01-26 01:00:00,0.006200000000000001
2024-01-26 02:00:00,0.0058489999999999905
2024-01-26 03:00:00,0.005479
2024-01-26 04:00:00,0.00474
2024-01-26 05:00:00,0.0050869999999999995
2024-01-26 06:00:00,0.005815000000000001
2024-01-26 07:00:00,0.007198
2024-01-26 08:00:00,0.007745
2024-01-26 09:00:00,0.008009999999999
2024-01-26 10:00:00,0.007134000000000001
2024-01-26 11:00:00,0.005894
2024-01-26 12:00:00,0.0052079999999999895
2024-01-26 13:00:00,0.0046299999999989995
2024-01-26 14:00:00,0.005
2024-01-26 15:00:00,0.005117
2024-01-26 16:00:00,0.0075
2024-01-26 17:00:00,0.0095
2024-01-26 18:00:00,0.013557000000000001
2024-01-26 19:00:00,0.011112
2024-01-26 20:00:00,0.00958
2024-01-26 21:00:00,0.0082
2024-01-26 22:00:00,0.00842
2024-01-26 23:00:00,0.007936
2024-01-27 00:00:00,0.007449999999999
2024-01-27 01:00:00,0.00689
2024-01-27 02:00:00,0.00659
2024-01-27 03:00:00,0.005900000000000001
2024-01-27 04:00:00,0.005649
2024-01-27 05:00:00,0.0058579999999999995
2024-01-27 06:00:00,0.005998000000000001
2024-01-27 07:00:00,0.006690000000000001
2024-01-27 08:00:00,0.008675999999999
2024-01-27 09:00:00,0.00861999999999899
2024-01-27 10:00:00,0.008017000000000002
2024-01-27 11:00:00,0.00603299999999999
2024-01-27 12:00:00,0.0055839999999999996
2024-01-27 13:00:00,0.005388
2024-01-27 14:00:00,0.005973
2024-01-27 15:00:00,0.00782
2024-01-27 16:00:00,0.00824
2024-01-27 17:00:00,0.009122
2024-01-27 18:00:00,0.009597
2024-01-27 19:00:00,0.009262000000000001
2024-01-27 20:00:00,0.008442999999999989
2024-01-27 21:00:00,0.007595999999998999
2024-01-27 22:00:00,0.007596999999999
2024-01-27 23:00:00,0.0072699999999999996
2024-01-28 00:00:00,0.006677
2024-01-28 01:00:00,0.00607
2024-01-28 02:00:00,0.00591
2024-01-28 03:00:00,0.005888999999999999
2024-01-28 04:00:00,0.005996999999999
2024-01-28 05:00:00,0.0062409999999989895
2024-01-28 06:00:00,0.005932000000000001
2024-01-28 07:00:00,0.005898
2024-01-28 08:00:00,0.00591999999999999
2024-01-28 09:00:00,0.005522
2024-01-28 10:00:00,0.00513499999999999
2024-01-28 11:00:00,0.004550999999998991
2024-01-28 12:00:00,0.004124
2024-01-28 13:00:00,0.004025000000000001
2024-01-28 14:00:00,0.004971000000000001
2024-01-28 15:00:00,0.005489999999999999
2024-01-28 16:00:00,0.0066289999999999995
2024-01-28 17:00:00,0.007642
2024-01-28 18:00:00,0.007470000000000001
2024-01-28 19:00:00,0.0070160000000000005
2024-01-28 20:00:00,0.006861000000000001
2024-01-28 21:00:00,0.00575699999999999
2024-01-28 22:00:00,0.005966
2024-01-28 23:00:00,0.00559999999999999
2024-01-29 00:00:00,0.00499699999999999
2024-01-29 01:00:00,0.004725999999999
2024-01-29 02:00:00,0.004811999999998999
2024-01-29 03:00:00,0.004797
2024-01-29 04:00:00,0.00515799999999999
2024-01-29 05:00:00,0.00600599999999999
2024-01-29 06:00:00,0.008015000000000001
2024-01-29 07:00:00,0.009269
2024-01-29 08:00:00,0.00992
2024-01-29 09:00:00,0.008839000000000001
2024-01-29 10:00:00,0.00789
2024-01-29 11:00:00,0.007127
2024-01-29 12:00:00,0.007024
2024-01-29 13:00:00,0.0074870000000000015
2024-01-29 14:00:00,0.008199
2024-01-29 15:00:00,0.009567
2024-01-29 16:00:00,0.010478999999999999
2024-01-29 17:00:00,0.01202
2024-01-29 18:00:00,0.011592000000000002
2024-01-29 19:00:00,0.010751999999999
2024-01-29 20:00:00,0.009095
2024-01-29 21:00:00,0.008565999999999
2024-01-29 22:00:00,0.008325
2024-01-29 23:00:00,0.008029
2024-01-30 00:00:00,0.007194000000000001
2024-01-30 01:00:00,0.006876
2024-01-30 02:00:00,0.0069370000000000005
2024-01-30 03:00:00,0.006709
2024-01-30 04:00:00,0.006663
2024-01-30 05:00:00,0.0069370000000000005
2024-01-30 06:00:00,0.007861
2024-01-30 07:00:00,0.009076999999999
2024-01-30 08:00:00,0.009594
2024-01-30 09:00:00,0.008493
2024-01-30 10:00:00,0.007715
2024-01-30 11:00:00,0.00701
2024-01-30 12:00:00,0.00681
2024-01-30 13:00:00,0.006823000000000001
2024-01-30 14:00:00,0.007193
2024-01-30 15:00:00,0.007859999999999
2024-01-30 16:00:00,0.008197000000000001
2024-01-30 17:00:00,0.008835999999999001
2024-01-30 18:00:00,0.009938
2024-01-30 19:00:00,0.011041
2024-01-30 20:00:00,0.00899
2024-01-30 21:00:00,0.008012
2024-01-30 22:00:00,0.008244999999999001
2024-01-30 23:00:00,0.007729999999999001
2024-01-31 00:00:00,0.00789
2024-01-31 01:00:00,0.00740299999999899
2024-01-31 02:00:00,0.007089000000000001
2024-01-31 03:00:00,0.0069819999999999995
2024-01-31 04:00:00,0.0069169999999999995
2024-01-31 05:00:00,0.007385999999999
2024-01-31 06:00:00,0.008477
2024-01-31 07:00:00,0.010517
2024-01-31 08:00:00,0.012
2024-01-31 09:00:00,0.009353
2024-01-31 10:00:00,0.008298
2024-01-31 11:00:00,0.007709
2024-01-31 12:00:00,0.007490999999998999
2024-01-31 13:00:00,0.00675
2024-01-31 14:00:00,0.00668
2024-01-31 15:00:00,0.007393999999999
2024-01-31 16:00:00,0.007854999999999
2024-01-31 17:00:00,0.008564999999999991
2024-01-31 18:00:00,0.00854999999999999
2024-01-31 19:00:00,0.00692
2024-01-31 20:00:00,0.006278000000000001
2024-01-31 21:00:00,0.005818
2024-01-31 22:00:00,0.0054
2024-01-31 23:00:00,0.004057000000000001
2024-02-01 00:00:00,0.0048
2024-02-01 01:00:00,0.004237
2024-02-01 02:00:00,0.0043040000000000005
2024-02-01 03:00:00,0.004394
2024-02-01 04:00:00,0.004763
2024-02-01 05:00:00,0.005606
2024-02-01 06:00:00,0.00692
2024-02-01 07:00:00,0.008637
2024-02-01 08:00:00,0.009976
2024-02-01 09:00:00,0.009276999999999
2024-02-01 10:00:00,0.008370999999999
2024-02-01 11:00:00,0.00755
2024-02-01 12:00:00,0.0067599999999999995
2024-02-01 13:00:00,0.005726
2024-02-01 14:00:00,0.0071200000000000005
2024-02-01 15:00:00,0.00875
2024-02-01 16:00:00,0.008400000000000001
2024-02-01 17:00:00,0.011262000000000001
2024-02-01 18:00:00,0.01129999999999999
2024-02-01 19:00:00,0.00980299999999999
2024-02-01 20:00:00,0.009081
2024-02-01 21:00:00,0.008334
2024-02-01 22:00:00,0.008190999999999001
2024-02-01 23:00:00,0.007342
2024-02-02 00:00:00,0.006431999999998999
2024-02-02 01:00:00,0.005994999999999991
2024-02-02 02:00:00,0.0058000000000000005
2024-02-02 03:00:00,0.005468999999999
2024-02-02 04:00:00,0.005314
2024-02-02 05:00:00,0.005513
2024-02-02 06:00:00,0.006648999999999
2024-02-02 07:00:00,0.007790999999999
2024-02-02 08:00:00,0.008960999999999001
2024-02-02 09:00:00,0.008620999999999001
2024-02-02 10:00:00,0.00808
2024-02-02 11:00:00,0.007517
2024-02-02 12:00:00,0.006489000000000001
2024-02-02 13:00:00,0.006256
2024-02-02 14:00:00,0.0063699999999999885
2024-02-02 15:00:00,0.00677
2024-02-02 16:00:00,0.008
2024-02-02 17:00:00,0.008846999999999999
2024-02-02 18:00:00,0.009997
2024-02-02 19:00:00,0.0082
2024-02-02 20:00:00,0.007330000000000001
2024-02-02 21:00:00,0.00699999999999999
2024-02-02 22:00:00,0.006315
2024-02-02 23:00:00,0.005484
2024-02-03 00:00:00,0.004968
2024-02-03 01:00:00,0.004308
2024-02-03 02:00:00,0.0034900000000000005
2024-02-03 03:00:00,0.00139999999999999
2024-02-03 04:00:00,0.001098
2024-02-03 05:00:00,0.001139999999999
2024-02-03 06:00:00,0.00164799999999999
2024-02-03 07:00:00,0.003643
2024-02-03 08:00:00,0.004690999999999
2024-02-03 09:00:00,0.0067480000000000005
2024-02-03 10:00:00,0.006600000000000001
2024-02-03 11:00:00,0.005802000000000001
2024-02-03 12:00:00,0.0050999999999999995
2024-02-03 13:00:00,0.00479
2024-02-03 14:00:00,0.004253
2024-02-03 15:00:00,0.004471
2024-02-03 16:00:00,0.005058
2024-02-03 17:00:00,0.00674
2024-02-03 18:00:00,0.0106
2024-02-03 19:00:00,0.0096
2024-02-03 20:00:00,0.007245000000000001
2024-02-03 21:00:00,0.0063100000000000005
2024-02-03 22:00:00,0.005141
2024-02-03 23:00:00,0.004
2024-02-04 00:00:00,0.00424999999999999
2024-02-04 01:00:00,0.003222
2024-02-04 02:00:00,0.00069
2024-02-04 03:00:00,7.199999999998e-05
2024-02-04 04:00:00,0.0
2024-02-04 05:00:00,0.0
2024-02-04 06:00:00,0.0
2024-02-04 07:00:00,0.00044
2024-02-04 08:00:00,0.001188
2024-02-04 09:00:00,0.00275
2024-02-04 10:00:00,0.004
2024-02-04 11:00:00,0.0026669999999999997
2024-02-04 12:00:00,0.0019790000000000003
2024-02-04 13:00:00,0.000507
2024-02-04 14:00:00,0.00139999999999999
2024-02-04 15:00:00,0.0031680000000000002
2024-02-04 16:00:00,0.00412
2024-02-04 17:00:00,0.00635
2024-02-04 18:00:00,0.008580999999999001
2024-02-04 19:00:00,0.007090000000000001
2024-02-04 20:00:00,0.00536
2024-02-04 21:00:00,0.00548899999999999
2024-02-04 22:00:00,0.004973999999999991
2024-02-04 23:00:00,0.0034980000000000002
2024-02-05 00:00:00,0.000163
2024-02-05 01:00:00,1e-05
2024-02-05 02:00:00,1e-05
2024-02-05 03:00:00,2.2e-05
2024-02-05 04:00:00,8e-06
2024-02-05 05:00:00,0.000165
2024-02-05 06:00:00,0.004122999999998999
2024-02-05 07:00:00,0.00849999999999999
2024-02-05 08:00:00,0.010660000000000001
2024-02-05 09:00:00,0.007870000000000002
2024-02-05 10:00:00,0.00552
2024-02-05 11:00:00,0.004489
2024-02-05 12:00:00,0.003479999999999
2024-02-05 13:00:00,0.00455
2024-02-05 14:00:00,0.0054
2024-02-05 15:00:00,0.00557899999999999
2024-02-05 16:00:00,0.006500000000000001
2024-02-05 17:00:00,0.008620999999999001
2024-02-05 18:00:00,0.009755000000000002
2024-02-05 19:00:00,0.008009999999999
2024-02-05 20:00:00,0.0069960000000000005
2024-02-05 21:00:00,0.005991
2024-02-05 22:00:00,0.00560399999999999
2024-02-05 23:00:00,0.004740999999999
2024-02-06 00:00:00,0.003546
2024-02-06 01:00:00,0.00282
2024-02-06 02:00:00,0.001
2024-02-06 03:00:00,0.000498
2024-02-06 04:00:00,0.000311
2024-02-06 05:00:00,0.002009
2024-02-06 06:00:00,0.005
2024-02-06 07:00:00,0.006922000000000001
2024-02-06 08:00:00,0.00882
2024-02-06 09:00:00,0.00873
2024-02-06 10:00:00,0.008709999999998991
2024-02-06 11:00:00,0.00764999999999899
2024-02-06 12:00:00,0.00649
2024-02-06 13:00:00,0.005994
2024-02-06 14:00:00,0.006386
2024-02-06 15:00:00,0.00639
2024-02-06 16:00:00,0.00647
2024-02-06 17:00:00,0.008
2024-02-06 18:00:00,0.009926
2024-02-06 19:00:00,0.009489000000000001
2024-02-06 20:00:00,0.0070999999999999995
2024-02-06 21:00:00,0.006261999999999
2024-02-06 22:00:00,0.0057109999999999895
2024-02-06 23:00:00,0.0053300000000000005
2024-02-07 00:00:00,0.004117
2024-02-07 01:00:00,0.0044800000000000005
2024-02-07 02:00:00,0.0049900000000000005
2024-02-07 03:00:00,0.006098
2024-02-07 04:00:00,0.0060999999999999995
2024-02-07 05:00:00,0.006559999999999001
2024-02-07 06:00:00,0.00759
2024-02-07 07:00:00,0.00886
2024-02-07 08:00:00,0.00949
2024-02-07 09:00:00,0.009689999999999999
2024-02-07 10:00:00,0.008187999999999
2024-02-07 11:00:00,0.007865999999999
2024-02-07 12:00:00,0.0075
2024-02-07 13:00:00,0.007379999999999
2024-02-07 14:00:00,0.0075379999999989995
2024-02-07 15:00:00,0.008529999999999
2024-02-07 16:00:00,0.009303
2024-02-07 17:00:00,0.011964
2024-02-07 18:00:00,0.01358
2024-02-07 19:00:00,0.011031999999999001
2024-02-07 20:00:00,0.009800000000000001
2024-02-07 21:00:00,0.008355999999999
2024-02-07 22:00:00,0.007901
2024-02-07 23:00:00,0.007920999999999
2024-02-08 00:00:00,0.007370000000000001
2024-02-08 01:00:00,0.00732
2024-02-08 02:00:00,0.007215000000000001
2024-02-08 03:00:00,0.006863
2024-02-08 04:00:00,0.006669
2024-02-08 05:00:00,0.007170999999998991
2024-02-08 06:00:00,0.008205999999998999
2024-02-08 07:00:00,0.010449
2024-02-08 08:00:00,0.013191000000000001
2024-02-08 09:00:00,0.011237
2024-02-08 10:00:00,0.009802
2024-02-08 11:00:00,0.008954999999999
2024-02-08 12:00:00,0.008401
2024-02-08 13:00:00,0.008552
2024-02-08 14:00:00,0.008331999999999002
2024-02-08 15:00:00,0.008400000000000001
2024-02-08 16:00:00,0.007681
2024-02-08 17:00:00,0.007720000000000001
2024-02-08 18:00:00,0.008400000000000001
2024-02-08 19:00:00,0.008150000000000001
2024-02-08 20:00:00,0.007757
2024-02-08 21:00:00,0.0075
2024-02-08 22:00:00,0.007081999999999999
2024-02-08 23:00:00,0.006164
2024-02-09 00:00:00,0.006036
2024-02-09 01:00:00,0.005216
2024-02-09 02:00:00,0.004715
2024-02-09 03:00:00,0.00421
2024-02-09 04:00:00,0.004129999999999
2024-02-09 05:00:00,0.004488000000000001
2024-02-09 06:00:00,0.00528799999999999
2024-02-09 07:00:00,0.0063699999999999885
2024-02-09 08:00:00,0.0067889999999999895
2024-02-09 09:00:00,0.006783000000000001
2024-02-09 10:00:00,0.006881999999999
2024-02-09 11:00:00,0.0067610000000000005
2024-02-09 12:00:00,0.006455
2024-02-09 13:00:00,0.0063699999999999885
2024-02-09 14:00:00,0.006868000000000001
2024-02-09 15:00:00,0.007545999999999
2024-02-09 16:00:00,0.008238
2024-02-09 17:00:00,0.009248999999999001
2024-02-09 18:00:00,0.009429
2024-02-09 19:00:00,0.008709999999998991
2024-02-09 20:00:00,0.008054
2024-02-09 21:00:00,0.007521999999999999
2024-02-09 22:00:00,0.007490999999998999
2024-02-09 23:00:00,0.0070940000000000005
2024-02-10 00:00:00,0.0063100000000000005
2024-02-10 01:00:00,0.0064080000000000005
2024-02-10 02:00:00,0.00644
2024-02-10 03:00:00,0.006439
2024-02-10 04:00:00,0.006441
2024-02-10 05:00:00,0.006581999999999
2024-02-10 06:00:00,0.007091
2024-02-10 07:00:00,0.007486
2024-02-10 08:00:00,0.00777
2024-02-10 09:00:00,0.008037999999999
2024-02-10 10:00:00,0.007539999999999
2024-02-10 11:00:00,0.007042
2024-02-10 12:00:00,0.006849999999999989
2024-02-10 13:00:00,0.006672000000000001
2024-02-10 14:00:00,0.006953
2024-02-10 15:00:00,0.007716999999999991
2024-02-10 16:00:00,0.008505
2024-02-10 17:00:00,0.00899
2024-02-10 18:00:00,0.01135999999999899
2024-02-10 19:00:00,0.0089
2024-02-10 20:00:00,0.007439999999999
2024-02-10 21:00:00,0.00699999999999999
2024-02-10 22:00:00,0.0077209999999989995
2024-02-10 23:00:00,0.006431999999998999
2024-02-11 00:00:00,0.00688
2024-02-11 01:00:00,0.0059299999999999995
2024-02-11 02:00:00,0.00526
2024-02-11 03:00:00,0.004683
2024-02-11 04:00:00,0.004650999999999
2024-02-11 05:00:00,0.004625
2024-02-11 06:00:00,0.00564
2024-02-11 07:00:00,0.0063030000000000004
2024-02-11 08:00:00,0.0070999999999999995
2024-02-11 09:00:00,0.006609999999999
2024-02-11 10:00:00,0.00684
2024-02-11 11:00:00,0.0065459999999990005
2024-02-11 12:00:00,0.006434
2024-02-11 13:00:00,0.006338000000000001
2024-02-11 14:00:00,0.00640599999999999
2024-02-11 15:00:00,0.006822
2024-02-11 16:00:00,0.007224
2024-02-11 17:00:00,0.007971999999998999
2024-02-11 18:00:00,0.011199999999999991
2024-02-11 19:00:00,0.00968
2024-02-11 20:00:00,0.007703000000000001
2024-02-11 21:00:00,0.00707199999999999
2024-02-11 22:00:00,0.00683899999999999
2024-02-11 23:00:00,0.006401
2024-02-12 00:00:00,0.0064349999999990005
2024-02-12 01:00:00,0.006164999999999
2024-02-12 02:00:00,0.006073
2024-02-12 03:00:00,0.00594699999999999
2024-02-12 04:00:00,0.005921
2024-02-12 05:00:00,0.006500000000000001
2024-02-12 06:00:00,0.0076
2024-02-12 07:00:00,0.008540999999998999
2024-02-12 08:00:00,0.010400000000000001
2024-02-12 09:00:00,0.00965
2024-02-12 10:00:00,0.008547
2024-02-12 11:00:00,0.007908999999999
2024-02-12 12:00:00,0.006741999999999999
2024-02-12 13:00:00,0.006386
2024-02-12 14:00:00,0.006412999999999
2024-02-12 15:00:00,0.006665
2024-02-12 16:00:00,0.007709999999999
2024-02-12 17:00:00,0.009068999999999001
2024-02-12 18:00:00,0.0096
2024-02-12 19:00:00,0.008907999999999
2024-02-12 20:00:00,0.007915
2024-02-12 21:00:00,0.007154000000000001
2024-02-12 22:00:00,0.006587
2024-02-12 23:00:00,0.00619
2024-02-13 00:00:00,0.0068590000000000005
2024-02-13 01:00:00,0.006537
2024-02-13 02:00:00,0.006340999999999
2024-02-13 03:00:00,0.0060490000000000006
2024-02-13 04:00:00,0.00600599999999999
2024-02-13 05:00:00,0.006358999999999999
2024-02-13 06:00:00,0.007070000000000001
2024-02-13 07:00:00,0.008231999999998999
2024-02-13 08:00:00,0.00891
2024-02-13 09:00:00,0.007512
2024-02-13 10:00:00,0.006920999999999
2024-02-13 11:00:00,0.0063869999999999994
2024-02-13 12:00:00,0.006053
2024-02-13 13:00:00,0.006026
2024-02-13 14:00:00,0.0063100000000000005
2024-02-13 15:00:00,0.007070000000000001
2024-02-13 16:00:00,0.007792000000000001
2024-02-13 17:00:00,0.009179
2024-02-13 18:00:00,0.00992
2024-02-13 19:00:00,0.009112999999999
2024-02-13 20:00:00,0.00782
2024-02-13 21:00:00,0.007218
2024-02-13 22:00:00,0.006853
2024-02-13 23:00:00,0.006478000000000001
2024-02-14 00:00:00,0.006063000000000001
2024-02-14 01:00:00,0.005933999999999999
2024-02-14 02:00:00,0.005575999999999999
2024-02-14 03:00:00,0.005479
2024-02-14 04:00:00,0.0055060000000000005
2024-02-14 05:00:00,0.005850000000000001
2024-02-14 06:00:00,0.006351999999999
2024-02-14 07:00:00,0.00729799999999999
2024-02-14 08:00:00,0.007988999999999991
2024-02-14 09:00:00,0.006964999999999991
2024-02-14 10:00:00,0.006386
2024-02-14 11:00:00,0.0063289999999999996
2024-02-14 12:00:00,0.006216
2024-02-14 13:00:00,0.006191
2024-02-14 14:00:00,0.006729000000000001
2024-02-14 15:00:00,0.007069
2024-02-14 16:00:00,0.007598999999999
2024-02-14 17:00:00,0.008164999999999
2024-02-14 18:00:00,0.008767
2024-02-14 19:00:00,0.008458
2024-02-14 20:00:00,0.007659999999998999
2024-02-14 21:00:00,0.0069709999999990006
2024-02-14 22:00:00,0.0068199999999990005
2024-02-14 23:00:00,0.00638
2024-02-15 00:00:00,0.00616699999999999
2024-02-15 01:00:00,0.006055
2024-02-15 02:00:00,0.005941
2024-02-15 03:00:00,0.0058330000000000005
2024-02-15 04:00:00,0.005962999999999
2024-02-15 05:00:00,0.006343
2024-02-15 06:00:00,0.007013999999999999
2024-02-15 07:00:00,0.007979999999999
2024-02-15 08:00:00,0.008205999999998999
2024-02-15 09:00:00,0.00778399999999999
2024-02-15 10:00:00,0.007351000000000001
2024-02-15 11:00:00,0.006851
2024-02-15 12:00:00,0.0064800000000000005
2024-02-15 13:00:00,0.006384999999999991
2024-02-15 14:00:00,0.006684
2024-02-15 15:00:00,0.007127
2024-02-15 16:00:00,0.007410999999999001
2024-02-15 17:00:00,0.008244
2024-02-15 18:00:00,0.00845399999999999
2024-02-15 19:00:00,0.007513
2024-02-15 20:00:00,0.006956
2024-02-15 21:00:00,0.006268
2024-02-15 22:00:00,0.006265999999999999
2024-02-15 23:00:00,0.005864
2024-02-16 00:00:00,0.005176
2024-02-16 01:00:00,0.00510799999999999
2024-02-16 02:00:00,0.004992
2024-02-16 03:00:00,0.004881
2024-02-16 04:00:00,0.005138
2024-02-16 05:00:00,0.005220000000000001
2024-02-16 06:00:00,0.00574999999999999
2024-02-16 07:00:00,0.006888
2024-02-16 08:00:00,0.007049999999999
2024-02-16 09:00:00,0.0068000000000000005
2024-02-16 10:00:00,0.0061200000000000004
2024-02-16 11:00:00,0.00688
2024-02-16 12:00:00,0.006500000000000001
2024-02-16 13:00:00,0.0061200000000000004
2024-02-16 14:00:00,0.006304000000000001
2024-02-16 15:00:00,0.006495999999999001
2024-02-16 16:00:00,0.00699999999999999
2024-02-16 17:00:00,0.007205999999999
2024-02-16 18:00:00,0.007973
2024-02-16 19:00:00,0.00807499999999999
2024-02-16 20:00:00,0.007453
2024-02-16 21:00:00,0.00699999999999999
2024-02-16 22:00:00,0.00699999999999999
2024-02-16 23:00:00,0.006569999999999
2024-02-17 00:00:00,0.006849999999999989
2024-02-17 01:00:00,0.0062640000000000005
2024-02-17 02:00:00,0.0068000000000000005
2024-02-17 03:00:00,0.00649
2024-02-17 04:00:00,0.006489000000000001
2024-02-17 05:00:00,0.0073279999999999994
2024-02-17 06:00:00,0.00606
2024-02-17 07:00:00,0.00687
2024-02-17 08:00:00,0.007529999999999
2024-02-17 09:00:00,0.008452
2024-02-17 10:00:00,0.0067
2024-02-17 11:00:00,0.006082999999999
2024-02-17 12:00:00,0.00582399999999999
2024-02-17 13:00:00,0.005525
2024-02-17 14:00:00,0.00591
2024-02-17 15:00:00,0.006706999999999
2024-02-17 16:00:00,0.00708
2024-02-17 17:00:00,0.008500999999998999
2024-02-17 18:00:00,0.010568
2024-02-17 19:00:00,0.008950999999999001
2024-02-17 20:00:00,0.008015000000000001
2024-02-17 21:00:00,0.007415999999999
2024-02-17 22:00:00,0.007205999999999
2024-02-17 23:00:00,0.0069110000000000005
2024-02-18 00:00:00,0.006213000000000001
2024-02-18 01:00:00,0.005481
2024-02-18 02:00:00,0.0051400000000000005
2024-02-18 03:00:00,0.00502199999999999
2024-02-18 04:00:00,0.005
2024-02-18 05:00:00,0.004847000000000001
2024-02-18 06:00:00,0.004601999999999
2024-02-18 07:00:00,0.004897
2024-02-18 08:00:00,0.004728
2024-02-18 09:00:00,0.004303
2024-02-18 10:00:00,0.004045
2024-02-18 11:00:00,0.0041
2024-02-18 12:00:00,0.005
2024-02-18 13:00:00,0.005017000000000001
2024-02-18 14:00:00,0.006459999999999
2024-02-18 15:00:00,0.006692999999999991
2024-02-18 16:00:00,0.006287
2024-02-18 17:00:00,0.007199999999999001
2024-02-18 18:00:00,0.00841
2024-02-18 19:00:00,0.007059
2024-02-18 20:00:00,0.006470999999999
2024-02-18 21:00:00,0.00598299999999999
2024-02-18 22:00:00,0.005732999999999999
2024-02-18 23:00:00,0.005393999999999
2024-02-19 00:00:00,0.0044
2024-02-19 01:00:00,0.00483199999999999
2024-02-19 02:00:00,0.004646
2024-02-19 03:00:00,0.004391
2024-02-19 04:00:00,0.004492
2024-02-19 05:00:00,0.005157
2024-02-19 06:00:00,0.006863
2024-02-19 07:00:00,0.007912
2024-02-19 08:00:00,0.008387
2024-02-19 09:00:00,0.0075060000000000005
2024-02-19 10:00:00,0.0070880000000000006
2024-02-19 11:00:00,0.006922000000000001
2024-02-19 12:00:00,0.006247
2024-02-19 13:00:00,0.005996999999999
2024-02-19 14:00:00,0.006418
2024-02-19 15:00:00,0.00668
2024-02-19 16:00:00,0.00698599999999999
2024-02-19 17:00:00,0.007614999999998991
2024-02-19 18:00:00,0.009989000000000001
2024-02-19 19:00:00,0.008001999999999999
2024-02-19 20:00:00,0.0071920000000000005
2024-02-19 21:00:00,0.006749
2024-02-19 22:00:00,0.006627
2024-02-19 23:00:00,0.005907
2024-02-20 00:00:00,0.005806
2024-02-20 01:00:00,0.005432
2024-02-20 02:00:00,0.005396
2024-02-20 03:00:00,0.00559999999999999
2024-02-20 04:00:00,0.0053
2024-02-20 05:00:00,0.005481
2024-02-20 06:00:00,0.007105
2024-02-20 07:00:00,0.008607
2024-02-20 08:00:00,0.008963
2024-02-20 09:00:00,0.007876999999999
2024-02-20 10:00:00,0.006985
2024-02-20 11:00:00,0.00609199999999999
2024-02-20 12:00:00,0.005351999999999999
2024-02-20 13:00:00,0.005151
2024-02-20 14:00:00,0.005185999999999
2024-02-20 15:00:00,0.00558899999999999
2024-02-20 16:00:00,0.0062279999999999905
2024-02-20 17:00:00,0.006898
2024-02-20 18:00:00,0.00708599999999999
2024-02-20 19:00:00,0.007075999999999991
2024-02-20 20:00:00,0.006776
2024-02-20 21:00:00,0.00569999999999999
2024-02-20 22:00:00,0.004843999999999
2024-02-20 23:00:00,0.00496099999999999
2024-02-21 00:00:00,0.0048579999999999995
2024-02-21 01:00:00,0.004690999999999
2024-02-21 02:00:00,0.004686
2024-02-21 03:00:00,0.0044800000000000005
2024-02-21 04:00:00,0.004543
2024-02-21 05:00:00,0.005006
2024-02-21 06:00:00,0.006501000000000001
2024-02-21 07:00:00,0.007969999999999
2024-02-21 08:00:00,0.008404999999999
2024-02-21 09:00:00,0.006964999999999991
2024-02-21 10:00:00,0.006409999999999
2024-02-21 11:00:00,0.006039
2024-02-21 12:00:00,0.00530099999999899
2024-02-21 13:00:00,0.0051210000000000006
2024-02-21 14:00:00,0.00537599999999899
2024-02-21 15:00:00,0.006470999999999
2024-02-21 16:00:00,0.006709999999999
2024-02-21 17:00:00,0.006831
2024-02-21 18:00:00,0.0068379999999999995
2024-02-21 19:00:00,0.0061600000000000005
2024-02-21 20:00:00,0.005252
2024-02-21 21:00:00,0.004631
2024-02-21 22:00:00,0.00420399999999999
2024-02-21 23:00:00,0.003557
2024-02-22 00:00:00,0.0030870000000000003
2024-02-22 01:00:00,0.002742
2024-02-22 02:00:00,0.00275
2024-02-22 03:00:00,0.002944
2024-02-22 04:00:00,0.0035510000000000003
2024-02-22 05:00:00,0.004672
2024-02-22 06:00:00,0.006426
2024-02-22 07:00:00,0.0075
2024-02-22 08:00:00,0.008190999999999001
2024-02-22 09:00:00,0.007399999999999
2024-02-22 10:00:00,0.0069440000000000005
2024-02-22 11:00:00,0.006745999999999
2024-02-22 12:00:00,0.006690000000000001
2024-02-22 13:00:00,0.006669
2024-02-22 14:00:00,0.0063490000000000005
2024-02-22 15:00:00,0.0063100000000000005
2024-02-22 16:00:00,0.006093
2024-02-22 17:00:00,0.0061759999999989905
2024-02-22 18:00:00,0.005994999999999991
2024-02-22 19:00:00,0.006039999999998991
2024-02-22 20:00:00,0.004792
2024-02-22 21:00:00,0.004381
2024-02-22 22:00:00,0.0034900000000000005
2024-02-22 23:00:00,0.00200999999999899
2024-02-23 00:00:00,0.0009280000000000001
2024-02-23 01:00:00,0.00015
2024-02-23 02:00:00,0.00011899999999998
2024-02-23 03:00:00,1e-05
2024-02-23 04:00:00,4e-05
2024-02-23 05:00:00,0.00011299999999999
2024-02-23 06:00:00,0.003996
2024-02-23 07:00:00,0.005795999999999999
2024-02-23 08:00:00,0.00608
2024-02-23 09:00:00,0.005354
2024-02-23 10:00:00,0.00471
2024-02-23 11:00:00,0.00420399999999999
2024-02-23 12:00:00,0.003727
2024-02-23 13:00:00,0.00329
2024-02-23 14:00:00,0.0038
2024-02-23 15:00:00,0.0049640000000000005
2024-02-23 16:00:00,0.006321000000000001
2024-02-23 17:00:00,0.007370000000000001
2024-02-23 18:00:00,0.008644
2024-02-23 19:00:00,0.008401
2024-02-23 20:00:00,0.007297
2024-02-23 21:00:00,0.006926000000000001
2024-02-23 22:00:00,0.006798
2024-02-23 23:00:00,0.006509999999999
2024-02-24 00:00:00,0.006647
2024-02-24 01:00:00,0.00639
2024-02-24 02:00:00,0.005949999999999
2024-02-24 03:00:00,0.00552
2024-02-24 04:00:00,0.00553899999999999
2024-02-24 05:00:00,0.00571
2024-02-24 06:00:00,0.00616699999999999
2024-02-24 07:00:00,0.0066110000000000006
2024-02-24 08:00:00,0.00644
2024-02-24 09:00:00,0.0057599999999999995
2024-02-24 10:00:00,0.004919
2024-02-24 11:00:00,0.004581000000000001
2024-02-24 12:00:00,0.004032
2024-02-24 13:00:00,0.003222
2024-02-24 14:00:00,0.0037599999999999895
2024-02-24 15:00:00,0.0045000000000000005
2024-02-24 16:00:00,0.005596
2024-02-24 17:00:00,0.007295999999999
2024-02-24 18:00:00,0.008195000000000001
2024-02-24 19:00:00,0.007413
2024-02-24 20:00:00,0.00651699999999999
2024-02-24 21:00:00,0.005994
2024-02-24 22:00:00,0.006402
2024-02-24 23:00:00,0.006351
2024-02-25 00:00:00,0.005657000000000001
2024-02-25 01:00:00,0.005543999999999
2024-02-25 02:00:00,0.005543999999999
2024-02-25 03:00:00,0.005495
2024-02-25 04:00:00,0.005525
2024-02-25 05:00:00,0.005507
2024-02-25 06:00:00,0.005860000000000001
2024-02-25 07:00:00,0.005992
2024-02-25 08:00:00,0.0075
2024-02-25 09:00:00,0.00715
2024-02-25 10:00:00,0.005668
2024-02-25 11:00:00,0.005464
2024-02-25 12:00:00,0.005
2024-02-25 13:00:00,0.0046029999999999995
2024-02-25 14:00:00,0.00498399999999999
2024-02-25 15:00:00,0.0055
2024-02-25 16:00:00,0.00689
2024-02-25 17:00:00,0.008569
2024-02-25 18:00:00,0.009387999999999
2024-02-25 19:00:00,0.0079
2024-02-25 20:00:00,0.0069960000000000005
2024-02-25 21:00:00,0.006581999999999
2024-02-25 22:00:00,0.006523
2024-02-25 23:00:00,0.005838
2024-02-26 00:00:00,0.005783000000000001
2024-02-26 01:00:00,0.005682
2024-02-26 02:00:00,0.005567
2024-02-26 03:00:00,0.00518
2024-02-26 04:00:00,0.005324
2024-02-26 05:00:00,0.005792
2024-02-26 06:00:00,0.006844
2024-02-26 07:00:00,0.007954
2024-02-26 08:00:00,0.008159999999999
2024-02-26 09:00:00,0.007382999999999
2024-02-26 10:00:00,0.006665
2024-02-26 11:00:00,0.006502999999999
2024-02-26 12:00:00,0.005842
2024-02-26 13:00:00,0.005819
2024-02-26 14:00:00,0.006129
2024-02-26 15:00:00,0.006494999999999
2024-02-26 16:00:00,0.006992
2024-02-26 17:00:00,0.0077
2024-02-26 18:00:00,0.008532
2024-02-26 19:00:00,0.008099999999999991
2024-02-26 20:00:00,0.007221
2024-02-26 21:00:00,0.006569
2024-02-26 22:00:00,0.006520999999999
2024-02-26 23:00:00,0.00607599999999899
2024-02-27 00:00:00,0.005762
2024-02-27 01:00:00,0.005755
2024-02-27 02:00:00,0.005735
2024-02-27 03:00:00,0.005686999999999999
2024-02-27 04:00:00,0.005735
2024-02-27 05:00:00,0.006275
2024-02-27 06:00:00,0.007332
2024-02-27 07:00:00,0.009287000000000002
2024-02-27 08:00:00,0.009522000000000001
2024-02-27 09:00:00,0.00808099999999999
2024-02-27 10:00:00,0.006871
2024-02-27 11:00:00,0.0060999999999999995
2024-02-27 12:00:00,0.005549
2024-02-27 13:00:00,0.005558
2024-02-27 14:00:00,0.00559999999999999
2024-02-27 15:00:00,0.0059900000000000005
2024-02-27 16:00:00,0.0066500000000000005
2024-02-27 17:00:00,0.009395
2024-02-27 18:00:00,0.011018000000000002
2024-02-27 19:00:00,0.010517
2024-02-27 20:00:00,0.008435999999999
2024-02-27 21:00:00,0.007249999999999
2024-02-27 22:00:00,0.007030000000000001
2024-02-27 23:00:00,0.006497
2024-02-28 00:00:00,0.006036
2024-02-28 01:00:00,0.005940000000000001
2024-02-28 02:00:00,0.006133999999999991
2024-02-28 03:00:00,0.006346
2024-02-28 04:00:00,0.006374
2024-02-28 05:00:00,0.006745999999999
2024-02-28 06:00:00,0.0074079999999990005
2024-02-28 07:00:00,0.009706999999999001
2024-02-28 08:00:00,0.010449
2024-02-28 09:00:00,0.008545999999999
2024-02-28 10:00:00,0.007399
2024-02-28 11:00:00,0.006755
2024-02-28 12:00:00,0.0063100000000000005
2024-02-28 13:00:00,0.00579
2024-02-28 14:00:00,0.005850000000000001
2024-02-28 15:00:00,0.006
2024-02-28 16:00:00,0.007245999999999001
2024-02-28 17:00:00,0.00699999999999999
2024-02-28 18:00:00,0.008979999999999001
2024-02-28 19:00:00,0.007818
2024-02-28 20:00:00,0.006555
2024-02-28 21:00:00,0.006268999999999999
2024-02-28 22:00:00,0.0064080000000000005
2024-02-28 23:00:00,0.00552
2024-02-29 00:00:00,0.005482
2024-02-29 01:00:00,0.005301999999999999
2024-02-29 02:00:00,0.004971000000000001
2024-02-29 03:00:00,0.00466199999999899
2024-02-29 04:00:00,0.004375
2024-02-29 05:00:00,0.0048
2024-02-29 06:00:00,0.006136999999999001
2024-02-29 07:00:00,0.007335
2024-02-29 08:00:00,0.007385
2024-02-29 09:00:00,0.007039
2024-02-29 10:00:00,0.0065650000000000005
2024-02-29 11:00:00,0.006645999999999
2024-02-29 12:00:00,0.006
2024-02-29 13:00:00,0.005777
2024-02-29 14:00:00,0.006368
2024-02-29 15:00:00,0.00652
2024-02-29 16:00:00,0.00716199999999999
2024-02-29 17:00:00,0.008
2024-02-29 18:00:00,0.008626000000000002
2024-02-29 19:00:00,0.008098999999999001
2024-02-29 20:00:00,0.0072770000000000005
2024-02-29 21:00:00,0.006725000000000001
2024-02-29 22:00:00,0.00649
2024-02-29 23:00:00,0.006089999999999
2024-03-01 00:00:00,0.0062039999999999994
2024-03-01 01:00:00,0.0061419999999999895
2024-03-01 02:00:00,0.005814000000000001
2024-03-01 03:00:00,0.005783000000000001
2024-03-01 04:00:00,0.00583
2024-03-01 05:00:00,0.006249
2024-03-01 06:00:00,0.007158
2024-03-01 07:00:00,0.007936
2024-03-01 08:00:00,0.008602
2024-03-01 09:00:00,0.007804
2024-03-01 10:00:00,0.006651
2024-03-01 11:00:00,0.006453
2024-03-01 12:00:00,0.00475499999999899
2024-03-01 13:00:00,0.005
2024-03-01 14:00:00,0.00631999999999999
2024-03-01 15:00:00,0.007117
2024-03-01 16:00:00,0.007828
2024-03-01 17:00:00,0.00894
2024-03-01 18:00:00,0.009373
2024-03-01 19:00:00,0.008719000000000001
2024-03-01 20:00:00,0.007748999999999
2024-03-01 21:00:00,0.00716199999999999
2024-03-01 22:00:00,0.007005999999999
2024-03-01 23:00:00,0.006639000000000001
2024-03-02 00:00:00,0.005994999999999991
2024-03-02 01:00:00,0.005603
2024-03-02 02:00:00,0.0056019999999999915
2024-03-02 03:00:00,0.00554799999999899
2024-03-02 04:00:00,0.005488000000000001
2024-03-02 05:00:00,0.005599000000000001
2024-03-02 06:00:00,0.005658000000000001
2024-03-02 07:00:00,0.00606699999999999
2024-03-02 08:00:00,0.006376000000000001
2024-03-02 09:00:00,0.006575
2024-03-02 10:00:00,0.00604399999999999
2024-03-02 11:00:00,0.00537999999999999
2024-03-02 12:00:00,0.005307
2024-03-02 13:00:00,0.005489999999999999
2024-03-02 14:00:00,0.005986
2024-03-02 15:00:00,0.006608
2024-03-02 16:00:00,0.0073
2024-03-02 17:00:00,0.008117000000000001
2024-03-02 18:00:00,0.009359999999999
2024-03-02 19:00:00,0.00899
2024-03-02 20:00:00,0.00769799999999999
2024-03-02 21:00:00,0.006981
2024-03-02 22:00:00,0.006989999999999991
2024-03-02 23:00:00,0.0068199999999990005
2024-03-03 00:00:00,0.00601
2024-03-03 01:00:00,0.006920999999999
2024-03-03 02:00:00,0.006702999999999989
2024-03-03 03:00:00,0.005790999999998999
2024-03-03 04:00:00,0.00554799999999899
2024-03-03 05:00:00,0.005888
2024-03-03 06:00:00,0.0065390000000000005
2024-03-03 07:00:00,0.006980000000000001
2024-03-03 08:00:00,0.007151000000000001
2024-03-03 09:00:00,0.007249
2024-03-03 10:00:00,0.006314
2024-03-03 11:00:00,0.005
2024-03-03 12:00:00,0.004751
2024-03-03 13:00:00,0.0042510000000000004
2024-03-03 14:00:00,0.004684000000000001
2024-03-03 15:00:00,0.0058070000000000005
2024-03-03 16:00:00,0.006028
2024-03-03 17:00:00,0.007771999999999999
2024-03-03 18:00:00,0.008799999999999001
2024-03-03 19:00:00,0.008696
2024-03-03 20:00:00,0.00818
2024-03-03 21:00:00,0.0075
2024-03-03 22:00:00,0.007218
2024-03-03 23:00:00,0.007242
2024-03-04 00:00:00,0.006913
2024-03-04 01:00:00,0.00679
2024-03-04 02:00:00,0.006740999999999
2024-03-04 03:00:00,0.006622
2024-03-04 04:00:00,0.006559
2024-03-04 05:00:00,0.007083000000000001
2024-03-04 06:00:00,0.008118
2024-03-04 07:00:00,0.009667
2024-03-04 08:00:00,0.010296999999999001
2024-03-04 09:00:00,0.008502000000000001
2024-03-04 10:00:00,0.007123
2024-03-04 11:00:00,0.00631999999999999
2024-03-04 12:00:00,0.00633
2024-03-04 13:00:00,0.006104
2024-03-04 14:00:00,0.00625
2024-03-04 15:00:00,0.00698599999999999
2024-03-04 16:00:00,0.007670000000000001
2024-03-04 17:00:00,0.009347
2024-03-04 18:00:00,0.010518000000000001
2024-03-04 19:00:00,0.009913
2024-03-04 20:00:00,0.008052
2024-03-04 21:00:00,0.0071389999999999995
2024-03-04 22:00:00,0.006749
2024-03-04 23:00:00,0.006393
2024-03-05 00:00:00,0.006196
2024-03-05 01:00:00,0.00616699999999999
2024-03-05 02:00:00,0.006132999999999
2024-03-05 03:00:00,0.005986
2024-03-05 04:00:00,0.00605599999999999
2024-03-05 05:00:00,0.00616699999999999
2024-03-05 06:00:00,0.007153
2024-03-05 07:00:00,0.007928
2024-03-05 08:00:00,0.008302
2024-03-05 09:00:00,0.0077
2024-03-05 10:00:00,0.007115000000000001
2024-03-05 11:00:00,0.006972000000000001
2024-03-05 12:00:00,0.006599
2024-03-05 13:00:00,0.006581000000000001
2024-03-05 14:00:00,0.006959999999999001
2024-03-05 15:00:00,0.007062000000000001
2024-03-05 16:00:00,0.0076299999999989996
2024-03-05 17:00:00,0.008185999999999
2024-03-05 18:00:00,0.01043799999999999
2024-03-05 19:00:00,0.009659999999999001
2024-03-05 20:00:00,0.007842
2024-03-05 21:00:00,0.0073069999999989905
2024-03-05 22:00:00,0.006600000000000001
2024-03-05 23:00:00,0.00699999999999999
2024-03-06 00:00:00,0.0070999999999999995
2024-03-06 01:00:00,0.007070000000000001
2024-03-06 02:00:00,0.007045999999999
2024-03-06 03:00:00,0.006973999999999999
2024-03-06 04:00:00,0.007045999999999
2024-03-06 05:00:00,0.007391
2024-03-06 06:00:00,0.008398
2024-03-06 07:00:00,0.010663999999999991
2024-03-06 08:00:00,0.01087
2024-03-06 09:00:00,0.008720999999999
2024-03-06 10:00:00,0.007568999999999
2024-03-06 11:00:00,0.00718299999999999
2024-03-06 12:00:00,0.006934
2024-03-06 13:00:00,0.006929
2024-03-06 14:00:00,0.007063999999999
2024-03-06 15:00:00,0.007228
2024-03-06 16:00:00,0.007979999999999
2024-03-06 17:00:00,0.009611000000000001
2024-03-06 18:00:00,0.011902
2024-03-06 19:00:00,0.011925000000000002
2024-03-06 20:00:00,0.00934
2024-03-06 21:00:00,0.008015000000000001
2024-03-06 22:00:00,0.007797999999999999
2024-03-06 23:00:00,0.007433999999999991
2024-03-07 00:00:00,0.007332999999999
2024-03-07 01:00:00,0.007232
2024-03-07 02:00:00,0.007034
2024-03-07 03:00:00,0.006871
2024-03-07 04:00:00,0.00698899999999899
2024-03-07 05:00:00,0.007313
2024-03-07 06:00:00,0.008427
2024-03-07 07:00:00,0.01031999999999999
2024-03-07 08:00:00,0.00967
2024-03-07 09:00:00,0.007908999999999
2024-03-07 10:00:00,0.007131
2024-03-07 11:00:00,0.006615999999998989
2024-03-07 12:00:00,0.0060620000000000005
2024-03-07 13:00:00,0.0060160000000000005
2024-03-07 14:00:00,0.00633
2024-03-07 15:00:00,0.006609999999999
2024-03-07 16:00:00,0.007066
2024-03-07 17:00:00,0.009011
2024-03-07 18:00:00,0.010740999999999
2024-03-07 19:00:00,0.00904299999999899
2024-03-07 20:00:00,0.008339000000000001
2024-03-07 21:00:00,0.0073160000000000005
2024-03-07 22:00:00,0.007324999999999
2024-03-07 23:00:00,0.0067610000000000005
2024-03-08 00:00:00,0.006837
2024-03-08 01:00:00,0.006695999999999
2024-03-08 02:00:00,0.006700999999999
2024-03-08 03:00:00,0.006599
2024-03-08 04:00:00,0.006598
2024-03-08 05:00:00,0.006692999999999991
2024-03-08 06:00:00,0.008150000000000001
2024-03-08 07:00:00,0.009498999999999001
2024-03-08 08:00:00,0.008889
2024-03-08 09:00:00,0.007436
2024-03-08 10:00:00,0.005489999999999999
2024-03-08 11:00:00,0.0
2024-03-08 12:00:00,-0.002
2024-03-08 13:00:00,-0.0025
2024-03-08 14:00:00,-0.001797
2024-03-08 15:00:00,0.003
2024-03-08 16:00:00,0.005538
2024-03-08 17:00:00,0.007194000000000001
2024-03-08 18:00:00,0.008375
2024-03-08 19:00:00,0.008
2024-03-08 20:00:00,0.007117999999999999
2024-03-08 21:00:00,0.00649
2024-03-08 22:00:00,0.006479
2024-03-08 23:00:00,0.005962
2024-03-09 00:00:00,0.0056139999999999905
2024-03-09 01:00:00,0.00545299999999999
2024-03-09 02:00:00,0.0053300000000000005
2024-03-09 03:00:00,0.005215
2024-03-09 04:00:00,0.0048
2024-03-09 05:00:00,0.004720999999999989
2024-03-09 06:00:00,0.005
2024-03-09 07:00:00,0.00530599999999999
2024-03-09 08:00:00,0.00530599999999999
2024-03-09 09:00:00,0.004811999999998999
2024-03-09 10:00:00,0.0025
2024-03-09 11:00:00,-0.0029500000000000004
2024-03-09 12:00:00,-0.003
2024-03-09 13:00:00,-0.003979
2024-03-09 14:00:00,-0.001957
2024-03-09 15:00:00,0.0028320000000000003
2024-03-09 16:00:00,0.0052640000000000004
2024-03-09 17:00:00,0.006955
2024-03-09 18:00:00,0.007808
2024-03-09 19:00:00,0.006869
2024-03-09 20:00:00,0.0063820000000000005
2024-03-09 21:00:00,0.006046999999998999
2024-03-09 22:00:00,0.0059169999999999995
2024-03-09 23:00:00,0.0054369999999989895
2024-03-10 00:00:00,0.004865
2024-03-10 01:00:00,0.004606
2024-03-10 02:00:00,0.004097999999999
2024-03-10 03:00:00,0.0035550000000000004
2024-03-10 04:00:00,0.0032390000000000006
2024-03-10 05:00:00,0.00322799999999999
2024-03-10 06:00:00,0.0033909999999989994
2024-03-10 07:00:00,0.003949
2024-03-10 08:00:00,0.0034820000000000003
2024-03-10 09:00:00,0.00275499999999999
2024-03-10 10:00:00,3.999999999999901e-06
2024-03-10 11:00:00,-0.0010029999999990001
2024-03-10 12:00:00,-0.0027300000000000002
2024-03-10 13:00:00,-0.0027300000000000002
2024-03-10 14:00:00,-0.001001
2024-03-10 15:00:00,0.001238
2024-03-10 16:00:00,0.005
2024-03-10 17:00:00,0.006992
2024-03-10 18:00:00,0.008430999999999002
2024-03-10 19:00:00,0.007221999999999
2024-03-10 20:00:00,0.0070880000000000006
2024-03-10 21:00:00,0.007290000000000001
2024-03-10 22:00:00,0.007332
2024-03-10 23:00:00,0.007199999999999001
2024-03-11 00:00:00,0.00652
2024-03-11 01:00:00,0.006600000000000001
2024-03-11 02:00:00,0.006886000000000001
2024-03-11 03:00:00,0.006500000000000001
2024-03-11 04:00:00,0.00601
2024-03-11 05:00:00,0.005825
2024-03-11 06:00:00,0.007664
2024-03-11 07:00:00,0.008261000000000001
2024-03-11 08:00:00,0.008555999999999
2024-03-11 09:00:00,0.008649999999999
2024-03-11 10:00:00,0.008218999999999999
2024-03-11 11:00:00,0.007490999999998999
2024-03-11 12:00:00,0.007399999999999
2024-03-11 13:00:00,0.0068590000000000005
2024-03-11 14:00:00,0.0067
2024-03-11 15:00:00,0.00735
2024-03-11 16:00:00,0.007918
2024-03-11 17:00:00,0.008990999999999
2024-03-11 18:00:00,0.01
2024-03-11 19:00:00,0.0108
2024-03-11 20:00:00,0.00838
2024-03-11 21:00:00,0.007670000000000001
2024-03-11 22:00:00,0.007503
2024-03-11 23:00:00,0.006708
2024-03-12 00:00:00,0.006919000000000001
2024-03-12 01:00:00,0.006555999999999
2024-03-12 02:00:00,0.006651
2024-03-12 03:00:00,0.00652
2024-03-12 04:00:00,0.006595999999999
2024-03-12 05:00:00,0.007090000000000001
2024-03-12 06:00:00,0.0074799999999990005
2024-03-12 07:00:00,0.009278000000000002
2024-03-12 08:00:00,0.010060000000000001
2024-03-12 09:00:00,0.009372
2024-03-12 10:00:00,0.008450000000000001
2024-03-12 11:00:00,0.007806999999999
2024-03-12 12:00:00,0.0074799999999990005
2024-03-12 13:00:00,0.007005999999999
2024-03-12 14:00:00,0.0068000000000000005
2024-03-12 15:00:00,0.00652
2024-03-12 16:00:00,0.007292999999999999
2024-03-12 17:00:00,0.007786999999999999
2024-03-12 18:00:00,0.008400000000000001
2024-03-12 19:00:00,0.010346000000000001
2024-03-12 20:00:00,0.008156999999999
2024-03-12 21:00:00,0.007399999999999
2024-03-12 22:00:00,0.007196999999999
2024-03-12 23:00:00,0.006853
2024-03-13 00:00:00,0.006216
2024-03-13 01:00:00,0.005973
2024-03-13 02:00:00,0.005855000000000001
2024-03-13 03:00:00,0.005804
2024-03-13 04:00:00,0.005987
2024-03-13 05:00:00,0.006229999999999
2024-03-13 06:00:00,0.007495999999999001
2024-03-13 07:00:00,0.00854
2024-03-13 08:00:00,0.008979999999999001
2024-03-13 09:00:00,0.007684999999998999
2024-03-13 10:00:00,0.006738000000000001
2024-03-13 11:00:00,0.00631999999999999
2024-03-13 12:00:00,0.006188
2024-03-13 13:00:00,0.005959
2024-03-13 14:00:00,0.005882
2024-03-13 15:00:00,0.00631999999999999
2024-03-13 16:00:00,0.0068379999999999995
2024-03-13 17:00:00,0.007739999999999
2024-03-13 18:00:00,0.007979999999999
2024-03-13 19:00:00,0.008144
2024-03-13 20:00:00,0.00664
2024-03-13 21:00:00,0.006651999999999999
2024-03-13 22:00:00,0.006813999999999989
2024-03-13 23:00:00,0.006388000000000001
2024-03-14 00:00:00,0.0063289999999999996
2024-03-14 01:00:00,0.005689999999999991
2024-03-14 02:00:00,0.005752
2024-03-14 03:00:00,0.00569999999999999
2024-03-14 04:00:00,0.005465
2024-03-14 05:00:00,0.0060019999999999995
2024-03-14 06:00:00,0.007142000000000001
2024-03-14 07:00:00,0.008699999999999002
2024-03-14 08:00:00,0.008199
2024-03-14 09:00:00,0.0065709999999989995
2024-03-14 10:00:00,0.005432
2024-03-14 11:00:00,0.00426
2024-03-14 12:00:00,0.002098999999999
2024-03-14 13:00:00,0.003
2024-03-14 14:00:00,0.004659
2024-03-14 15:00:00,0.005482
2024-03-14 16:00:00,0.006599
2024-03-14 17:00:00,0.008564
2024-03-14 18:00:00,0.01023499999999899
2024-03-14 19:00:00,0.008992000000000002
2024-03-14 20:00:00,0.0073620000000000005
2024-03-14 21:00:00,0.006296
2024-03-14 22:00:00,0.005953000000000001
2024-03-14 23:00:00,0.005090999999999999
2024-03-15 00:00:00,0.004789000000000001
2024-03-15 01:00:00,0.004547
2024-03-15 02:00:00,0.004446999999999
2024-03-15 03:00:00,0.004233
2024-03-15 04:00:00,0.004222000000000001
2024-03-15 05:00:00,0.004152
2024-03-15 06:00:00,0.0058489999999999905
2024-03-15 07:00:00,0.006647
2024-03-15 08:00:00,0.006741999999999999
2024-03-15 09:00:00,0.00537999999999999
2024-03-15 10:00:00,0.00460999999999999
2024-03-15 11:00:00,0.0038900000000000002
2024-03-15 12:00:00,0.0037120000000000005
2024-03-15 13:00:00,0.0035139999999999998
2024-03-15 14:00:00,0.004142000000000001
2024-03-15 15:00:00,0.004535
2024-03-15 16:00:00,0.006039999999998991
2024-03-15 17:00:00,0.0070669999999999995
2024-03-15 18:00:00,0.007310999999999
2024-03-15 19:00:00,0.008799
2024-03-15 20:00:00,0.00638099999999999
2024-03-15 21:00:00,0.005500999999999
2024-03-15 22:00:00,0.005599000000000001
2024-03-15 23:00:00,0.004934999999999999
2024-03-16 00:00:00,0.004366
2024-03-16 01:00:00,0.00420399999999999
2024-03-16 02:00:00,0.00407099999999999
2024-03-16 03:00:00,0.0038900000000000002
2024-03-16 04:00:00,0.003863
2024-03-16 05:00:00,0.004
2024-03-16 06:00:00,0.00476
2024-03-16 07:00:00,0.0060219999999989995
2024-03-16 08:00:00,0.005529999999999
2024-03-16 09:00:00,0.004700999999999
2024-03-16 10:00:00,0.004488000000000001
2024-03-16 11:00:00,0.004163
2024-03-16 12:00:00,0.003678
2024-03-16 13:00:00,0.00210199999999999
2024-03-16 14:00:00,0.001226
2024-03-16 15:00:00,0.003138
2024-03-16 16:00:00,0.00541
2024-03-16 17:00:00,0.00809
2024-03-16 18:00:00,0.009699999999999
2024-03-16 19:00:00,0.010909999999999
2024-03-16 20:00:00,0.0094
2024-03-16 21:00:00,0.007468
2024-03-16 22:00:00,0.0074799999999990005
2024-03-16 23:00:00,0.006709999999999
2024-03-17 00:00:00,0.006498999999999
2024-03-17 01:00:00,0.006089999999999
2024-03-17 02:00:00,0.005583
2024-03-17 03:00:00,0.005747
2024-03-17 04:00:00,0.005815999999999
2024-03-17 05:00:00,0.0059900000000000005
2024-03-17 06:00:00,0.00601
2024-03-17 07:00:00,0.00566
2024-03-17 08:00:00,0.005
2024-03-17 09:00:00,0.004772
2024-03-17 10:00:00,0.004660999999999999
2024-03-17 11:00:00,0.004683
2024-03-17 12:00:00,0.004215
2024-03-17 13:00:00,0.0041
2024-03-17 14:00:00,0.004989
2024-03-17 15:00:00,0.0058200000000000005
2024-03-17 16:00:00,0.006598
2024-03-17 17:00:00,0.008279999999998991
2024-03-17 18:00:00,0.00872
2024-03-17 19:00:00,0.008694
2024-03-17 20:00:00,0.007789
2024-03-17 21:00:00,0.007232999999999
2024-03-17 22:00:00,0.00721
2024-03-17 23:00:00,0.006590999999998988
2024-03-18 00:00:00,0.006412
2024-03-18 01:00:00,0.005714
2024-03-18 02:00:00,0.005831
2024-03-18 03:00:00,0.005746
2024-03-18 04:00:00,0.006077
2024-03-18 05:00:00,0.006368
2024-03-18 06:00:00,0.007928
2024-03-18 07:00:00,0.009765000000000001
2024-03-18 08:00:00,0.009445
2024-03-18 09:00:00,0.008279999999998991
2024-03-18 10:00:00,0.007282999999999
2024-03-18 11:00:00,0.006664000000000001
2024-03-18 12:00:00,0.0066500000000000005
2024-03-18 13:00:00,0.006367000000000001
2024-03-18 14:00:00,0.006019999999999999
2024-03-18 15:00:00,0.006500000000000001
2024-03-18 16:00:00,0.00704
2024-03-18 17:00:00,0.009233
2024-03-18 18:00:00,0.012919999999999
2024-03-18 19:00:00,0.012622999999999999
2024-03-18 20:00:00,0.01030399999999999
2024-03-18 21:00:00,0.007973999999999001
2024-03-18 22:00:00,0.0077599999999989995
2024-03-18 23:00:00,0.007352000000000001
2024-03-19 00:00:00,0.007148000000000001
2024-03-19 01:00:00,0.006989999999999991
2024-03-19 02:00:00,0.00687499999999999
2024-03-19 03:00:00,0.006745999999999
2024-03-19 04:00:00,0.00667
2024-03-19 05:00:00,0.006755
2024-03-19 06:00:00,0.008480000000000001
2024-03-19 07:00:00,0.010853
2024-03-19 08:00:00,0.009587
2024-03-19 09:00:00,0.007205999999999
2024-03-19 10:00:00,0.006409999999999
2024-03-19 11:00:00,0.005685
2024-03-19 12:00:00,0.005273
2024-03-19 13:00:00,0.0051660000000000005
2024-03-19 14:00:00,0.005354
2024-03-19 15:00:00,0.006229999999999
2024-03-19 16:00:00,0.006484999999999
2024-03-19 17:00:00,0.00907
2024-03-19 18:00:00,0.010874999999999989
2024-03-19 19:00:00,0.012896000000000001
2024-03-19 20:00:00,0.011
2024-03-19 21:00:00,0.008904
2024-03-19 22:00:00,0.008173
2024-03-19 23:00:00,0.0076100000000000004
2024-03-20 00:00:00,0.007600999999999
2024-03-20 01:00:00,0.007245000000000001
2024-03-20 02:00:00,0.007195
2024-03-20 03:00:00,0.007030000000000001
2024-03-20 04:00:00,0.007152
2024-03-20 05:00:00,0.007709999999999
2024-03-20 06:00:00,0.01070999999999999
2024-03-20 07:00:00,0.011268999999999989
2024-03-20 08:00:00,0.009932999999999992
2024-03-20 09:00:00,0.007141
2024-03-20 10:00:00,0.006600000000000001
2024-03-20 11:00:00,0.006410999999999001
2024-03-20 12:00:00,0.006410999999999001
2024-03-20 13:00:00,0.006776999999999999
2024-03-20 14:00:00,0.006500000000000001
2024-03-20 15:00:00,0.00719
2024-03-20 16:00:00,0.00849999999999999
2024-03-20 17:00:00,0.0116
2024-03-20 18:00:00,0.01637199999999899
2024-03-20 19:00:00,0.015493000000000002
2024-03-20 20:00:00,0.012262999999999
2024-03-20 21:00:00,0.01048799999999999
2024-03-20 22:00:00,0.009300000000000001
2024-03-20 23:00:00,0.007998
2024-03-21 00:00:00,0.007454999999999
2024-03-21 01:00:00,0.007370000000000001
2024-03-21 02:00:00,0.00699999999999999
2024-03-21 03:00:00,0.006656999999999
2024-03-21 04:00:00,0.006253
2024-03-21 05:00:00,0.006468
2024-03-21 06:00:00,0.008099999999999991
2024-03-21 07:00:00,0.00959
2024-03-21 08:00:00,0.01046
2024-03-21 09:00:00,0.008119
2024-03-21 10:00:00,0.007470000000000001
2024-03-21 11:00:00,0.006802999999999999
2024-03-21 12:00:00,0.006584999999999
2024-03-21 13:00:00,0.00587399999999999
2024-03-21 14:00:00,0.00644
2024-03-21 15:00:00,0.005908
2024-03-21 16:00:00,0.006891
2024-03-21 17:00:00,0.009196999999999999
2024-03-21 18:00:00,0.01210099999999999
2024-03-21 19:00:00,0.012068999999999
2024-03-21 20:00:00,0.009308
2024-03-21 21:00:00,0.007626999999999
2024-03-21 22:00:00,0.007245000000000001
2024-03-21 23:00:00,0.006490999999999
2024-03-22 00:00:00,0.005239
2024-03-22 01:00:00,0.004896
2024-03-22 02:00:00,0.0046299999999989995
2024-03-22 03:00:00,0.004606
2024-03-22 04:00:00,0.004539999999999
2024-03-22 05:00:00,0.005125
2024-03-22 06:00:00,0.0063599999999999915
2024-03-22 07:00:00,0.0064269999999999996
2024-03-22 08:00:00,0.006665
2024-03-22 09:00:00,0.0057479999999990004
2024-03-22 10:00:00,0.00639
2024-03-22 11:00:00,0.0055
2024-03-22 12:00:00,0.005200000000000001
2024-03-22 13:00:00,0.0058679999999999895
2024-03-22 14:00:00,0.0059169999999999995
2024-03-22 15:00:00,0.006600000000000001
2024-03-22 16:00:00,0.007503999999999999
2024-03-22 17:00:00,0.008738
2024-03-22 18:00:00,0.01119
2024-03-22 19:00:00,0.011218
2024-03-22 20:00:00,0.009481
2024-03-22 21:00:00,0.00746399999999899
2024-03-22 22:00:00,0.00732
2024-03-22 23:00:00,0.006984
2024-03-23 00:00:00,0.0070880000000000006
2024-03-23 01:00:00,0.006614000000000001
2024-03-23 02:00:00,0.0056459999999999904
2024-03-23 03:00:00,0.00499899999999999
2024-03-23 04:00:00,0.005210999999999
2024-03-23 05:00:00,0.005194
2024-03-23 06:00:00,0.0047869999999989995
2024-03-23 07:00:00,0.004348
2024-03-23 08:00:00,0.0034590000000000003
2024-03-23 09:00:00,0.001119
2024-03-23 10:00:00,0.0
2024-03-23 11:00:00,-1e-05
2024-03-23 12:00:00,-0.000501
2024-03-23 13:00:00,-0.001
2024-03-23 14:00:00,-0.00094399999999999
2024-03-23 15:00:00,-0.000298
2024-03-23 16:00:00,-0.00023599999999999
2024-03-23 17:00:00,0.003768
2024-03-23 18:00:00,0.006202
2024-03-23 19:00:00,0.00672
2024-03-23 20:00:00,0.00529399999999999
2024-03-23 21:00:00,0.0045839999999999995
2024-03-23 22:00:00,0.003852
2024-03-23 23:00:00,0.00275
2024-03-24 00:00:00,0.0027170000000000002
2024-03-24 01:00:00,0.001167
2024-03-24 02:00:00,0.00083
2024-03-24 03:00:00,0.001347
2024-03-24 04:00:00,0.0014910000000000001
2024-03-24 05:00:00,0.001718
2024-03-24 06:00:00,0.001141
2024-03-24 07:00:00,0.00011899999999998
2024-03-24 08:00:00,0.0
2024-03-24 09:00:00,0.0
2024-03-24 10:00:00,0.0
2024-03-24 11:00:00,0.0
2024-03-24 12:00:00,0.0
2024-03-24 13:00:00,0.0
2024-03-24 14:00:00,0.0
2024-03-24 15:00:00,0.0
2024-03-24 16:00:00,0.00116
2024-03-24 17:00:00,0.005
2024-03-24 18:00:00,0.007156999999999999
2024-03-24 19:00:00,0.007634
2024-03-24 20:00:00,0.006711000000000001
2024-03-24 21:00:00,0.006497
2024-03-24 22:00:00,0.0064470000000000005
2024-03-24 23:00:00,0.0064
2024-03-25 00:00:00,0.0062900000000000005
2024-03-25 01:00:00,0.006509999999999
2024-03-25 02:00:00,0.00699999999999999
2024-03-25 03:00:00,0.00731
2024-03-25 04:00:00,0.006702999999999989
2024-03-25 05:00:00,0.007714
2024-03-25 06:00:00,0.008777
2024-03-25 07:00:00,0.011387000000000001
2024-03-25 08:00:00,0.009967999999999989
2024-03-25 09:00:00,0.0074149999999990005
2024-03-25 10:00:00,0.006695999999999
2024-03-25 11:00:00,0.006095
2024-03-25 12:00:00,0.0059110000000000005
2024-03-25 13:00:00,0.0059299999999999995
2024-03-25 14:00:00,0.006104
2024-03-25 15:00:00,0.006884
2024-03-25 16:00:00,0.007449999999999
2024-03-25 17:00:00,0.009869999999999999
2024-03-25 18:00:00,0.0155
2024-03-25 19:00:00,0.013799999999999991
2024-03-25 20:00:00,0.008690000000000002
2024-03-25 21:00:00,0.007038
2024-03-25 22:00:00,0.00704
2024-03-25 23:00:00,0.006877
2024-03-26 00:00:00,0.0073
2024-03-26 01:00:00,0.00658
2024-03-26 02:00:00,0.00643
2024-03-26 03:00:00,0.006600000000000001
2024-03-26 04:00:00,0.006404
2024-03-26 05:00:00,0.0067269999999999995
2024-03-26 06:00:00,0.0075329999999990006
2024-03-26 07:00:00,0.00791999999999999
2024-03-26 08:00:00,0.00721
2024-03-26 09:00:00,0.006200000000000001
2024-03-26 10:00:00,0.00495
2024-03-26 11:00:00,0.003703
2024-03-26 12:00:00,0.00134799999999999
2024-03-26 13:00:00,0.002762
2024-03-26 14:00:00,0.00371
2024-03-26 15:00:00,0.005193
2024-03-26 16:00:00,0.007404999999999
2024-03-26 17:00:00,0.01067
2024-03-26 18:00:00,0.0116
2024-03-26 19:00:00,0.010029999999999999
2024-03-26 20:00:00,0.008
2024-03-26 21:00:00,0.00821999999999899
2024-03-26 22:00:00,0.007439999999999
2024-03-26 23:00:00,0.006691999999999999
2024-03-27 00:00:00,0.005835
2024-03-27 01:00:00,0.0057090000000000005
2024-03-27 02:00:00,0.005728
2024-03-27 03:00:00,0.005559000000000001
2024-03-27 04:00:00,0.005686999999999999
2024-03-27 05:00:00,0.006451999999999999
2024-03-27 06:00:00,0.007877999999999991
2024-03-27 07:00:00,0.008277
2024-03-27 08:00:00,0.007983
2024-03-27 09:00:00,0.0068330000000000005
2024-03-27 10:00:00,0.006394
2024-03-27 11:00:00,0.005814000000000001
2024-03-27 12:00:00,0.005765999999999
2024-03-27 13:00:00,0.005953999999999
2024-03-27 14:00:00,0.006144999999999999
2024-03-27 15:00:00,0.00739
2024-03-27 16:00:00,0.0076
2024-03-27 17:00:00,0.009444000000000001
2024-03-27 18:00:00,0.012042
2024-03-27 19:00:00,0.011688
2024-03-27 20:00:00,0.009723
2024-03-27 21:00:00,0.007934999999998998
2024-03-27 22:00:00,0.007947000000000001
2024-03-27 23:00:00,0.007399999999999
2024-03-28 00:00:00,0.007450999999999001
2024-03-28 01:00:00,0.0062189999999990005
2024-03-28 02:00:00,0.005727
2024-03-28 03:00:00,0.00557899999999999
2024-03-28 04:00:00,0.00555
2024-03-28 05:00:00,0.005752
2024-03-28 06:00:00,0.006898999999998991
2024-03-28 07:00:00,0.007604999999999001
2024-03-28 08:00:00,0.0073030000000000005
2024-03-28 09:00:00,0.0058089999999999895
2024-03-28 10:00:00,0.00401
2024-03-28 11:00:00,0.0031360000000000003
2024-03-28 12:00:00,0.0006730000000000001
2024-03-28 13:00:00,5e-06
2024-03-28 14:00:00,0.0
2024-03-28 15:00:00,0.0008659999999999999
2024-03-28 16:00:00,0.002718
2024-03-28 17:00:00,0.004309
2024-03-28 18:00:00,0.006368
2024-03-28 19:00:00,0.006809
2024-03-28 20:00:00,0.005681
2024-03-28 21:00:00,0.004489
2024-03-28 22:00:00,0.003276
2024-03-28 23:00:00,0.0025
2024-03-29 00:00:00,0.00206
2024-03-29 01:00:00,0.0018830000000000001
2024-03-29 02:00:00,0.0012430000000000002
2024-03-29 03:00:00,0.00102399999999999
2024-03-29 04:00:00,0.001259
2024-03-29 05:00:00,0.00143199999999899
2024-03-29 06:00:00,0.002201999999999
2024-03-29 07:00:00,0.005489999999999999
2024-03-29 08:00:00,0.00793
2024-03-29 09:00:00,0.0063599999999999915
2024-03-29 10:00:00,0.0029900000000000005
2024-03-29 11:00:00,0.001881
2024-03-29 12:00:00,0.001299
2024-03-29 13:00:00,0.00098599999999999
2024-03-29 14:00:00,0.001343999999999
2024-03-29 15:00:00,0.002114
2024-03-29 16:00:00,0.004386999999999999
2024-03-29 17:00:00,0.0075439999999999995
2024-03-29 18:00:00,0.010162000000000001
2024-03-29 19:00:00,0.0108
2024-03-29 20:00:00,0.008740000000000001
2024-03-29 21:00:00,0.00799
2024-03-29 22:00:00,0.007588999999998999
2024-03-29 23:00:00,0.00699999999999999
2024-03-30 00:00:00,0.0069299999999999995
2024-03-30 01:00:00,0.005815999999999
2024-03-30 02:00:00,0.006811
2024-03-30 03:00:00,0.00658
2024-03-30 04:00:00,0.008400000000000001
2024-03-30 05:00:00,0.006505
2024-03-30 06:00:00,0.00698899999999899
2024-03-30 07:00:00,0.007261999999999999
2024-03-30 08:00:00,0.005
2024-03-30 09:00:00,0.005439
2024-03-30 10:00:00,0.003615
2024-03-30 11:00:00,0.0025
2024-03-30 12:00:00,0.002574
2024-03-30 13:00:00,0.001315
2024-03-30 14:00:00,0.0015869999999990002
2024-03-30 15:00:00,0.003705
2024-03-30 16:00:00,0.005252
2024-03-30 17:00:00,0.00791999999999999
2024-03-30 18:00:00,0.010130000000000002
2024-03-30 19:00:00,0.013000000000000001
2024-03-30 20:00:00,0.011159999999999
2024-03-30 21:00:00,0.00808
2024-03-30 22:00:00,0.007083000000000001
2024-03-30 23:00:00,0.006573999999999
2024-03-31 00:00:00,0.008180999999999002
2024-03-31 01:00:00,0.007457
2024-03-31 03:00:00,0.0064979999999999994
2024-03-31 04:00:00,0.006568000000000001
2024-03-31 05:00:00,0.006174000000000001
2024-03-31 06:00:00,0.00687499999999999
2024-03-31 07:00:00,0.007402000000000001
2024-03-31 08:00:00,0.0070739999999999996
2024-03-31 09:00:00,0.005039
2024-03-31 10:00:00,0.004
2024-03-31 11:00:00,0.002784
2024-03-31 12:00:00,0.001868
2024-03-31 13:00:00,0.00028100000000000005
2024-03-31 14:00:00,9.699999999999e-05
2024-03-31 15:00:00,0.0014830000000000002
2024-03-31 16:00:00,0.004107
2024-03-31 17:00:00,0.006674
2024-03-31 18:00:00,0.00868
2024-03-31 19:00:00,0.011804
2024-03-31 20:00:00,0.008372
2024-03-31 21:00:00,0.00652
2024-03-31 22:00:00,0.006055
2024-03-31 23:00:00,0.005489999999999999
2024-04-01 00:00:00,0.005103
2024-04-01 01:00:00,0.0048979999999989995
2024-04-01 02:00:00,0.00451
2024-04-01 03:00:00,0.004354
2024-04-01 04:00:00,0.0046559999999999995
2024-04-01 05:00:00,0.005235
2024-04-01 06:00:00,0.005526
2024-04-01 07:00:00,0.005951
2024-04-01 08:00:00,0.005871
2024-04-01 09:00:00,0.006089000000000001
2024-04-01 10:00:00,0.005296
2024-04-01 11:00:00,0.004822999999999001
2024-04-01 12:00:00,0.00487499999999999
2024-04-01 13:00:00,3e-06
2024-04-01 14:00:00,-9.999999999999e-07
2024-04-01 15:00:00,-9.999999999999e-07
2024-04-01 16:00:00,-9.999999999999e-07
2024-04-01 17:00:00,0.000579
2024-04-01 18:00:00,0.0053
2024-04-01 19:00:00,0.009000000000000001
2024-04-01 20:00:00,0.007988999999999991
2024-04-01 21:00:00,0.005596
2024-04-01 22:00:00,0.0041
2024-04-01 23:00:00,0.0029630000000000004
2024-04-02 00:00:00,0.004613000000000001
2024-04-02 01:00:00,0.003633
2024-04-02 02:00:00,0.001646
2024-04-02 03:00:00,0.000754
2024-04-02 04:00:00,0.00019399999999998
2024-04-02 05:00:00,0.00072699999999998
2024-04-02 06:00:00,0.005131999999999999
2024-04-02 07:00:00,0.007098
2024-04-02 08:00:00,0.006893000000000001
2024-04-02 09:00:00,0.005517
2024-04-02 10:00:00,0.0030099999999999997
2024-04-02 11:00:00,0.0024909999999999898
2024-04-02 12:00:00,0.0005
2024-04-02 13:00:00,0.00025
2024-04-02 14:00:00,1.7000000000000003e-05
2024-04-02 15:00:00,0.0
2024-04-02 16:00:00,0.00043099999999999
2024-04-02 17:00:00,0.004146
2024-04-02 18:00:00,0.0072699999999999996
2024-04-02 19:00:00,0.010400000000000001
2024-04-02 20:00:00,0.011
2024-04-02 21:00:00,0.0099
2024-04-02 22:00:00,0.007625999999999001
2024-04-02 23:00:00,0.0072429999999999994
2024-04-03 00:00:00,0.007274
2024-04-03 01:00:00,0.0066309999999990005
2024-04-03 02:00:00,0.0062640000000000005
2024-04-03 03:00:00,0.006465999999999
2024-04-03 04:00:00,0.006489000000000001
2024-04-03 05:00:00,0.006873000000000001
2024-04-03 06:00:00,0.008294000000000001
2024-04-03 07:00:00,0.01065199999999899
2024-04-03 08:00:00,0.01179299999999899
2024-04-03 09:00:00,0.010244
2024-04-03 10:00:00,0.010735
2024-04-03 11:00:00,0.009092000000000001
2024-04-03 12:00:00,0.007872
2024-04-03 13:00:00,0.00658
2024-04-03 14:00:00,0.005889999999999999
2024-04-03 15:00:00,0.0058089999999999895
2024-04-03 16:00:00,0.006096999999999
2024-04-03 17:00:00,0.007031
2024-04-03 18:00:00,0.00849999999999999
2024-04-03 19:00:00,0.009169
2024-04-03 20:00:00,0.009265
2024-04-03 21:00:00,0.007071
2024-04-03 22:00:00,0.006548999999999
2024-04-03 23:00:00,0.005533000000000001
2024-04-04 00:00:00,0.004263
2024-04-04 01:00:00,0.00402799999999999
2024-04-04 02:00:00,0.003908
2024-04-04 03:00:00,0.003967
2024-04-04 04:00:00,0.0040030000000000005
2024-04-04 05:00:00,0.004307
2024-04-04 06:00:00,0.0053490000000000005
2024-04-04 07:00:00,0.006547
2024-04-04 08:00:00,0.0075329999999990006
2024-04-04 09:00:00,0.0071790000000000005
2024-04-04 10:00:00,0.0069169999999999995
2024-04-04 11:00:00,0.006306000000000001
2024-04-04 12:00:00,0.005176999999999999
2024-04-04 13:00:00,0.004588
2024-04-04 14:00:00,0.004514999999999
2024-04-04 15:00:00,0.004417
2024-04-04 16:00:00,0.004489999999999
2024-04-04 17:00:00,0.00567499999999999
2024-04-04 18:00:00,0.006509999999999
2024-04-04 19:00:00,0.010369999999999999
2024-04-04 20:00:00,0.009949999999999999
2024-04-04 21:00:00,0.00757
2024-04-04 22:00:00,0.0067
2024-04-04 23:00:00,0.005785
2024-04-05 00:00:00,0.005811999999999
2024-04-05 01:00:00,0.0054459999999999995
2024-04-05 02:00:00,0.005004
2024-04-05 03:00:00,0.004797999999998991
2024-04-05 04:00:00,0.004736999999999
2024-04-05 05:00:00,0.005200000000000001
2024-04-05 06:00:00,0.006253
2024-04-05 07:00:00,0.007678999999999999
2024-04-05 08:00:00,0.008
2024-04-05 09:00:00,0.006759
2024-04-05 10:00:00,0.005
2024-04-05 11:00:00,0.00237
2024-04-05 12:00:00,0.000848
2024-04-05 13:00:00,0.0
2024-04-05 14:00:00,-2e-05
2024-04-05 15:00:00,-0.0010069999999999899
2024-04-05 16:00:00,-0.0015
2024-04-05 17:00:00,0.0006
2024-04-05 18:00:00,0.004466
2024-04-05 19:00:00,0.00584
2024-04-05 20:00:00,0.006489000000000001
2024-04-05 21:00:00,0.006294
2024-04-05 22:00:00,0.005899
2024-04-05 23:00:00,0.00501999999999999
2024-04-06 00:00:00,0.004231
2024-04-06 01:00:00,0.004378
2024-04-06 02:00:00,0.0044
2024-04-06 03:00:00,0.0044870000000000005
2024-04-06 04:00:00,0.004809
2024-04-06 05:00:00,0.004825
2024-04-06 06:00:00,0.005001
2024-04-06 07:00:00,0.005119
2024-04-06 08:00:00,0.0048
2024-04-06 09:00:00,0.002716
2024-04-06 10:00:00,-0.0014860000000000001
2024-04-06 11:00:00,-0.00221
2024-04-06 12:00:00,-0.005
2024-04-06 13:00:00,-0.01209199999999999
2024-04-06 14:00:00,-0.01253
2024-04-06 15:00:00,-0.005
2024-04-06 16:00:00,-0.002
2024-04-06 17:00:00,0.0
2024-04-06 18:00:00,0.005592
2024-04-06 19:00:00,0.00692
2024-04-06 20:00:00,0.006500000000000001
2024-04-06 21:00:00,0.00649
2024-04-06 22:00:00,0.00466
2024-04-06 23:00:00,0.003
2024-04-07 00:00:00,0.00102399999999999
2024-04-07 01:00:00,8.9999999999999e-06
2024-04-07 02:00:00,0.0
2024-04-07 03:00:00,0.0
2024-04-07 04:00:00,0.0
2024-04-07 05:00:00,0.0
2024-04-07 06:00:00,0.0
2024-04-07 07:00:00,0.0
2024-04-07 08:00:00,0.0
2024-04-07 09:00:00,-9.999999999999e-07
2024-04-07 10:00:00,-0.001001
2024-04-07 11:00:00,-0.0021000000000000003
2024-04-07 12:00:00,-0.003491
2024-04-07 13:00:00,-0.005
2024-04-07 14:00:00,-0.004900000000000001
2024-04-07 15:00:00,-0.002
2024-04-07 16:00:00,-1.5999999999989903e-05
2024-04-07 17:00:00,0.000428
2024-04-07 18:00:00,0.005131999999999999
2024-04-07 19:00:00,0.008400000000000001
2024-04-07 20:00:00,0.009093
2024-04-07 21:00:00,0.008009999999999
2024-04-07 22:00:00,0.007531
2024-04-07 23:00:00,0.006968000000000001
2024-04-08 00:00:00,0.00701
2024-04-08 01:00:00,0.006453
2024-04-08 02:00:00,0.006390999999999
2024-04-08 03:00:00,0.006605999999999
2024-04-08 04:00:00,0.006648999999999
2024-04-08 05:00:00,0.006948
2024-04-08 06:00:00,0.009319000000000001
2024-04-08 07:00:00,0.014978
2024-04-08 08:00:00,0.012852
2024-04-08 09:00:00,0.008550999999999
2024-04-08 10:00:00,0.00698899999999899
2024-04-08 11:00:00,0.006709999999999
2024-04-08 12:00:00,0.00647
2024-04-08 13:00:00,0.006
2024-04-08 14:00:00,0.005789
2024-04-08 15:00:00,0.00634
2024-04-08 16:00:00,0.00699999999999999
2024-04-08 17:00:00,0.007500999999999001
2024-04-08 18:00:00,0.010489999999999
2024-04-08 19:00:00,0.013730000000000001
2024-04-08 20:00:00,0.012480000000000002
2024-04-08 21:00:00,0.008485
2024-04-08 22:00:00,0.0077
2024-04-08 23:00:00,0.007555999999999
2024-04-09 00:00:00,0.00833099999999899
2024-04-09 01:00:00,0.006938999999999
2024-04-09 02:00:00,0.006473
2024-04-09 03:00:00,0.005902
2024-04-09 04:00:00,0.006084
2024-04-09 05:00:00,0.006548
2024-04-09 06:00:00,0.007720000000000001
2024-04-09 07:00:00,0.008995000000000001
2024-04-09 08:00:00,0.007978
2024-04-09 09:00:00,0.00683
2024-04-09 10:00:00,0.005050000000000001
2024-04-09 11:00:00,0.004287
2024-04-09 12:00:00,0.003278
2024-04-09 13:00:00,0.00070999999999998
2024-04-09 14:00:00,0.0007559999999999901
2024-04-09 15:00:00,0.0
2024-04-09 16:00:00,0.00132
2024-04-09 17:00:00,0.004072
2024-04-09 18:00:00,0.0061600000000000005
2024-04-09 19:00:00,0.007351000000000001
2024-04-09 20:00:00,0.007992
2024-04-09 21:00:00,0.006664000000000001
2024-04-09 22:00:00,0.005952
2024-04-09 23:00:00,0.003454
2024-04-10 00:00:00,0.0012899999999999902
2024-04-10 01:00:00,0.0005099999999999901
2024-04-10 02:00:00,0.0005
2024-04-10 03:00:00,0.0008990000000000001
2024-04-10 04:00:00,0.0024700000000000004
2024-04-10 05:00:00,0.004879999999999
2024-04-10 06:00:00,0.007475
2024-04-10 07:00:00,0.009962999999998988
2024-04-10 08:00:00,0.01067
2024-04-10 09:00:00,0.008045999999999
2024-04-10 10:00:00,0.00676399999999999
2024-04-10 11:00:00,0.005299000000000001
2024-04-10 12:00:00,0.0019210000000000002
2024-04-10 13:00:00,0.000893
2024-04-10 14:00:00,0.0
2024-04-10 15:00:00,-1e-05
2024-04-10 16:00:00,0.0022
2024-04-10 17:00:00,0.00649
2024-04-10 18:00:00,0.008265000000000002
2024-04-10 19:00:00,0.01454599999999999
2024-04-10 20:00:00,0.01411
2024-04-10 21:00:00,0.008827999999999999
2024-04-10 22:00:00,0.007234999999999999
2024-04-10 23:00:00,0.006509999999999
2024-04-11 00:00:00,0.0048590000000000005
2024-04-11 01:00:00,0.0026669999999999997
2024-04-11 02:00:00,0.002368
2024-04-11 03:00:00,0.000999
2024-04-11 04:00:00,0.000798
2024-04-11 05:00:00,0.0028380000000000002
2024-04-11 06:00:00,0.0066110000000000006
2024-04-11 07:00:00,0.006823000000000001
2024-04-11 08:00:00,0.005220000000000001
2024-04-11 09:00:00,0.0070999999999999995
2024-04-11 10:00:00,0.00715
2024-04-11 11:00:00,0.00699999999999999
2024-04-11 12:00:00,0.007489999999999
2024-04-11 13:00:00,0.007399999999999
2024-04-11 14:00:00,0.008505
2024-04-11 15:00:00,0.0077599999999989995
2024-04-11 16:00:00,0.0068999999999999895
2024-04-11 17:00:00,0.008605
2024-04-11 18:00:00,0.01007
2024-04-11 19:00:00,0.01343599999999999
2024-04-11 20:00:00,0.011980000000000001
2024-04-11 21:00:00,0.009104999999999001
2024-04-11 22:00:00,0.007920999999999
2024-04-11 23:00:00,0.007575
2024-04-12 00:00:00,0.007449999999999
2024-04-12 01:00:00,0.007034999999998991
2024-04-12 02:00:00,0.006550000000000001
2024-04-12 03:00:00,0.005902
2024-04-12 04:00:00,0.005949
2024-04-12 05:00:00,0.006401
2024-04-12 06:00:00,0.007595999999998999
2024-04-12 07:00:00,0.009101000000000001
2024-04-12 08:00:00,0.0086
2024-04-12 09:00:00,0.00764
2024-04-12 10:00:00,0.004215999999999
2024-04-12 11:00:00,0.001884
2024-04-12 12:00:00,0.0
2024-04-12 13:00:00,-1e-05
2024-04-12 14:00:00,-0.001002
2024-04-12 15:00:00,-0.000503
2024-04-12 16:00:00,0.0
2024-04-12 17:00:00,0.005035
2024-04-12 18:00:00,0.007312000000000001
2024-04-12 19:00:00,0.010494999999999
2024-04-12 20:00:00,0.01129
2024-04-12 21:00:00,0.008033999999999
2024-04-12 22:00:00,0.007272999999999991
2024-04-12 23:00:00,0.006260000000000001
2024-04-13 00:00:00,0.005456000000000001
2024-04-13 01:00:00,0.0044150000000000005
2024-04-13 02:00:00,0.002327
2024-04-13 03:00:00,0.001811
2024-04-13 04:00:00,0.001804
2024-04-13 05:00:00,0.002407999999999
2024-04-13 06:00:00,0.0028749999999999904
2024-04-13 07:00:00,0.003372999999999
2024-04-13 08:00:00,0.00226
2024-04-13 09:00:00,0.00088
2024-04-13 10:00:00,-1.9999999999999e-06
2024-04-13 11:00:00,-0.001016
2024-04-13 12:00:00,-0.003166
2024-04-13 13:00:00,-0.005
2024-04-13 14:00:00,-0.005500999999999
2024-04-13 15:00:00,-0.004990999999999
2024-04-13 16:00:00,-0.00191399999999999
2024-04-13 17:00:00,-1.5e-05
2024-04-13 18:00:00,0.003337
2024-04-13 19:00:00,0.00501
2024-04-13 20:00:00,0.005882999999998991
2024-04-13 21:00:00,0.003754
2024-04-13 22:00:00,0.0020340000000000002
2024-04-13 23:00:00,0.00075
2024-04-14 00:00:00,4.4e-05
2024-04-14 01:00:00,0.00011
2024-04-14 02:00:00,9.400000000000001e-05
2024-04-14 03:00:00,0.000126
2024-04-14 04:00:00,0.00026000000000000003
2024-04-14 05:00:00,0.0006
2024-04-14 06:00:00,0.001286
2024-04-14 07:00:00,0.0013000000000000002
2024-04-14 08:00:00,0.0008210000000000001
2024-04-14 09:00:00,0.0
2024-04-14 10:00:00,-0.000268
2024-04-14 11:00:00,-0.0012970000000000002
2024-04-14 12:00:00,-0.004223
2024-04-14 13:00:00,-0.006005
2024-04-14 14:00:00,-0.006001
2024-04-14 15:00:00,-0.004004999999999001
2024-04-14 16:00:00,-0.000625
2024-04-14 17:00:00,0.000157
2024-04-14 18:00:00,0.007969999999999
2024-04-14 19:00:00,0.010230000000000001
2024-04-14 20:00:00,0.013364999999999001
2024-04-14 21:00:00,0.012448
2024-04-14 22:00:00,0.009715999999999999
2024-04-14 23:00:00,0.007969
2024-04-15 00:00:00,0.008195999999999
2024-04-15 01:00:00,0.007489999999999
2024-04-15 02:00:00,0.007055
2024-04-15 03:00:00,0.007054
2024-04-15 04:00:00,0.00683
2024-04-15 05:00:00,0.007887999999999
2024-04-15 06:00:00,0.009875
2024-04-15 07:00:00,0.0148
2024-04-15 08:00:00,0.010826999999999
2024-04-15 09:00:00,0.006260000000000001
2024-04-15 10:00:00,0.0048
2024-04-15 11:00:00,0.004877
2024-04-15 12:00:00,0.004216999999999999
2024-04-15 13:00:00,0.003174
2024-04-15 14:00:00,0.001315
2024-04-15 15:00:00,0.000915
2024-04-15 16:00:00,0.00069899999999999
2024-04-15 17:00:00,0.004346
2024-04-15 18:00:00,0.0066500000000000005
2024-04-15 19:00:00,0.007611999999999999
2024-04-15 20:00:00,0.007489
2024-04-15 21:00:00,0.006554000000000001
2024-04-15 22:00:00,0.005285000000000001
2024-04-15 23:00:00,0.0034009999999990003
2024-04-16 00:00:00,0.00014299999999998
2024-04-16 01:00:00,1.9999999999999e-06
2024-04-16 02:00:00,-1e-05
2024-04-16 03:00:00,0.0
2024-04-16 04:00:00,0.001377999999999
2024-04-16 05:00:00,0.00292
2024-04-16 06:00:00,0.0051589999999999995
2024-04-16 07:00:00,0.006969
2024-04-16 08:00:00,0.007426000000000001
2024-04-16 09:00:00,0.006480999999999989
2024-04-16 10:00:00,0.005077
2024-04-16 11:00:00,0.004146
2024-04-16 12:00:00,0.0038740000000000003
2024-04-16 13:00:00,0.00335699999999999
2024-04-16 14:00:00,0.0033420000000000004
2024-04-16 15:00:00,0.003995
2024-04-16 16:00:00,0.005167
2024-04-16 17:00:00,0.007453
2024-04-16 18:00:00,0.00873
2024-04-16 19:00:00,0.009800000000000001
2024-04-16 20:00:00,0.011542
2024-04-16 21:00:00,0.010171
2024-04-16 22:00:00,0.00901
2024-04-16 23:00:00,0.00841
2024-04-17 00:00:00,0.00847499999999999
2024-04-17 01:00:00,0.008384
2024-04-17 02:00:00,0.008134999999999
2024-04-17 03:00:00,0.00824
2024-04-17 04:00:00,0.008130999999999
2024-04-17 05:00:00,0.008234
2024-04-17 06:00:00,0.01085
2024-04-17 07:00:00,0.015466999999999
2024-04-17 08:00:00,0.0152
2024-04-17 09:00:00,0.010461999999999987
2024-04-17 10:00:00,0.00839
2024-04-17 11:00:00,0.00799
2024-04-17 12:00:00,0.007517
2024-04-17 13:00:00,0.007605999999999991
2024-04-17 14:00:00,0.006964000000000001
2024-04-17 15:00:00,0.007385
2024-04-17 16:00:00,0.008
2024-04-17 17:00:00,0.008
2024-04-17 18:00:00,0.010321
2024-04-17 19:00:00,0.014499999999999
2024-04-17 20:00:00,0.016989999999999
2024-04-17 21:00:00,0.013006
2024-04-17 22:00:00,0.009904
2024-04-17 23:00:00,0.008780999999999
2024-04-18 00:00:00,0.009183
2024-04-18 01:00:00,0.008742
2024-04-18 02:00:00,0.008853
2024-04-18 03:00:00,0.008775999999999989
2024-04-18 04:00:00,0.008960999999999001
2024-04-18 05:00:00,0.009169999999999992
2024-04-18 06:00:00,0.011519999999999999
2024-04-18 07:00:00,0.015544999999998994
2024-04-18 08:00:00,0.013119
2024-04-18 09:00:00,0.010112
2024-04-18 10:00:00,0.008988999999999001
2024-04-18 11:00:00,0.0075709999999989995
2024-04-18 12:00:00,0.0067599999999999995
2024-04-18 13:00:00,0.00681
2024-04-18 14:00:00,0.00634499999999999
2024-04-18 15:00:00,0.006351999999999
2024-04-18 16:00:00,0.006523999999999
2024-04-18 17:00:00,0.008085999999999
2024-04-18 18:00:00,0.009403
2024-04-18 19:00:00,0.012523999999999001
2024-04-18 20:00:00,0.012891
2024-04-18 21:00:00,0.010592
2024-04-18 22:00:00,0.008988999999999001
2024-04-18 23:00:00,0.007936
2024-04-19 00:00:00,0.006926000000000001
2024-04-19 01:00:00,0.005601
2024-04-19 02:00:00,0.0047
2024-04-19 03:00:00,0.004489
2024-04-19 04:00:00,0.004393
2024-04-19 05:00:00,0.00465299999999999
2024-04-19 06:00:00,0.00581
2024-04-19 07:00:00,0.006973999999999999
2024-04-19 08:00:00,0.0076
2024-04-19 09:00:00,0.00683
2024-04-19 10:00:00,0.006019999999999999
2024-04-19 11:00:00,0.00466
2024-04-19 12:00:00,0.00366
2024-04-19 13:00:00,0.001
2024-04-19 14:00:00,-1e-05
2024-04-19 15:00:00,-1e-05
2024-04-19 16:00:00,0.0003
2024-04-19 17:00:00,0.005029
2024-04-19 18:00:00,0.00596999999999999
2024-04-19 19:00:00,0.006222999999999
2024-04-19 20:00:00,0.006374
2024-04-19 21:00:00,0.006333
2024-04-19 22:00:00,0.006287
2024-04-19 23:00:00,0.006156999999999991
2024-04-20 00:00:00,0.005909
2024-04-20 01:00:00,0.005649
2024-04-20 02:00:00,0.00557699999999999
2024-04-20 03:00:00,0.005664000000000001
2024-04-20 04:00:00,0.005965
2024-04-20 05:00:00,0.00615099999999899
2024-04-20 06:00:00,0.006168999999999001
2024-04-20 07:00:00,0.006609999999999
2024-04-20 08:00:00,0.00647
2024-04-20 09:00:00,0.005906000000000001
2024-04-20 10:00:00,0.004654
2024-04-20 11:00:00,0.003438
2024-04-20 12:00:00,0.0011699999999990002
2024-04-20 13:00:00,-0.0004
2024-04-20 14:00:00,-0.000509
2024-04-20 15:00:00,-0.00040099999999999994
2024-04-20 16:00:00,0.0025
2024-04-20 17:00:00,0.0048330000000000005
2024-04-20 18:00:00,0.006374
2024-04-20 19:00:00,0.007931999999998999
2024-04-20 20:00:00,0.009117000000000002
2024-04-20 21:00:00,0.008683999999999999
2024-04-20 22:00:00,0.008401
2024-04-20 23:00:00,0.00825
2024-04-21 00:00:00,0.008184999999999
2024-04-21 01:00:00,0.007017000000000001
2024-04-21 02:00:00,0.006953
2024-04-21 03:00:00,0.00644
2024-04-21 04:00:00,0.006388000000000001
2024-04-21 05:00:00,0.006362
2024-04-21 06:00:00,0.006443000000000001
2024-04-21 07:00:00,0.006053
2024-04-21 08:00:00,0.005593
2024-04-21 09:00:00,0.005112
2024-04-21 10:00:00,0.0026920000000000004
2024-04-21 11:00:00,-0.00222
2024-04-21 12:00:00,-0.002404
2024-04-21 13:00:00,-0.0007000000000000001
2024-04-21 14:00:00,-0.000379
2024-04-21 15:00:00,-0.0010029999999990001
2024-04-21 16:00:00,0.0004669999999999999
2024-04-21 17:00:00,0.004294
2024-04-21 18:00:00,0.006197999999999
2024-04-21 19:00:00,0.008765
2024-04-21 20:00:00,0.009526
2024-04-21 21:00:00,0.009106999999999999
2024-04-21 22:00:00,0.008940999999999
2024-04-21 23:00:00,0.00884599999999899
2024-04-22 00:00:00,0.007718
2024-04-22 01:00:00,0.007805
2024-04-22 02:00:00,0.007844
2024-04-22 03:00:00,0.007992
2024-04-22 04:00:00,0.007979
2024-04-22 05:00:00,0.00849999999999999
2024-04-22 06:00:00,0.010394
2024-04-22 07:00:00,0.012941999999998998
2024-04-22 08:00:00,0.011746000000000001
2024-04-22 09:00:00,0.009705
2024-04-22 10:00:00,0.00794499999999999
2024-04-22 11:00:00,0.007224
2024-04-22 12:00:00,0.006831
2024-04-22 13:00:00,0.007124
2024-04-22 14:00:00,0.006425
2024-04-22 15:00:00,0.005944999999999989
2024-04-22 16:00:00,0.00719
2024-04-22 17:00:00,0.008065999999999001
2024-04-22 18:00:00,0.010409000000000002
2024-04-22 19:00:00,0.013611999999999
2024-04-22 20:00:00,0.015509
2024-04-22 21:00:00,0.012716
2024-04-22 22:00:00,0.010563000000000001
2024-04-22 23:00:00,0.009694000000000001
2024-04-23 00:00:00,0.008832
2024-04-23 01:00:00,0.008669000000000001
2024-04-23 02:00:00,0.008595
2024-04-23 03:00:00,0.008542
2024-04-23 04:00:00,0.008635
2024-04-23 05:00:00,0.009703
2024-04-23 06:00:00,0.011943999999999991
2024-04-23 07:00:00,0.017628
2024-04-23 08:00:00,0.013627999999999989
2024-04-23 09:00:00,0.009838
2024-04-23 10:00:00,0.008247
2024-04-23 11:00:00,0.007725
2024-04-23 12:00:00,0.00768
2024-04-23 13:00:00,0.007825
2024-04-23 14:00:00,0.007862
2024-04-23 15:00:00,0.007833
2024-04-23 16:00:00,0.008079000000000001
2024-04-23 17:00:00,0.008882
2024-04-23 18:00:00,0.010076
2024-04-23 19:00:00,0.011831
2024-04-23 20:00:00,0.01209199999999999
2024-04-23 21:00:00,0.010199999999999999
2024-04-23 22:00:00,0.00844
2024-04-23 23:00:00,0.008154
2024-04-24 00:00:00,0.008055
2024-04-24 01:00:00,0.0076289999999999995
2024-04-24 02:00:00,0.007587999999999
2024-04-24 03:00:00,0.007264
2024-04-24 04:00:00,0.00728
2024-04-24 05:00:00,0.00796399999999999
2024-04-24 06:00:00,0.009276
2024-04-24 07:00:00,0.0096
2024-04-24 08:00:00,0.010697
2024-04-24 09:00:00,0.00817
2024-04-24 10:00:00,0.007489999999999
2024-04-24 11:00:00,0.007762999999999
2024-04-24 12:00:00,0.00619
2024-04-24 13:00:00,0.00466
2024-04-24 14:00:00,0.0039
2024-04-24 15:00:00,0.0045379999999999995
2024-04-24 16:00:00,0.0058000000000000005
2024-04-24 17:00:00,0.00742
2024-04-24 18:00:00,0.0075
2024-04-24 19:00:00,0.0095
2024-04-24 20:00:00,0.012343
2024-04-24 21:00:00,0.011601000000000002
2024-04-24 22:00:00,0.010411
2024-04-24 23:00:00,0.009000000000000001
2024-04-25 00:00:00,0.00835
2024-04-25 01:00:00,0.008
2024-04-25 02:00:00,0.00773599999999899
2024-04-25 03:00:00,0.007551999999998999
2024-04-25 04:00:00,0.007439999999999
2024-04-25 05:00:00,0.008369
2024-04-25 06:00:00,0.010056999999999
2024-04-25 07:00:00,0.0126
2024-04-25 08:00:00,0.011201000000000001
2024-04-25 09:00:00,0.009209999999999
2024-04-25 10:00:00,0.008000999999999002
2024-04-25 11:00:00,0.00782
2024-04-25 12:00:00,0.007392
2024-04-25 13:00:00,0.006730000000000001
2024-04-25 14:00:00,0.006468
2024-04-25 15:00:00,0.00676399999999999
2024-04-25 16:00:00,0.007154000000000001
2024-04-25 17:00:00,0.007892
2024-04-25 18:00:00,0.009469
2024-04-25 19:00:00,0.01217
2024-04-25 20:00:00,0.014093
2024-04-25 21:00:00,0.011343
2024-04-25 22:00:00,0.009135
2024-04-25 23:00:00,0.007973999999999001
2024-04-26 00:00:00,0.007987000000000001
2024-04-26 01:00:00,0.007399999999999
2024-04-26 02:00:00,0.00742
2024-04-26 03:00:00,0.007407
2024-04-26 04:00:00,0.007709999999999
2024-04-26 05:00:00,0.008298
2024-04-26 06:00:00,0.009351000000000002
2024-04-26 07:00:00,0.010406
2024-04-26 08:00:00,0.009606
2024-04-26 09:00:00,0.008108
2024-04-26 10:00:00,0.008026
2024-04-26 11:00:00,0.007295
2024-04-26 12:00:00,0.007034999999998991
2024-04-26 13:00:00,0.006874
2024-04-26 14:00:00,0.006537
2024-04-26 15:00:00,0.006992
2024-04-26 16:00:00,0.0071730000000000006
2024-04-26 17:00:00,0.008023
2024-04-26 18:00:00,0.009337
2024-04-26 19:00:00,0.012861000000000001
2024-04-26 20:00:00,0.013656000000000001
2024-04-26 21:00:00,0.010861
2024-04-26 22:00:00,0.009190999999999
2024-04-26 23:00:00,0.008825999999999001
2024-04-27 00:00:00,0.009029
2024-04-27 01:00:00,0.008846999999999999
2024-04-27 02:00:00,0.00854999999999999
2024-04-27 03:00:00,0.008685999999999
2024-04-27 04:00:00,0.00841399999999999
2024-04-27 05:00:00,0.008248999999999
2024-04-27 06:00:00,0.008608000000000001
2024-04-27 07:00:00,0.007904
2024-04-27 08:00:00,0.006984
2024-04-27 09:00:00,0.00612599999999899
2024-04-27 10:00:00,0.00360199999999999
2024-04-27 11:00:00,0.000843
2024-04-27 12:00:00,3e-06
2024-04-27 13:00:00,-1.9999999999999e-06
2024-04-27 14:00:00,0.0
2024-04-27 15:00:00,0.0
2024-04-27 16:00:00,0.0022
2024-04-27 17:00:00,0.007167
2024-04-27 18:00:00,0.009063000000000002
2024-04-27 19:00:00,0.01198999999999999
2024-04-27 20:00:00,0.011227000000000001
2024-04-27 21:00:00,0.00849999999999999
2024-04-27 22:00:00,0.00759
2024-04-27 23:00:00,0.006523
2024-04-28 00:00:00,0.0056389999999999895
2024-04-28 01:00:00,0.004614
2024-04-28 02:00:00,0.00395999999999999
2024-04-28 03:00:00,0.003154999999999
2024-04-28 04:00:00,0.002757999999999
2024-04-28 05:00:00,0.0025960000000000002
2024-04-28 06:00:00,0.000992
2024-04-28 07:00:00,1e-05
2024-04-28 08:00:00,-7e-06
2024-04-28 09:00:00,-0.000102
2024-04-28 10:00:00,-0.001664
2024-04-28 11:00:00,-0.0036719999999990003
2024-04-28 12:00:00,-0.00622
2024-04-28 13:00:00,-0.006389000000000001
2024-04-28 14:00:00,-0.00650599999999999
2024-04-28 15:00:00,-0.005242999999999999
2024-04-28 16:00:00,-0.0023420000000000003
2024-04-28 17:00:00,-1.9999999999999e-06
2024-04-28 18:00:00,0.002478
2024-04-28 19:00:00,0.006852
2024-04-28 20:00:00,0.007708
2024-04-28 21:00:00,0.007855999999999
2024-04-28 22:00:00,0.007221
2024-04-28 23:00:00,0.006694
2024-04-29 00:00:00,0.006315
2024-04-29 01:00:00,0.006005
2024-04-29 02:00:00,0.005892999999999
2024-04-29 03:00:00,0.006207999999999
2024-04-29 04:00:00,0.007478
2024-04-29 05:00:00,0.008213
2024-04-29 06:00:00,0.009906999999999
2024-04-29 07:00:00,0.01137
2024-04-29 08:00:00,0.010051000000000001
2024-04-29 09:00:00,0.007501999999999
2024-04-29 10:00:00,0.005817
2024-04-29 11:00:00,0.0036160000000000003
2024-04-29 12:00:00,0.0034900000000000005
2024-04-29 13:00:00,0.00279999999999999
2024-04-29 14:00:00,0.00322799999999999
2024-04-29 15:00:00,0.0035550000000000004
2024-04-29 16:00:00,0.004768
2024-04-29 17:00:00,0.006920999999999
2024-04-29 18:00:00,0.00825
2024-04-29 19:00:00,0.015
2024-04-29 20:00:00,0.018541000000000002
2024-04-29 21:00:00,0.010681
2024-04-29 22:00:00,0.008685999999999
2024-04-29 23:00:00,0.007995999999998999
2024-04-30 00:00:00,0.00759
2024-04-30 01:00:00,0.0071600000000000006
2024-04-30 02:00:00,0.007005
2024-04-30 03:00:00,0.006985
2024-04-30 04:00:00,0.006943
2024-04-30 05:00:00,0.007862999999999001
2024-04-30 06:00:00,0.009389
2024-04-30 07:00:00,0.010166000000000001
2024-04-30 08:00:00,0.00932
2024-04-30 09:00:00,0.007770999999999
2024-04-30 10:00:00,0.006206000000000001
2024-04-30 11:00:00,0.004489
2024-04-30 12:00:00,0.00280099999999999
2024-04-30 13:00:00,0.0014079999999990001
2024-04-30 14:00:00,0.001281
2024-04-30 15:00:00,0.00191399999999999
2024-04-30 16:00:00,0.0044139999999999995
2024-04-30 17:00:00,0.006552
2024-04-30 18:00:00,0.00861999999999899
2024-04-30 19:00:00,0.01167199999999999
2024-04-30 20:00:00,0.012893000000000002
2024-04-30 21:00:00,0.008815000000000002
2024-04-30 22:00:00,0.008
2024-04-30 23:00:00,0.00818
2024-05-01 00:00:00,0.007676999999998999
2024-05-01 01:00:00,0.007988999999999991
2024-05-01 02:00:00,0.008109999999999
2024-05-01 03:00:00,0.008009999999999
2024-05-01 04:00:00,0.0068000000000000005
2024-05-01 05:00:00,0.0075
2024-05-01 06:00:00,0.008009999999999
2024-05-01 07:00:00,0.01
2024-05-01 08:00:00,0.008
2024-05-01 09:00:00,0.00167
2024-05-01 10:00:00,-0.0001
2024-05-01 11:00:00,-0.004475
2024-05-01 12:00:00,-0.010265999999999992
2024-05-01 13:00:00,-0.02
2024-05-01 14:00:00,-0.02
2024-05-01 15:00:00,-0.00919999999999899
2024-05-01 16:00:00,-0.0028799999999999997
2024-05-01 17:00:00,0.00023899999999999998
2024-05-01 18:00:00,0.006
2024-05-01 19:00:00,0.0106
2024-05-01 20:00:00,0.01303
2024-05-01 21:00:00,0.01
2024-05-01 22:00:00,0.008109999999999
2024-05-01 23:00:00,0.0076
2024-05-02 00:00:00,0.0060999999999999995
2024-05-02 01:00:00,0.005109999999999991
2024-05-02 02:00:00,0.004
2024-05-02 03:00:00,0.00394
2024-05-02 04:00:00,0.0034300000000000003
2024-05-02 05:00:00,0.0037799999999990003
2024-05-02 06:00:00,0.006898
2024-05-02 07:00:00,0.008
2024-05-02 08:00:00,0.008400000000000001
2024-05-02 09:00:00,0.0031450000000000002
2024-05-02 10:00:00,-0.001
2024-05-02 11:00:00,-0.002
2024-05-02 12:00:00,-0.001678999999999
2024-05-02 13:00:00,-0.0020059999999990003
2024-05-02 14:00:00,-1e-05
2024-05-02 15:00:00,-9.999999999999e-07
2024-05-02 16:00:00,0.000549
2024-05-02 17:00:00,0.00699999999999999
2024-05-02 18:00:00,0.008977
2024-05-02 19:00:00,0.01044
2024-05-02 20:00:00,0.012
2024-05-02 21:00:00,0.0096
2024-05-02 22:00:00,0.0089
2024-05-02 23:00:00,0.008799999999999001
2024-05-03 00:00:00,0.0095
2024-05-03 01:00:00,0.008394
2024-05-03 02:00:00,0.008
2024-05-03 03:00:00,0.0078
2024-05-03 04:00:00,0.0068000000000000005
2024-05-03 05:00:00,0.0067
2024-05-03 06:00:00,0.007632
2024-05-03 07:00:00,0.008239000000000002
2024-05-03 08:00:00,0.009231
2024-05-03 09:00:00,0.01
2024-05-03 10:00:00,0.007395
2024-05-03 11:00:00,0.006913
2024-05-03 12:00:00,0.0060999999999999995
2024-05-03 13:00:00,0.005664000000000001
2024-05-03 14:00:00,0.005705
2024-05-03 15:00:00,0.006071999999999
2024-05-03 16:00:00,0.006401
2024-05-03 17:00:00,0.0069819999999999995
2024-05-03 18:00:00,0.008045
2024-05-03 19:00:00,0.009699999999999
2024-05-03 20:00:00,0.011001999999999
2024-05-03 21:00:00,0.010526999999999991
2024-05-03 22:00:00,0.009011
2024-05-03 23:00:00,0.008292
2024-05-04 00:00:00,0.008817
2024-05-04 01:00:00,0.008308
2024-05-04 02:00:00,0.008058
2024-05-04 03:00:00,0.008103999999999
2024-05-04 04:00:00,0.00833
2024-05-04 05:00:00,0.009093
2024-05-04 06:00:00,0.0086
2024-05-04 07:00:00,0.008466999999999001
2024-05-04 08:00:00,0.007605999999999991
2024-05-04 09:00:00,0.006232999999999
2024-05-04 10:00:00,0.004117
2024-05-04 11:00:00,0.003118
2024-05-04 12:00:00,0.0024900000000000005
2024-05-04 13:00:00,0.001451
2024-05-04 14:00:00,0.0013340000000000001
2024-05-04 15:00:00,0.002615
2024-05-04 16:00:00,0.00617
2024-05-04 17:00:00,0.008320000000000001
2024-05-04 18:00:00,0.009734
2024-05-04 19:00:00,0.011816
2024-05-04 20:00:00,0.013188999999998998
2024-05-04 21:00:00,0.010629
2024-05-04 22:00:00,0.009326000000000001
2024-05-04 23:00:00,0.008762
2024-05-05 00:00:00,0.009786
2024-05-05 01:00:00,0.009347
2024-05-05 02:00:00,0.009054000000000001
2024-05-05 03:00:00,0.008867
2024-05-05 04:00:00,0.00851
2024-05-05 05:00:00,0.00854999999999999
2024-05-05 06:00:00,0.008029
2024-05-05 07:00:00,0.00741
2024-05-05 08:00:00,0.004989
2024-05-05 09:00:00,0.0026209999999999897
2024-05-05 10:00:00,0.000885
2024-05-05 11:00:00,4.4e-05
2024-05-05 12:00:00,0.0
2024-05-05 13:00:00,-3.999999999999901e-06
2024-05-05 14:00:00,-9.699999999999e-05
2024-05-05 15:00:00,-1e-05
2024-05-05 16:00:00,0.0
2024-05-05 17:00:00,0.0032
2024-05-05 18:00:00,0.009255999999999992
2024-05-05 19:00:00,0.010226
2024-05-05 20:00:00,0.012113
2024-05-05 21:00:00,0.011550000000000001
2024-05-05 22:00:00,0.01065
2024-05-05 23:00:00,0.00935
2024-05-06 00:00:00,0.008285999999998999
2024-05-06 01:00:00,0.00827
2024-05-06 02:00:00,0.008417999999999988
2024-05-06 03:00:00,0.008347
2024-05-06 04:00:00,0.008243
2024-05-06 05:00:00,0.00875099999999999
2024-05-06 06:00:00,0.011312
2024-05-06 07:00:00,0.013209
2024-05-06 08:00:00,0.010154
2024-05-06 09:00:00,0.008918999999999
2024-05-06 10:00:00,0.008099999999999991
2024-05-06 11:00:00,0.007202
2024-05-06 12:00:00,0.006851
2024-05-06 13:00:00,0.007278999999999
2024-05-06 14:00:00,0.00768
2024-05-06 15:00:00,0.008478
2024-05-06 16:00:00,0.008033
2024-05-06 17:00:00,0.009800000000000001
2024-05-06 18:00:00,0.01142
2024-05-06 19:00:00,0.013717
2024-05-06 20:00:00,0.013794999999999
2024-05-06 21:00:00,0.010934
2024-05-06 22:00:00,0.009458000000000001
2024-05-06 23:00:00,0.008442
2024-05-07 00:00:00,0.008173
2024-05-07 01:00:00,0.007937
2024-05-07 02:00:00,0.007731000000000001
2024-05-07 03:00:00,0.008145999999999001
2024-05-07 04:00:00,0.008173
2024-05-07 05:00:00,0.008044
2024-05-07 06:00:00,0.009598999999999
2024-05-07 07:00:00,0.011821
2024-05-07 08:00:00,0.011266
2024-05-07 09:00:00,0.009175
2024-05-07 10:00:00,0.008400000000000001
2024-05-07 11:00:00,0.007539
2024-05-07 12:00:00,0.005690999999999001
2024-05-07 13:00:00,0.005175
2024-05-07 14:00:00,0.004789000000000001
2024-05-07 15:00:00,0.004881
2024-05-07 16:00:00,0.007559999999998999
2024-05-07 17:00:00,0.00839299999999999
2024-05-07 18:00:00,0.009984999999999999
2024-05-07 19:00:00,0.012061
2024-05-07 20:00:00,0.013801
2024-05-07 21:00:00,0.012204000000000001
2024-05-07 22:00:00,0.010169999999999993
2024-05-07 23:00:00,0.008300999999999
2024-05-08 00:00:00,0.008985
2024-05-08 01:00:00,0.008740999999999
2024-05-08 02:00:00,0.00873099999999899
2024-05-08 03:00:00,0.008564
2024-05-08 04:00:00,0.008017000000000002
2024-05-08 05:00:00,0.008
2024-05-08 06:00:00,0.010868000000000001
2024-05-08 07:00:00,0.012129999999999001
2024-05-08 08:00:00,0.011846999999998999
2024-05-08 09:00:00,0.010050000000000002
2024-05-08 10:00:00,0.009303
2024-05-08 11:00:00,0.008735
2024-05-08 12:00:00,0.006605999999999
2024-05-08 13:00:00,0.006193
2024-05-08 14:00:00,0.006209
2024-05-08 15:00:00,0.005989
2024-05-08 16:00:00,0.006827
2024-05-08 17:00:00,0.007973999999999001
2024-05-08 18:00:00,0.009478
2024-05-08 19:00:00,0.012052
2024-05-08 20:00:00,0.013838
2024-05-08 21:00:00,0.012265999999999
2024-05-08 22:00:00,0.00984
2024-05-08 23:00:00,0.009209
2024-05-09 00:00:00,0.00876
2024-05-09 01:00:00,0.008805999999998999
2024-05-09 02:00:00,0.00849999999999999
2024-05-09 03:00:00,0.008160999999998999
2024-05-09 04:00:00,0.007550999999999
2024-05-09 05:00:00,0.007655999999999991
2024-05-09 06:00:00,0.008400000000000001
2024-05-09 07:00:00,0.008459999999999001
2024-05-09 08:00:00,0.006164
2024-05-09 09:00:00,0.002346999999999
2024-05-09 10:00:00,0.0005309999999999999
2024-05-09 11:00:00,-3e-05
2024-05-09 12:00:00,-6.500000000000001e-05
2024-05-09 13:00:00,-0.00011399999999999
2024-05-09 14:00:00,-0.00017999999999999998
2024-05-09 15:00:00,-6.899999999999e-05
2024-05-09 16:00:00,9.099999999999e-05
2024-05-09 17:00:00,0.00583399999999999
2024-05-09 18:00:00,0.008
2024-05-09 19:00:00,0.009692000000000001
2024-05-09 20:00:00,0.01206599999999999
2024-05-09 21:00:00,0.011483
2024-05-09 22:00:00,0.009240999999999
2024-05-09 23:00:00,0.009000000000000001
2024-05-10 00:00:00,0.009788999999999999
2024-05-10 01:00:00,0.009209
2024-05-10 02:00:00,0.008579000000000002
2024-05-10 03:00:00,0.0083
2024-05-10 04:00:00,0.008215999999998988
2024-05-10 05:00:00,0.00894
2024-05-10 06:00:00,0.009892
2024-05-10 07:00:00,0.009748
2024-05-10 08:00:00,0.009559999999999
2024-05-10 09:00:00,0.00613
2024-05-10 10:00:00,0.002012
2024-05-10 11:00:00,0.00029099999999999997
2024-05-10 12:00:00,5.800000000000001e-05
2024-05-10 13:00:00,1e-05
2024-05-10 14:00:00,8e-06
2024-05-10 15:00:00,0.001863
2024-05-10 16:00:00,0.005971000000000001
2024-05-10 17:00:00,0.00785
2024-05-10 18:00:00,0.009325
2024-05-10 19:00:00,0.011112999999999
2024-05-10 20:00:00,0.015989999999999
2024-05-10 21:00:00,0.013231000000000001
2024-05-10 22:00:00,0.010487
2024-05-10 23:00:00,0.009031
2024-05-11 00:00:00,0.008599
2024-05-11 01:00:00,0.008084
2024-05-11 02:00:00,0.007909999999999
2024-05-11 03:00:00,0.008250999999998999
2024-05-11 04:00:00,0.007904
2024-05-11 05:00:00,0.007914000000000001
2024-05-11 06:00:00,0.0078
2024-05-11 07:00:00,0.0068069999999990005
2024-05-11 08:00:00,0.004765999999999
2024-05-11 09:00:00,0.00067199999999998
2024-05-11 10:00:00,0.0
2024-05-11 11:00:00,-0.001148
2024-05-11 12:00:00,-0.002669999999999
2024-05-11 13:00:00,-0.006500000000000001
2024-05-11 14:00:00,-0.005
2024-05-11 15:00:00,-0.0025
2024-05-11 16:00:00,-4.1999999999989996e-05
2024-05-11 17:00:00,0.002976
2024-05-11 18:00:00,0.006949
2024-05-11 19:00:00,0.008602
2024-05-11 20:00:00,0.0108
2024-05-11 21:00:00,0.009031
2024-05-11 22:00:00,0.007828
2024-05-11 23:00:00,0.006456999999999
2024-05-12 00:00:00,0.0063
2024-05-12 01:00:00,0.005136
2024-05-12 02:00:00,0.004271999999999989
2024-05-12 03:00:00,0.0039
2024-05-12 04:00:00,0.00431
2024-05-12 05:00:00,0.0038780000000000004
2024-05-12 06:00:00,0.001761
2024-05-12 07:00:00,0.000479
2024-05-12 08:00:00,0.00023499999999999
2024-05-12 09:00:00,-0.0002799999999999999
2024-05-12 10:00:00,-0.0026290000000000003
2024-05-12 11:00:00,-0.00891
2024-05-12 12:00:00,-0.016509999999999
2024-05-12 13:00:00,-0.02
2024-05-12 14:00:00,-0.018672
2024-05-12 15:00:00,-0.010891999999999999
2024-05-12 16:00:00,-0.0030099999999999997
2024-05-12 17:00:00,-0.000105
2024-05-12 18:00:00,0.002484
2024-05-12 19:00:00,0.006752
2024-05-12 20:00:00,0.008373999999999
2024-05-12 21:00:00,0.0060019999999999995
2024-05-12 22:00:00,0.004675999999999
2024-05-12 23:00:00,0.003742
2024-05-13 00:00:00,0.0027120000000000004
2024-05-13 01:00:00,0.002608
2024-05-13 02:00:00,0.002584
2024-05-13 03:00:00,0.0024909999999999898
2024-05-13 04:00:00,0.0027229999999999997
2024-05-13 05:00:00,0.004200000000000001
2024-05-13 06:00:00,0.007692
2024-05-13 07:00:00,0.010095000000000002
2024-05-13 08:00:00,0.008419000000000001
2024-05-13 09:00:00,0.004489
2024-05-13 10:00:00,0.00111
2024-05-13 11:00:00,-3.4999999999989995e-05
2024-05-13 12:00:00,-0.00018899999999999
2024-05-13 13:00:00,-0.000155
2024-05-13 14:00:00,-0.00016899999999998
2024-05-13 15:00:00,-1e-05
2024-05-13 16:00:00,0.000109
2024-05-13 17:00:00,0.006663
2024-05-13 18:00:00,0.009673000000000001
2024-05-13 19:00:00,0.015378000000000001
2024-05-13 20:00:00,0.014939000000000001
2024-05-13 21:00:00,0.01
2024-05-13 22:00:00,0.008441
2024-05-13 23:00:00,0.00601
2024-05-14 00:00:00,0.0063599999999999915
2024-05-14 01:00:00,0.005529999999999
2024-05-14 02:00:00,0.0045000000000000005
2024-05-14 03:00:00,0.004265
2024-05-14 04:00:00,0.0037599999999999895
2024-05-14 05:00:00,0.00466
2024-05-14 06:00:00,0.007568
2024-05-14 07:00:00,0.007237
2024-05-14 08:00:00,0.004614999999999999
2024-05-14 09:00:00,0.0005780000000000001
2024-05-14 10:00:00,-0.000247
2024-05-14 11:00:00,-0.0020059999999990003
2024-05-14 12:00:00,-0.005001
2024-05-14 13:00:00,-0.00699999999999999
2024-05-14 14:00:00,-0.0057020000000000005
2024-05-14 15:00:00,-0.0034999999999999897
2024-05-14 16:00:00,-0.00025
2024-05-14 17:00:00,7.6e-05
2024-05-14 18:00:00,0.006494999999999
2024-05-14 19:00:00,0.009644999999999999
2024-05-14 20:00:00,0.011199999999999991
2024-05-14 21:00:00,0.01001
2024-05-14 22:00:00,0.008922999999999992
2024-05-14 23:00:00,0.01
2024-05-15 00:00:00,0.010989
2024-05-15 01:00:00,0.008529999999999
2024-05-15 02:00:00,0.008209999999999001
2024-05-15 03:00:00,0.007399999999999
2024-05-15 04:00:00,0.0083
2024-05-15 05:00:00,0.008109999999999
2024-05-15 06:00:00,0.007779999999999
2024-05-15 07:00:00,0.008003
2024-05-15 08:00:00,0.007559999999998999
2024-05-15 09:00:00,0.004352000000000001
2024-05-15 10:00:00,0.00086
2024-05-15 11:00:00,0.000592
2024-05-15 12:00:00,0.0
2024-05-15 13:00:00,-0.000131
2024-05-15 14:00:00,-9.5e-05
2024-05-15 15:00:00,0.0003339999999999899
2024-05-15 16:00:00,0.001
2024-05-15 17:00:00,0.010191
2024-05-15 18:00:00,0.008780000000000001
2024-05-15 19:00:00,0.0111
2024-05-15 20:00:00,0.011586
2024-05-15 21:00:00,0.01
2024-05-15 22:00:00,0.00973
2024-05-15 23:00:00,0.00934
2024-05-16 00:00:00,0.009800000000000001
2024-05-16 01:00:00,0.008559999999999
2024-05-16 02:00:00,0.0071200000000000005
2024-05-16 03:00:00,0.00697499999999999
2024-05-16 04:00:00,0.0064
2024-05-16 05:00:00,0.0075
2024-05-16 06:00:00,0.008105999999999
2024-05-16 07:00:00,0.008720999999999
2024-05-16 08:00:00,0.011194
2024-05-16 09:00:00,0.008033999999999
2024-05-16 10:00:00,0.004392
2024-05-16 11:00:00,0.0016
2024-05-16 12:00:00,0.0004889999999999899
2024-05-16 13:00:00,4.4e-05
2024-05-16 14:00:00,0.00013799999999999
2024-05-16 15:00:00,0.00022399999999999002
2024-05-16 16:00:00,0.0060999999999999995
2024-05-16 17:00:00,0.01
2024-05-16 18:00:00,0.01
2024-05-16 19:00:00,0.010400000000000001
2024-05-16 20:00:00,0.0119
2024-05-16 21:00:00,0.009973000000000001
2024-05-16 22:00:00,0.0083
2024-05-16 23:00:00,0.007452
2024-05-17 00:00:00,0.01
2024-05-17 01:00:00,0.009254
2024-05-17 02:00:00,0.00901
2024-05-17 03:00:00,0.008138
2024-05-17 04:00:00,0.008
2024-05-17 05:00:00,0.00901
2024-05-17 06:00:00,0.008964
2024-05-17 07:00:00,0.009926
2024-05-17 08:00:00,0.009764
2024-05-17 09:00:00,0.01069
2024-05-17 10:00:00,0.00821999999999899
2024-05-17 11:00:00,0.00569999999999999
2024-05-17 12:00:00,0.0037860000000000003
2024-05-17 13:00:00,0.003436
2024-05-17 14:00:00,0.004373
2024-05-17 15:00:00,0.0055
2024-05-17 16:00:00,0.00854999999999999
2024-05-17 17:00:00,0.008699999999999002
2024-05-17 18:00:00,0.009000000000000001
2024-05-17 19:00:00,0.0108
2024-05-17 20:00:00,0.011199999999999991
2024-05-17 21:00:00,0.010150000000000001
2024-05-17 22:00:00,0.009000000000000001
2024-05-17 23:00:00,0.0083
2024-05-18 00:00:00,0.008365999999998989
2024-05-18 01:00:00,0.006357000000000001
2024-05-18 02:00:00,0.00697
2024-05-18 03:00:00,0.005933999999999999
2024-05-18 04:00:00,0.00625
2024-05-18 05:00:00,0.006458
2024-05-18 06:00:00,0.0064800000000000005
2024-05-18 07:00:00,0.00643099999999999
2024-05-18 08:00:00,0.005829
2024-05-18 09:00:00,0.004269
2024-05-18 10:00:00,0.0009429999999999999
2024-05-18 11:00:00,7.099999999998e-05
2024-05-18 12:00:00,-3e-06
2024-05-18 13:00:00,-0.00012900000000000002
2024-05-18 14:00:00,-0.00027899999999999
2024-05-18 15:00:00,-0.00019199999999999
2024-05-18 16:00:00,-3e-06
2024-05-18 17:00:00,0.00427499999999999
2024-05-18 18:00:00,0.00699999999999999
2024-05-18 19:00:00,0.010233
2024-05-18 20:00:00,0.012411
2024-05-18 21:00:00,0.011388
2024-05-18 22:00:00,0.00954
2024-05-18 23:00:00,0.008660000000000001
2024-05-19 00:00:00,0.009489000000000001
2024-05-19 01:00:00,0.008932999999999
2024-05-19 02:00:00,0.009000000000000001
2024-05-19 03:00:00,0.00847499999999999
2024-05-19 04:00:00,0.008695
2024-05-19 05:00:00,0.008075999999999
2024-05-19 06:00:00,0.007535999999999001
2024-05-19 07:00:00,0.006837
2024-05-19 08:00:00,0.004989
2024-05-19 09:00:00,0.0005819999999999999
2024-05-19 10:00:00,-0.00043099999999999
2024-05-19 11:00:00,-0.005
2024-05-19 12:00:00,-0.006406999999999
2024-05-19 13:00:00,-0.008
2024-05-19 14:00:00,-0.00699999999999999
2024-05-19 15:00:00,-0.0049900000000000005
2024-05-19 16:00:00,-0.00136
2024-05-19 17:00:00,-8.9999999999999e-06
2024-05-19 18:00:00,0.005942
2024-05-19 19:00:00,0.00834
2024-05-19 20:00:00,0.010631999999999999
2024-05-19 21:00:00,0.01147599999999999
2024-05-19 22:00:00,0.009101999999999
2024-05-19 23:00:00,0.008305
2024-05-20 00:00:00,0.008275000000000001
2024-05-20 01:00:00,0.007105
2024-05-20 02:00:00,0.007805
2024-05-20 03:00:00,0.0071849999999999995
2024-05-20 04:00:00,0.00735
2024-05-20 05:00:00,0.008131999999999
2024-05-20 06:00:00,0.009333000000000001
2024-05-20 07:00:00,0.009470999999999001
2024-05-20 08:00:00,0.006699
2024-05-20 09:00:00,0.003164
2024-05-20 10:00:00,0.00125599999999999
2024-05-20 11:00:00,0.000616
2024-05-20 12:00:00,0.000219
2024-05-20 13:00:00,1.3e-05
2024-05-20 14:00:00,-1.799999999999e-05
2024-05-20 15:00:00,-1.1e-05
2024-05-20 16:00:00,0.000487
2024-05-20 17:00:00,0.005534
2024-05-20 18:00:00,0.007894
2024-05-20 19:00:00,0.010596
2024-05-20 20:00:00,0.012576
2024-05-20 21:00:00,0.011678000000000001
2024-05-20 22:00:00,0.009663
2024-05-20 23:00:00,0.007985999999998999
2024-05-21 00:00:00,0.008942
2024-05-21 01:00:00,0.008381999999999
2024-05-21 02:00:00,0.0077459999999989985
2024-05-21 03:00:00,0.007705999999998999
2024-05-21 04:00:00,0.0078
2024-05-21 05:00:00,0.008660000000000001
2024-05-21 06:00:00,0.011131999999999
2024-05-21 07:00:00,0.01170899999999999
2024-05-21 08:00:00,0.009638999999999991
2024-05-21 09:00:00,0.007623999999999
2024-05-21 10:00:00,0.0061600000000000005
2024-05-21 11:00:00,0.004926000000000001
2024-05-21 12:00:00,0.002741
2024-05-21 13:00:00,0.002916
2024-05-21 14:00:00,0.00332099999999999
2024-05-21 15:00:00,0.006078
2024-05-21 16:00:00,0.006912
2024-05-21 17:00:00,0.008009999999999
2024-05-21 18:00:00,0.01078999999999899
2024-05-21 19:00:00,0.011599
2024-05-21 20:00:00,0.010694
2024-05-21 21:00:00,0.010583999999999991
2024-05-21 22:00:00,0.01013999999999999
2024-05-21 23:00:00,0.0108
2024-05-22 00:00:00,0.010523999999999999
2024-05-22 01:00:00,0.009321999999999999
2024-05-22 02:00:00,0.0075
2024-05-22 03:00:00,0.0068000000000000005
2024-05-22 04:00:00,0.007020999999999001
2024-05-22 05:00:00,0.006992
2024-05-22 06:00:00,0.008523999999999001
2024-05-22 07:00:00,0.009595000000000001
2024-05-22 08:00:00,0.009000000000000001
2024-05-22 09:00:00,0.007488000000000001
2024-05-22 10:00:00,0.00633499999999999
2024-05-22 11:00:00,0.006071999999999
2024-05-22 12:00:00,-0.0006500000000000001
2024-05-22 13:00:00,-0.001001
2024-05-22 14:00:00,-0.000479
2024-05-22 15:00:00,0.0
2024-05-22 16:00:00,0.00143399999999999
2024-05-22 17:00:00,0.0072310000000000004
2024-05-22 18:00:00,0.009215999999999
2024-05-22 19:00:00,0.00999
2024-05-22 20:00:00,0.013651999999999
2024-05-22 21:00:00,0.011734
2024-05-22 22:00:00,0.009969
2024-05-22 23:00:00,0.008773999999999001
2024-05-23 00:00:00,0.007534000000000001
2024-05-23 01:00:00,0.007207
2024-05-23 02:00:00,0.006647
2024-05-23 03:00:00,0.0069310000000000005
2024-05-23 04:00:00,0.006891
2024-05-23 05:00:00,0.007498
2024-05-23 06:00:00,0.009431999999999
2024-05-23 07:00:00,0.011101000000000001
2024-05-23 08:00:00,0.009592000000000002
2024-05-23 09:00:00,0.007515
2024-05-23 10:00:00,0.007103
2024-05-23 11:00:00,0.006102
2024-05-23 12:00:00,0.005
2024-05-23 13:00:00,0.004390000000000001
2024-05-23 14:00:00,0.005331000000000001
2024-05-23 15:00:00,0.006261999999999
2024-05-23 16:00:00,0.007560999999999001
2024-05-23 17:00:00,0.008828999999999
2024-05-23 18:00:00,0.010250999999999991
2024-05-23 19:00:00,0.013000000000000001
2024-05-23 20:00:00,0.016541
2024-05-23 21:00:00,0.014754
2024-05-23 22:00:00,0.012353999999999999
2024-05-23 23:00:00,0.010337
2024-05-24 00:00:00,0.010143000000000001
2024-05-24 01:00:00,0.009273
2024-05-24 02:00:00,0.00888599999999899
2024-05-24 03:00:00,0.008943999999999001
2024-05-24 04:00:00,0.009431
2024-05-24 05:00:00,0.010077000000000001
2024-05-24 06:00:00,0.011932
2024-05-24 07:00:00,0.011743
2024-05-24 08:00:00,0.01107799999999999
2024-05-24 09:00:00,0.010199999999999999
2024-05-24 10:00:00,0.009128
2024-05-24 11:00:00,0.00841399999999999
2024-05-24 12:00:00,0.00832199999999999
2024-05-24 13:00:00,0.008139000000000002
2024-05-24 14:00:00,0.008123
2024-05-24 15:00:00,0.008338
2024-05-24 16:00:00,0.008400000000000001
2024-05-24 17:00:00,0.0096
2024-05-24 18:00:00,0.010779999999998999
2024-05-24 19:00:00,0.012337999999999
2024-05-24 20:00:00,0.012086000000000001
2024-05-24 21:00:00,0.011582999999999991
2024-05-24 22:00:00,0.01096699999999999
2024-05-24 23:00:00,0.009984
2024-05-25 00:00:00,0.009487999999998999
2024-05-25 01:00:00,0.009087
2024-05-25 02:00:00,0.009021000000000001
2024-05-25 03:00:00,0.008938000000000001
2024-05-25 04:00:00,0.008929000000000001
2024-05-25 05:00:00,0.009000000000000001
2024-05-25 06:00:00,0.009068
2024-05-25 07:00:00,0.008269
2024-05-25 08:00:00,0.008212
2024-05-25 09:00:00,0.008740000000000001
2024-05-25 10:00:00,0.005422999999999
2024-05-25 11:00:00,0.000934
2024-05-25 12:00:00,0.00032399999999999004
2024-05-25 13:00:00,3.999999999999901e-06
2024-05-25 14:00:00,0.0
2024-05-25 15:00:00,1.9999999999999e-06
2024-05-25 16:00:00,0.0012869999999989901
2024-05-25 17:00:00,0.006522
2024-05-25 18:00:00,0.008608000000000001
2024-05-25 19:00:00,0.0105
2024-05-25 20:00:00,0.012436000000000001
2024-05-25 21:00:00,0.013479
2024-05-25 22:00:00,0.011331999999999
2024-05-25 23:00:00,0.010323
2024-05-26 00:00:00,0.011712
2024-05-26 01:00:00,0.00992
2024-05-26 02:00:00,0.009404999999999
2024-05-26 03:00:00,0.00901
2024-05-26 04:00:00,0.009215
2024-05-26 05:00:00,0.009002000000000001
2024-05-26 06:00:00,0.008206999999999002
2024-05-26 07:00:00,0.00719
2024-05-26 08:00:00,0.001325
2024-05-26 09:00:00,1.9999999999999e-06
2024-05-26 10:00:00,0.0
2024-05-26 11:00:00,-8.9999999999999e-06
2024-05-26 12:00:00,-0.000212
2024-05-26 13:00:00,-0.001065999999999
2024-05-26 14:00:00,-0.002388999999999
2024-05-26 15:00:00,-0.000991
2024-05-26 16:00:00,-6e-05
2024-05-26 17:00:00,0.005533000000000001
2024-05-26 18:00:00,0.009117000000000002
2024-05-26 19:00:00,0.010091
2024-05-26 20:00:00,0.011349
2024-05-26 21:00:00,0.010895999999999
2024-05-26 22:00:00,0.009840999999999999
2024-05-26 23:00:00,0.00875
2024-05-27 00:00:00,0.0070290000000000005
2024-05-27 01:00:00,0.006895999999999
2024-05-27 02:00:00,0.00679
2024-05-27 03:00:00,0.006787
2024-05-27 04:00:00,0.007030000000000001
2024-05-27 05:00:00,0.0076299999999989996
2024-05-27 06:00:00,0.009714
2024-05-27 07:00:00,0.011055999999999991
2024-05-27 08:00:00,0.010503
2024-05-27 09:00:00,0.009176
2024-05-27 10:00:00,0.008
2024-05-27 11:00:00,0.007729999999999001
2024-05-27 12:00:00,0.0070109999999999895
2024-05-27 13:00:00,0.006675000000000001
2024-05-27 14:00:00,0.006497
2024-05-27 15:00:00,0.006801000000000001
2024-05-27 16:00:00,0.007249
2024-05-27 17:00:00,0.009079999999999
2024-05-27 18:00:00,0.010629
2024-05-27 19:00:00,0.013044
2024-05-27 20:00:00,0.015462000000000002
2024-05-27 21:00:00,0.014127
2024-05-27 22:00:00,0.01146399999999999
2024-05-27 23:00:00,0.009745999999999
2024-05-28 00:00:00,0.009326999999999
2024-05-28 01:00:00,0.0094
2024-05-28 02:00:00,0.008764
2024-05-28 03:00:00,0.008522
2024-05-28 04:00:00,0.008395999999999001
2024-05-28 05:00:00,0.00884
2024-05-28 06:00:00,0.0099
2024-05-28 07:00:00,0.010523999999999999
2024-05-28 08:00:00,0.009261
2024-05-28 09:00:00,0.007748
2024-05-28 10:00:00,0.006550000000000001
2024-05-28 11:00:00,0.0058200000000000005
2024-05-28 12:00:00,0.005132999999999989
2024-05-28 13:00:00,0.00464399999999899
2024-05-28 14:00:00,0.00465299999999999
2024-05-28 15:00:00,0.005493999999999
2024-05-28 16:00:00,0.006089000000000001
2024-05-28 17:00:00,0.0073069999999989905
2024-05-28 18:00:00,0.008749000000000002
2024-05-28 19:00:00,0.011765000000000001
2024-05-28 20:00:00,0.01300299999999999
2024-05-28 21:00:00,0.010667
2024-05-28 22:00:00,0.008976000000000001
2024-05-28 23:00:00,0.007955999999999
2024-05-29 00:00:00,0.00681
2024-05-29 01:00:00,0.0053100000000000005
2024-05-29 02:00:00,0.004954
2024-05-29 03:00:00,0.00442
2024-05-29 04:00:00,0.004214000000000001
2024-05-29 05:00:00,0.004187
2024-05-29 06:00:00,0.005940000000000001
2024-05-29 07:00:00,0.008004999999999
2024-05-29 08:00:00,0.008564
2024-05-29 09:00:00,0.006448999999999
2024-05-29 10:00:00,0.0049900000000000005
2024-05-29 11:00:00,0.0041589999999999995
2024-05-29 12:00:00,0.003516
2024-05-29 13:00:00,0.00331
2024-05-29 14:00:00,0.0032210000000000003
2024-05-29 15:00:00,0.00431999999999999
2024-05-29 16:00:00,0.006347
2024-05-29 17:00:00,0.008177
2024-05-29 18:00:00,0.008494999999999002
2024-05-29 19:00:00,0.0099
2024-05-29 20:00:00,0.012692
2024-05-29 21:00:00,0.01335
2024-05-29 22:00:00,0.01132999999999999
2024-05-29 23:00:00,0.010183
2024-05-30 00:00:00,0.009845000000000001
2024-05-30 01:00:00,0.009630000000000001
2024-05-30 02:00:00,0.008402999999999
2024-05-30 03:00:00,0.008949999999999
2024-05-30 04:00:00,0.008395999999999001
2024-05-30 05:00:00,0.008863
2024-05-30 06:00:00,0.009547
2024-05-30 07:00:00,0.009603999999998999
2024-05-30 08:00:00,0.008767999999999
2024-05-30 09:00:00,0.00827799999999999
2024-05-30 10:00:00,0.00723
2024-05-30 11:00:00,0.006712999999999999
2024-05-30 12:00:00,0.00594699999999999
2024-05-30 13:00:00,0.005220000000000001
2024-05-30 14:00:00,0.005266
2024-05-30 15:00:00,0.005653
2024-05-30 16:00:00,0.0069960000000000005
2024-05-30 17:00:00,0.007512
2024-05-30 18:00:00,0.00939
2024-05-30 19:00:00,0.011644999999999999
2024-05-30 20:00:00,0.013349
2024-05-30 21:00:00,0.012417
2024-05-30 22:00:00,0.00993
2024-05-30 23:00:00,0.009023999999999002
2024-05-31 00:00:00,0.00919999999999899
2024-05-31 01:00:00,0.007876999999999
2024-05-31 02:00:00,0.006651999999999999
2024-05-31 03:00:00,0.00617
2024-05-31 04:00:00,0.006200999999999001
2024-05-31 05:00:00,0.0075189999999990004
2024-05-31 06:00:00,0.00889599999999899
2024-05-31 07:00:00,0.009151
2024-05-31 08:00:00,0.009065
2024-05-31 09:00:00,0.00849999999999999
2024-05-31 10:00:00,0.007720000000000001
2024-05-31 11:00:00,0.007113
2024-05-31 12:00:00,0.006265999999999999
2024-05-31 13:00:00,0.0056689999999999996
2024-05-31 14:00:00,0.005008
2024-05-31 15:00:00,0.00418399999999999
2024-05-31 16:00:00,0.004147999999999
2024-05-31 17:00:00,0.006509999999999
2024-05-31 18:00:00,0.0078
2024-05-31 19:00:00,0.009083999999999991
2024-05-31 20:00:00,0.009303
2024-05-31 21:00:00,0.008314
2024-05-31 22:00:00,0.008242
2024-05-31 23:00:00,0.007102000000000001
2024-06-01 00:00:00,0.006786
2024-06-01 01:00:00,0.006776999999999999
2024-06-01 02:00:00,0.007030000000000001
2024-06-01 03:00:00,0.005793
2024-06-01 04:00:00,0.006327000000000001
2024-06-01 05:00:00,0.006561999999999999
2024-06-01 06:00:00,0.00659
2024-06-01 07:00:00,0.006164
2024-06-01 08:00:00,0.006
2024-06-01 09:00:00,0.005084999999999991
2024-06-01 10:00:00,0.003797
2024-06-01 11:00:00,0.0033740000000000003
2024-06-01 12:00:00,0.00171
2024-06-01 13:00:00,0.000596
2024-06-01 14:00:00,-9.999999999999e-07
2024-06-01 15:00:00,0.0
2024-06-01 16:00:00,0.0010320000000000001
2024-06-01 17:00:00,0.004189
2024-06-01 18:00:00,0.0054
2024-06-01 19:00:00,0.006478000000000001
2024-06-01 20:00:00,0.006669
2024-06-01 21:00:00,0.006325999999999001
2024-06-01 22:00:00,0.00653099999999999
2024-06-01 23:00:00,0.005561999999998999
2024-06-02 00:00:00,0.0030620000000000005
2024-06-02 01:00:00,0.002392
2024-06-02 02:00:00,0.001202999999999
2024-06-02 03:00:00,0.0005
2024-06-02 04:00:00,0.00089199999999999
2024-06-02 05:00:00,0.000517
2024-06-02 06:00:00,0.000491
2024-06-02 07:00:00,0.00041099999999999996
2024-06-02 08:00:00,9.699999999999e-05
2024-06-02 09:00:00,-3.999999999999901e-06
2024-06-02 10:00:00,-0.0010029999999990001
2024-06-02 11:00:00,-0.002
2024-06-02 12:00:00,-0.003
2024-06-02 13:00:00,-0.006
2024-06-02 14:00:00,-0.0075
2024-06-02 15:00:00,-0.008099999999999991
2024-06-02 16:00:00,-0.0035700000000000003
2024-06-02 17:00:00,-0.000127
2024-06-02 18:00:00,0.001
2024-06-02 19:00:00,0.005475999999999
2024-06-02 20:00:00,0.007397
2024-06-02 21:00:00,0.0096
2024-06-02 22:00:00,0.009359999999999
2024-06-02 23:00:00,0.008515999999999
2024-06-03 00:00:00,0.009519999999999999
2024-06-03 01:00:00,0.00825499999999899
2024-06-03 02:00:00,0.008990999999999
2024-06-03 03:00:00,0.007548000000000001
2024-06-03 04:00:00,0.007102000000000001
2024-06-03 05:00:00,0.00817
2024-06-03 06:00:00,0.011414
2024-06-03 07:00:00,0.016018
2024-06-03 08:00:00,0.014273
2024-06-03 09:00:00,0.011033
2024-06-03 10:00:00,0.008549
2024-06-03 11:00:00,0.00788
2024-06-03 12:00:00,0.006827
2024-06-03 13:00:00,0.00617
2024-06-03 14:00:00,0.00552
2024-06-03 15:00:00,0.005848
2024-06-03 16:00:00,0.006372
2024-06-03 17:00:00,0.0089
2024-06-03 18:00:00,0.011137999999998992
2024-06-03 19:00:00,0.015691999999999002
2024-06-03 20:00:00,0.018769999999999003
2024-06-03 21:00:00,0.017366999999998998
2024-06-03 22:00:00,0.013550999999999999
2024-06-03 23:00:00,0.010590999999998999
2024-06-04 00:00:00,0.010551
2024-06-04 01:00:00,0.009778
2024-06-04 02:00:00,0.009189000000000001
2024-06-04 03:00:00,0.008388
2024-06-04 04:00:00,0.008078000000000002
2024-06-04 05:00:00,0.009428
2024-06-04 06:00:00,0.014521999999999001
2024-06-04 07:00:00,0.016387999999999
2024-06-04 08:00:00,0.013666000000000001
2024-06-04 09:00:00,0.010851999999999
2024-06-04 10:00:00,0.008978999999999002
2024-06-04 11:00:00,0.007239
2024-06-04 12:00:00,0.0061169999999999905
2024-06-04 13:00:00,0.004753
2024-06-04 14:00:00,0.0035700000000000003
2024-06-04 15:00:00,0.003829999999999
2024-06-04 16:00:00,0.00434
2024-06-04 17:00:00,0.0057090000000000005
2024-06-04 18:00:00,0.00861999999999899
2024-06-04 19:00:00,0.0094
2024-06-04 20:00:00,0.0105
2024-06-04 21:00:00,0.011276999999999999
2024-06-04 22:00:00,0.009662
2024-06-04 23:00:00,0.007001
2024-06-05 00:00:00,0.0057479999999990004
2024-06-05 01:00:00,0.004501000000000001
2024-06-05 02:00:00,0.004567
2024-06-05 03:00:00,0.004836
2024-06-05 04:00:00,0.00486599999999899
2024-06-05 05:00:00,0.006726
2024-06-05 06:00:00,0.009244
2024-06-05 07:00:00,0.012122
2024-06-05 08:00:00,0.00992199999999999
2024-06-05 09:00:00,0.007343999999999001
2024-06-05 10:00:00,0.005664000000000001
2024-06-05 11:00:00,0.004582999999999
2024-06-05 12:00:00,0.003754
2024-06-05 13:00:00,0.002426
2024-06-05 14:00:00,0.002093
2024-06-05 15:00:00,0.0025
2024-06-05 16:00:00,0.004956
2024-06-05 17:00:00,0.006736000000000001
2024-06-05 18:00:00,0.009375999999999999
2024-06-05 19:00:00,0.011848000000000001
2024-06-05 20:00:00,0.014028
2024-06-05 21:00:00,0.014445000000000001
2024-06-05 22:00:00,0.013154
2024-06-05 23:00:00,0.010365000000000001
2024-06-06 00:00:00,0.008718
2024-06-06 01:00:00,0.008059999999999
2024-06-06 02:00:00,0.007692
2024-06-06 03:00:00,0.007465
2024-06-06 04:00:00,0.007983
2024-06-06 05:00:00,0.008931000000000001
2024-06-06 06:00:00,0.011199999999999991
2024-06-06 07:00:00,0.01173
2024-06-06 08:00:00,0.009683
2024-06-06 09:00:00,0.007124
2024-06-06 10:00:00,0.0057799999999999995
2024-06-06 11:00:00,0.0030299999999999997
2024-06-06 12:00:00,0.00252
2024-06-06 13:00:00,0.001967
2024-06-06 14:00:00,0.002093
2024-06-06 15:00:00,0.003098
2024-06-06 16:00:00,0.0053750000000000004
2024-06-06 17:00:00,0.007462000000000001
2024-06-06 18:00:00,0.008992000000000002
2024-06-06 19:00:00,0.01115
2024-06-06 20:00:00,0.014844
2024-06-06 21:00:00,0.015002000000000001
2024-06-06 22:00:00,0.012376999999999002
2024-06-06 23:00:00,0.01
2024-06-07 00:00:00,0.009771999999999989
2024-06-07 01:00:00,0.009311
2024-06-07 02:00:00,0.0091
2024-06-07 03:00:00,0.009009000000000001
2024-06-07 04:00:00,0.009011
2024-06-07 05:00:00,0.008604
2024-06-07 06:00:00,0.010796
2024-06-07 07:00:00,0.010935999999999989
2024-06-07 08:00:00,0.009859999999999999
2024-06-07 09:00:00,0.007739999999999
2024-06-07 10:00:00,0.005856
2024-06-07 11:00:00,0.00413899999999999
2024-06-07 12:00:00,0.0033909999999989994
2024-06-07 13:00:00,0.00253599999999999
2024-06-07 14:00:00,0.0017410000000000001
2024-06-07 15:00:00,0.00141
2024-06-07 16:00:00,0.0026000000000000003
2024-06-07 17:00:00,0.0060090000000000005
2024-06-07 18:00:00,0.008113
2024-06-07 19:00:00,0.010199999999999999
2024-06-07 20:00:00,0.011967
2024-06-07 21:00:00,0.013387000000000001
2024-06-07 22:00:00,0.011268999999999989
2024-06-07 23:00:00,0.009000000000000001
2024-06-08 00:00:00,0.009434999999999
2024-06-08 01:00:00,0.008115
2024-06-08 02:00:00,0.007402000000000001
2024-06-08 03:00:00,0.0072579999999990005
2024-06-08 04:00:00,0.006706999999999
2024-06-08 05:00:00,0.006924999999999989
2024-06-08 06:00:00,0.00687499999999999
2024-06-08 07:00:00,0.00535299999999999
2024-06-08 08:00:00,0.00386
2024-06-08 09:00:00,0.00124599999999999
2024-06-08 10:00:00,0.0
2024-06-08 11:00:00,-0.0002249999999999999
2024-06-08 12:00:00,-0.00098999999999999
2024-06-08 13:00:00,-0.0023
2024-06-08 14:00:00,-0.002931
2024-06-08 15:00:00,-0.002
2024-06-08 16:00:00,-0.000746
2024-06-08 17:00:00,0.0002
2024-06-08 18:00:00,0.004438000000000001
2024-06-08 19:00:00,0.006637
2024-06-08 20:00:00,0.009311
2024-06-08 21:00:00,0.00999
2024-06-08 22:00:00,0.010823999999998987
2024-06-08 23:00:00,0.00836
2024-06-09 00:00:00,0.006902
2024-06-09 01:00:00,0.005596
2024-06-09 02:00:00,0.003757999999999
2024-06-09 03:00:00,0.0015479999999999901
2024-06-09 04:00:00,0.001763
2024-06-09 05:00:00,0.0012549999999999898
2024-06-09 06:00:00,0.0009320000000000001
2024-06-09 07:00:00,0.0003
2024-06-09 08:00:00,1.9999999999999e-06
2024-06-09 09:00:00,-0.00019700000000000002
2024-06-09 10:00:00,-0.000748
2024-06-09 11:00:00,-0.001542
2024-06-09 12:00:00,-0.003621
2024-06-09 13:00:00,-0.0046159999999999994
2024-06-09 14:00:00,-0.0045780000000000005
2024-06-09 15:00:00,-0.0028679999999999903
2024-06-09 16:00:00,-0.0005380000000000001
2024-06-09 17:00:00,5.2e-05
2024-06-09 18:00:00,0.004
2024-06-09 19:00:00,0.008729
2024-06-09 20:00:00,0.010243
2024-06-09 21:00:00,0.012147999999999999
2024-06-09 22:00:00,0.011703
2024-06-09 23:00:00,0.009618
2024-06-10 00:00:00,0.007592
2024-06-10 01:00:00,0.006511
2024-06-10 02:00:00,0.006620999999999
2024-06-10 03:00:00,0.006152
2024-06-10 04:00:00,0.005957
2024-06-10 05:00:00,0.007475
2024-06-10 06:00:00,0.010526999999999991
2024-06-10 07:00:00,0.017736000000000002
2024-06-10 08:00:00,0.015881
2024-06-10 09:00:00,0.012603
2024-06-10 10:00:00,0.0105
2024-06-10 11:00:00,0.010130000000000002
2024-06-10 12:00:00,0.00881
2024-06-10 13:00:00,0.00699999999999999
2024-06-10 14:00:00,0.0059900000000000005
2024-06-10 15:00:00,0.005810999999999991
2024-06-10 16:00:00,0.0061799999999990005
2024-06-10 17:00:00,0.007180000000000001
2024-06-10 18:00:00,0.008907
2024-06-10 19:00:00,0.010989
2024-06-10 20:00:00,0.01137999999999999
2024-06-10 21:00:00,0.010400000000000001
2024-06-10 22:00:00,0.009715999999999999
2024-06-10 23:00:00,0.0077
2024-06-11 00:00:00,0.00604399999999999
2024-06-11 01:00:00,0.005712
2024-06-11 02:00:00,0.006112
2024-06-11 03:00:00,0.0055
2024-06-11 04:00:00,0.0058070000000000005
2024-06-11 05:00:00,0.0059169999999999995
2024-06-11 06:00:00,0.0077930000000000004
2024-06-11 07:00:00,0.009767
2024-06-11 08:00:00,0.008774999999998992
2024-06-11 09:00:00,0.006823000000000001
2024-06-11 10:00:00,0.004871
2024-06-11 11:00:00,0.003335
2024-06-11 12:00:00,0.001331
2024-06-11 13:00:00,0.000184
2024-06-11 14:00:00,8.599999999999e-05
2024-06-11 15:00:00,0.00021
2024-06-11 16:00:00,0.00131399999999999
2024-06-11 17:00:00,0.005268
2024-06-11 18:00:00,0.0072889999999999995
2024-06-11 19:00:00,0.01010499999999999
2024-06-11 20:00:00,0.012583
2024-06-11 21:00:00,0.012343
2024-06-11 22:00:00,0.010704999999999
2024-06-11 23:00:00,0.00899
2024-06-12 00:00:00,0.008515999999999
2024-06-12 01:00:00,0.008603
2024-06-12 02:00:00,0.0086
2024-06-12 03:00:00,0.007973999999999001
2024-06-12 04:00:00,0.00863
2024-06-12 05:00:00,0.009418
2024-06-12 06:00:00,0.012021999999999998
2024-06-12 07:00:00,0.01149
2024-06-12 08:00:00,0.01040099999999999
2024-06-12 09:00:00,0.00698899999999899
2024-06-12 10:00:00,0.005542
2024-06-12 11:00:00,0.005
2024-06-12 12:00:00,0.003661
2024-06-12 13:00:00,0.003782999999999
2024-06-12 14:00:00,0.003804
2024-06-12 15:00:00,0.003989
2024-06-12 16:00:00,0.0054020000000000006
2024-06-12 17:00:00,0.007142000000000001
2024-06-12 18:00:00,0.008906
2024-06-12 19:00:00,0.011986
2024-06-12 20:00:00,0.014769
2024-06-12 21:00:00,0.015186
2024-06-12 22:00:00,0.012830000000000001
2024-06-12 23:00:00,0.010707000000000001
2024-06-13 00:00:00,0.010311
2024-06-13 01:00:00,0.008963
2024-06-13 02:00:00,0.008362
2024-06-13 03:00:00,0.008034999999999
2024-06-13 04:00:00,0.007868
2024-06-13 05:00:00,0.00927
2024-06-13 06:00:00,0.01140299999999999
2024-06-13 07:00:00,0.01242499999999999
2024-06-13 08:00:00,0.010417
2024-06-13 09:00:00,0.007379
2024-06-13 10:00:00,0.005695
2024-06-13 11:00:00,0.005102000000000001
2024-06-13 12:00:00,0.0044150000000000005
2024-06-13 13:00:00,0.0038929999999999998
2024-06-13 14:00:00,0.0035960000000000002
2024-06-13 15:00:00,0.004490999999999999
2024-06-13 16:00:00,0.006730000000000001
2024-06-13 17:00:00,0.007085
2024-06-13 18:00:00,0.00909
2024-06-13 19:00:00,0.012164999999999999
2024-06-13 20:00:00,0.016613999999998998
2024-06-13 21:00:00,0.013904999999999999
2024-06-13 22:00:00,0.009960000000000002
2024-06-13 23:00:00,0.008
2024-06-14 00:00:00,0.006994
2024-06-14 01:00:00,0.005894
2024-06-14 02:00:00,0.005339000000000001
2024-06-14 03:00:00,0.005044
2024-06-14 04:00:00,0.0047290000000000006
2024-06-14 05:00:00,0.005271999999999001
2024-06-14 06:00:00,0.007221999999999
2024-06-14 07:00:00,0.00919999999999899
2024-06-14 08:00:00,0.009755000000000002
2024-06-14 09:00:00,0.009259
2024-06-14 10:00:00,0.007108000000000001
2024-06-14 11:00:00,0.00591999999999999
2024-06-14 12:00:00,0.005175
2024-06-14 13:00:00,0.003988
2024-06-14 14:00:00,0.003417
2024-06-14 15:00:00,0.003439
2024-06-14 16:00:00,0.004879
2024-06-14 17:00:00,0.0075
2024-06-14 18:00:00,0.009098
2024-06-14 19:00:00,0.011306999999999
2024-06-14 20:00:00,0.012731000000000001
2024-06-14 21:00:00,0.011960000000000002
2024-06-14 22:00:00,0.01114
2024-06-14 23:00:00,0.0108
2024-06-15 00:00:00,0.010685
2024-06-15 01:00:00,0.010400000000000001
2024-06-15 02:00:00,0.0094
2024-06-15 03:00:00,0.008699999999999002
2024-06-15 04:00:00,0.00566
2024-06-15 05:00:00,0.0019890000000000003
2024-06-15 06:00:00,0.000154
2024-06-15 07:00:00,8.9999999999999e-06
2024-06-15 08:00:00,0.0
2024-06-15 09:00:00,-6e-06
2024-06-15 10:00:00,-0.001008
2024-06-15 11:00:00,-0.002899
2024-06-15 12:00:00,-0.0044870000000000005
2024-06-15 13:00:00,-0.0065439999999999995
2024-06-15 14:00:00,-0.007998999999999
2024-06-15 15:00:00,-0.0056170000000000005
2024-06-15 16:00:00,-0.00291699999999999
2024-06-15 17:00:00,-0.0004499999999999899
2024-06-15 18:00:00,-9.999999999999e-07
2024-06-15 19:00:00,0.003209
2024-06-15 20:00:00,0.00699999999999999
2024-06-15 21:00:00,0.006776999999999999
2024-06-15 22:00:00,0.006325
2024-06-15 23:00:00,0.004072
2024-06-16 00:00:00,0.0025009999999999998
2024-06-16 01:00:00,0.0010249999999999999
2024-06-16 02:00:00,0.000492
2024-06-16 03:00:00,0.000292
2024-06-16 04:00:00,0.000219
2024-06-16 05:00:00,0.00025299999999999
2024-06-16 06:00:00,0.000295
2024-06-16 07:00:00,4.7000000000000004e-05
2024-06-16 08:00:00,-1.9999999999999e-06
2024-06-16 09:00:00,-0.000127
2024-06-16 10:00:00,-0.001
2024-06-16 11:00:00,-0.0013329999999990001
2024-06-16 12:00:00,-0.002
2024-06-16 13:00:00,-0.003
2024-06-16 14:00:00,-0.0035659999999999997
2024-06-16 15:00:00,-0.002903
2024-06-16 16:00:00,-0.001002
2024-06-16 17:00:00,-0.000199
2024-06-16 18:00:00,0.005241
2024-06-16 19:00:00,0.009226000000000002
2024-06-16 20:00:00,0.011103999999999
2024-06-16 21:00:00,0.01177
2024-06-16 22:00:00,0.011827
2024-06-16 23:00:00,0.00916
2024-06-17 00:00:00,0.0070160000000000005
2024-06-17 01:00:00,0.006078
2024-06-17 02:00:00,0.0063699999999999885
2024-06-17 03:00:00,0.00699999999999999
2024-06-17 04:00:00,0.006941
2024-06-17 05:00:00,0.008490000000000001
2024-06-17 06:00:00,0.01087
2024-06-17 07:00:00,0.0126
2024-06-17 08:00:00,0.011785
2024-06-17 09:00:00,0.008473000000000001
2024-06-17 10:00:00,0.006348
2024-06-17 11:00:00,0.004690000000000001
2024-06-17 12:00:00,0.003653999999999
2024-06-17 13:00:00,0.0034590000000000003
2024-06-17 14:00:00,0.003945
2024-06-17 15:00:00,0.004614999999999999
2024-06-17 16:00:00,0.005407
2024-06-17 17:00:00,0.007754
2024-06-17 18:00:00,0.010135999999999989
2024-06-17 19:00:00,0.01389999999999999
2024-06-17 20:00:00,0.018153999999999
2024-06-17 21:00:00,0.019692999999999992
2024-06-17 22:00:00,0.012661
2024-06-17 23:00:00,0.010339000000000001
2024-06-18 00:00:00,0.008807
2024-06-18 01:00:00,0.008490000000000001
2024-06-18 02:00:00,0.008727
2024-06-18 03:00:00,0.008459999999999001
2024-06-18 04:00:00,0.008660000000000001
2024-06-18 05:00:00,0.00949
2024-06-18 06:00:00,0.011743999999999992
2024-06-18 07:00:00,0.011589
2024-06-18 08:00:00,0.009000000000000001
2024-06-18 09:00:00,0.008705000000000001
2024-06-18 10:00:00,0.008100999999999001
2024-06-18 11:00:00,0.006834
2024-06-18 12:00:00,0.006691
2024-06-18 13:00:00,0.007709999999999
2024-06-18 14:00:00,0.008505
2024-06-18 15:00:00,0.009000000000000001
2024-06-18 16:00:00,0.0091
2024-06-18 17:00:00,0.009465
2024-06-18 18:00:00,0.011517
2024-06-18 19:00:00,0.01416
2024-06-18 20:00:00,0.015079999999999
2024-06-18 21:00:00,0.011309
2024-06-18 22:00:00,0.009519
2024-06-18 23:00:00,0.008635
2024-06-19 00:00:00,0.010005000000000002
2024-06-19 01:00:00,0.008924
2024-06-19 02:00:00,0.007969999999999
2024-06-19 03:00:00,0.007705999999998999
2024-06-19 04:00:00,0.008117000000000001
2024-06-19 05:00:00,0.007732
2024-06-19 06:00:00,0.010189999999999989
2024-06-19 07:00:00,0.011214
2024-06-19 08:00:00,0.010422999999999991
2024-06-19 09:00:00,0.008173
2024-06-19 10:00:00,0.007249
2024-06-19 11:00:00,0.006026
2024-06-19 12:00:00,0.0045000000000000005
2024-06-19 13:00:00,0.003356
2024-06-19 14:00:00,0.002187
2024-06-19 15:00:00,0.001343999999999
2024-06-19 16:00:00,0.00300299999999999
2024-06-19 17:00:00,0.006416000000000001
2024-06-19 18:00:00,0.007978
2024-06-19 19:00:00,0.009989000000000001
2024-06-19 20:00:00,0.012269
2024-06-19 21:00:00,0.01177
2024-06-19 22:00:00,0.010920000000000001
2024-06-19 23:00:00,0.00933099999999999
2024-06-20 00:00:00,0.008609
2024-06-20 01:00:00,0.008155999999999
2024-06-20 02:00:00,0.007895999999999
2024-06-20 03:00:00,0.007904999999999
2024-06-20 04:00:00,0.00836
2024-06-20 05:00:00,0.008771999999999001
2024-06-20 06:00:00,0.011136
2024-06-20 07:00:00,0.011263
2024-06-20 08:00:00,0.010298999999999999
2024-06-20 09:00:00,0.008109
2024-06-20 10:00:00,0.00699999999999999
2024-06-20 11:00:00,0.006007999999999989
2024-06-20 12:00:00,0.005686999999999999
2024-06-20 13:00:00,0.005521
2024-06-20 14:00:00,0.00585899999999999
2024-06-20 15:00:00,0.006772
2024-06-20 16:00:00,0.007639000000000001
2024-06-20 17:00:00,0.008904
2024-06-20 18:00:00,0.010747999999998991
2024-06-20 19:00:00,0.013838
2024-06-20 20:00:00,0.017047999999999
2024-06-20 21:00:00,0.012993000000000001
2024-06-20 22:00:00,0.01122
2024-06-20 23:00:00,0.009531999999999
2024-06-21 00:00:00,0.01009399999999999
2024-06-21 01:00:00,0.009087999999999001
2024-06-21 02:00:00,0.008995000000000001
2024-06-21 03:00:00,0.008745999999999001
2024-06-21 04:00:00,0.008450000000000001
2024-06-21 05:00:00,0.008538
2024-06-21 06:00:00,0.0096
2024-06-21 07:00:00,0.01209
2024-06-21 08:00:00,0.012085
2024-06-21 09:00:00,0.01116699999999999
2024-06-21 10:00:00,0.010065
2024-06-21 11:00:00,0.008993999999999
2024-06-21 12:00:00,0.008853999999999002
2024-06-21 13:00:00,0.00819
2024-06-21 14:00:00,0.007377000000000001
2024-06-21 15:00:00,0.007431999999999
2024-06-21 16:00:00,0.007875
2024-06-21 17:00:00,0.009172000000000001
2024-06-21 18:00:00,0.009974
2024-06-21 19:00:00,0.010955999999999988
2024-06-21 20:00:00,0.011199999999999991
2024-06-21 21:00:00,0.010552999999999991
2024-06-21 22:00:00,0.009630000000000001
2024-06-21 23:00:00,0.008269
2024-06-22 00:00:00,0.008078000000000002
2024-06-22 01:00:00,0.007087
2024-06-22 02:00:00,0.0061799999999990005
2024-06-22 03:00:00,0.005050000000000001
2024-06-22 04:00:00,0.004962
2024-06-22 05:00:00,0.004646999999999
2024-06-22 06:00:00,0.005815000000000001
2024-06-22 07:00:00,0.004871
2024-06-22 08:00:00,0.004378999999999001
2024-06-22 09:00:00,0.0034649999999999998
2024-06-22 10:00:00,0.0012539999999989998
2024-06-22 11:00:00,0.000359
2024-06-22 12:00:00,0.00026500000000000004
2024-06-22 13:00:00,3e-06
2024-06-22 14:00:00,-9.999999999999e-07
2024-06-22 15:00:00,8e-06
2024-06-22 16:00:00,0.000451
2024-06-22 17:00:00,0.003848
2024-06-22 18:00:00,0.007529999999999
2024-06-22 19:00:00,0.010779999999998999
2024-06-22 20:00:00,0.012236
2024-06-22 21:00:00,0.012405
2024-06-22 22:00:00,0.011125
2024-06-22 23:00:00,0.009099000000000001
2024-06-23 00:00:00,0.009805999999998991
2024-06-23 01:00:00,0.008526
2024-06-23 02:00:00,0.008495999999999001
2024-06-23 03:00:00,0.008019
2024-06-23 04:00:00,0.007829999999999001
2024-06-23 05:00:00,0.007559999999998999
2024-06-23 06:00:00,0.0071449999999999994
2024-06-23 07:00:00,0.004815000000000001
2024-06-23 08:00:00,0.001797
2024-06-23 09:00:00,0.000424
2024-06-23 10:00:00,0.0
2024-06-23 11:00:00,-5e-06
2024-06-23 12:00:00,-1e-05
2024-06-23 13:00:00,-0.00010299999999998991
2024-06-23 14:00:00,-0.00022099999999999
2024-06-23 15:00:00,-0.000204
2024-06-23 16:00:00,-2.3e-05
2024-06-23 17:00:00,0.001896999999999
2024-06-23 18:00:00,0.0063599999999999915
2024-06-23 19:00:00,0.009172000000000001
2024-06-23 20:00:00,0.01134999999999999
2024-06-23 21:00:00,0.012501
2024-06-23 22:00:00,0.01201
2024-06-23 23:00:00,0.00999
2024-06-24 00:00:00,0.010563000000000001
2024-06-24 01:00:00,0.009509999999999
2024-06-24 02:00:00,0.008993000000000001
2024-06-24 03:00:00,0.008490000000000001
2024-06-24 04:00:00,0.008744999999999
2024-06-24 05:00:00,0.00987099999999899
2024-06-24 06:00:00,0.013313999999998999
2024-06-24 07:00:00,0.012935
2024-06-24 08:00:00,0.00986399999999999
2024-06-24 09:00:00,0.007559999999998999
2024-06-24 10:00:00,0.0050619999999990005
2024-06-24 11:00:00,0.0034300000000000003
2024-06-24 12:00:00,0.003108
2024-06-24 13:00:00,0.002754
2024-06-24 14:00:00,0.0026000000000000003
2024-06-24 15:00:00,0.003184
2024-06-24 16:00:00,0.006222999999999
2024-06-24 17:00:00,0.007988999999999991
2024-06-24 18:00:00,0.009309999999999001
2024-06-24 19:00:00,0.01519
2024-06-24 20:00:00,0.020334
2024-06-24 21:00:00,0.015606999999999
2024-06-24 22:00:00,0.01173999999999999
2024-06-24 23:00:00,0.009234999999999
2024-06-25 00:00:00,0.00888
2024-06-25 01:00:00,0.008480000000000001
2024-06-25 02:00:00,0.008478
2024-06-25 03:00:00,0.008522
2024-06-25 04:00:00,0.00854999999999999
2024-06-25 05:00:00,0.00949
2024-06-25 06:00:00,0.01148
2024-06-25 07:00:00,0.012199999999999999
2024-06-25 08:00:00,0.01038
2024-06-25 09:00:00,0.00746399999999899
2024-06-25 10:00:00,0.003569
2024-06-25 11:00:00,0.00118
2024-06-25 12:00:00,-0.00091
2024-06-25 13:00:00,-0.002
2024-06-25 14:00:00,-0.00128899999999999
2024-06-25 15:00:00,0.00095
2024-06-25 16:00:00,0.0025
2024-06-25 17:00:00,0.0062900000000000005
2024-06-25 18:00:00,0.00789
2024-06-25 19:00:00,0.010773999999999001
2024-06-25 20:00:00,0.012589000000000001
2024-06-25 21:00:00,0.012209
2024-06-25 22:00:00,0.010657
2024-06-25 23:00:00,0.008995000000000001
2024-06-26 00:00:00,0.010726999999999001
2024-06-26 01:00:00,0.009991
2024-06-26 02:00:00,0.009531999999999
2024-06-26 03:00:00,0.009545999999999
2024-06-26 04:00:00,0.009169
2024-06-26 05:00:00,0.009705
2024-06-26 06:00:00,0.01087399999999899
2024-06-26 07:00:00,0.013000000000000001
2024-06-26 08:00:00,0.01211
2024-06-26 09:00:00,0.010176000000000001
2024-06-26 10:00:00,0.00898799999999999
2024-06-26 11:00:00,0.008417
2024-06-26 12:00:00,0.007864
2024-06-26 13:00:00,0.007654
2024-06-26 14:00:00,0.008
2024-06-26 15:00:00,0.009049
2024-06-26 16:00:00,0.009991
2024-06-26 17:00:00,0.010586
2024-06-26 18:00:00,0.010731000000000001
2024-06-26 19:00:00,0.013425999999999999
2024-06-26 20:00:00,0.014406
2024-06-26 21:00:00,0.013047999999999
2024-06-26 22:00:00,0.011747999999999991
2024-06-26 23:00:00,0.011
2024-06-27 00:00:00,0.0096
2024-06-27 01:00:00,0.008690999999999
2024-06-27 02:00:00,0.008050000000000002
2024-06-27 03:00:00,0.008283999999999
2024-06-27 04:00:00,0.0078
2024-06-27 05:00:00,0.008324
2024-06-27 06:00:00,0.01139999999999999
2024-06-27 07:00:00,0.012401
2024-06-27 08:00:00,0.01149999999999999
2024-06-27 09:00:00,0.008888
2024-06-27 10:00:00,0.006708
2024-06-27 11:00:00,0.00496099999999999
2024-06-27 12:00:00,0.0025
2024-06-27 13:00:00,0.0
2024-06-27 14:00:00,-7e-06
2024-06-27 15:00:00,0.0
2024-06-27 16:00:00,0.001952
2024-06-27 17:00:00,0.004543999999999
2024-06-27 18:00:00,0.007073
2024-06-27 19:00:00,0.0099
2024-06-27 20:00:00,0.0132
2024-06-27 21:00:00,0.0125
2024-06-27 22:00:00,0.01069
2024-06-27 23:00:00,0.00994799999999999
2024-06-28 00:00:00,0.009071
2024-06-28 01:00:00,0.008990999999999
2024-06-28 02:00:00,0.008045
2024-06-28 03:00:00,0.007476999999998999
2024-06-28 04:00:00,0.007829999999999001
2024-06-28 05:00:00,0.008490000000000001
2024-06-28 06:00:00,0.011075
2024-06-28 07:00:00,0.009092000000000001
2024-06-28 08:00:00,0.007556999999999
2024-06-28 09:00:00,0.00257999999999999
2024-06-28 10:00:00,0.0
2024-06-28 11:00:00,-0.001006
2024-06-28 12:00:00,-0.002
2024-06-28 13:00:00,-0.003
2024-06-28 14:00:00,-0.003
2024-06-28 15:00:00,-0.001509999999999
2024-06-28 16:00:00,-0.0007920000000000001
2024-06-28 17:00:00,0.0001
2024-06-28 18:00:00,0.0045000000000000005
2024-06-28 19:00:00,0.008702
2024-06-28 20:00:00,0.011012999999999
2024-06-28 21:00:00,0.013748
2024-06-28 22:00:00,0.012619999999999
2024-06-28 23:00:00,0.010884999999999
2024-06-29 00:00:00,0.011070999999999
2024-06-29 01:00:00,0.010829
2024-06-29 02:00:00,0.010794999999999989
2024-06-29 03:00:00,0.010719
2024-06-29 04:00:00,0.01053399999999999
2024-06-29 05:00:00,0.010213
2024-06-29 06:00:00,0.009497
2024-06-29 07:00:00,0.00821999999999899
2024-06-29 08:00:00,0.006586000000000001
2024-06-29 09:00:00,0.002958
2024-06-29 10:00:00,0.000504
2024-06-29 11:00:00,3.999999999999901e-06
2024-06-29 12:00:00,-9.999999999999e-07
2024-06-29 13:00:00,-2.399999999998e-05
2024-06-29 14:00:00,-8e-06
2024-06-29 15:00:00,0.00013600000000000003
2024-06-29 16:00:00,0.00121
2024-06-29 17:00:00,0.006834
2024-06-29 18:00:00,0.010324999999999999
2024-06-29 19:00:00,0.012692999999999
2024-06-29 20:00:00,0.01389999999999999
2024-06-29 21:00:00,0.01134999999999999
2024-06-29 22:00:00,0.01001
2024-06-29 23:00:00,0.009381
2024-06-30 00:00:00,0.00807
2024-06-30 01:00:00,0.0083
2024-06-30 02:00:00,0.007529999999999
2024-06-30 03:00:00,0.006705
2024-06-30 04:00:00,0.006436
2024-06-30 05:00:00,0.005139
2024-06-30 06:00:00,0.0051559999999999905
2024-06-30 07:00:00,0.0020420000000000004
2024-06-30 08:00:00,0.000683
2024-06-30 09:00:00,8.2e-05
2024-06-30 10:00:00,0.0
2024-06-30 11:00:00,0.0
2024-06-30 12:00:00,-1.9999999999999e-06
2024-06-30 13:00:00,-0.00015099999999999
2024-06-30 14:00:00,-0.000109
2024-06-30 15:00:00,0.0
2024-06-30 16:00:00,9.2e-05
2024-06-30 17:00:00,0.003092
2024-06-30 18:00:00,0.007575
2024-06-30 19:00:00,0.008725999999999989
2024-06-30 20:00:00,0.00999
2024-06-30 21:00:00,0.010400000000000001
2024-06-30 22:00:00,0.010728
2024-06-30 23:00:00,0.00932
2024-07-01 00:00:00,0.009473
2024-07-01 01:00:00,0.008570000000000001
2024-07-01 02:00:00,0.007819
2024-07-01 03:00:00,0.007800999999999001
2024-07-01 04:00:00,0.007904
2024-07-01 05:00:00,0.008023
2024-07-01 06:00:00,0.012165999999999
2024-07-01 07:00:00,0.013651
2024-07-01 08:00:00,0.013239999999999
2024-07-01 09:00:00,0.010959999999999002
2024-07-01 10:00:00,0.010060000000000001
2024-07-01 11:00:00,0.008609
2024-07-01 12:00:00,0.007379
2024-07-01 13:00:00,0.006663
2024-07-01 14:00:00,0.003774000000000001
2024-07-01 15:00:00,0.0029460000000000003
2024-07-01 16:00:00,0.0031059999999989998
2024-07-01 17:00:00,0.0055
2024-07-01 18:00:00,0.007191
2024-07-01 19:00:00,0.009871999999999994
2024-07-01 20:00:00,0.016251999999999
2024-07-01 21:00:00,0.012636
2024-07-01 22:00:00,0.01082
2024-07-01 23:00:00,0.008765
2024-07-02 00:00:00,0.0083
2024-07-02 01:00:00,0.00763599999999899
2024-07-02 02:00:00,0.007637999999999
2024-07-02 03:00:00,0.007574
2024-07-02 04:00:00,0.007637
2024-07-02 05:00:00,0.007709
2024-07-02 06:00:00,0.00916
2024-07-02 07:00:00,0.009823
2024-07-02 08:00:00,0.010284000000000001
2024-07-02 09:00:00,0.01
2024-07-02 10:00:00,0.008780999999999
2024-07-02 11:00:00,0.0070999999999999995
2024-07-02 12:00:00,0.0063750000000000005
2024-07-02 13:00:00,0.006036
2024-07-02 14:00:00,0.0052320000000000005
2024-07-02 15:00:00,0.00507199999999999
2024-07-02 16:00:00,0.00626999999999999
2024-07-02 17:00:00,0.006483999999999999
2024-07-02 18:00:00,0.007815999999998999
2024-07-02 19:00:00,0.009994999999999999
2024-07-02 20:00:00,0.011145
2024-07-02 21:00:00,0.011025
2024-07-02 22:00:00,0.010894000000000001
2024-07-02 23:00:00,0.009865
2024-07-03 00:00:00,0.01672499999999999
2024-07-03 01:00:00,0.01099
2024-07-03 02:00:00,0.00949
2024-07-03 03:00:00,0.00827
2024-07-03 04:00:00,0.00827
2024-07-03 05:00:00,0.00799
2024-07-03 06:00:00,0.009568
2024-07-03 07:00:00,0.011329
2024-07-03 08:00:00,0.01129999999999999
2024-07-03 09:00:00,0.009800000000000001
2024-07-03 10:00:00,0.008788
2024-07-03 11:00:00,0.009040999999999001
2024-07-03 12:00:00,0.00899
2024-07-03 13:00:00,0.008
2024-07-03 14:00:00,0.006164
2024-07-03 15:00:00,0.00594699999999999
2024-07-03 16:00:00,0.0060090000000000005
2024-07-03 17:00:00,0.007917
2024-07-03 18:00:00,0.009356
2024-07-03 19:00:00,0.011145
2024-07-03 20:00:00,0.015418
2024-07-03 21:00:00,0.010513
2024-07-03 22:00:00,0.008738999999999001
2024-07-03 23:00:00,0.0069370000000000005
2024-07-04 00:00:00,0.005850000000000001
2024-07-04 01:00:00,0.0034999999999999897
2024-07-04 02:00:00,0.001635
2024-07-04 03:00:00,0.001
2024-07-04 04:00:00,0.0007430000000000001
2024-07-04 05:00:00,0.000735
2024-07-04 06:00:00,0.003125
2024-07-04 07:00:00,0.003491
2024-07-04 08:00:00,0.0032860000000000003
2024-07-04 09:00:00,0.0022229999999999997
2024-07-04 10:00:00,-0.001
2024-07-04 11:00:00,-0.003569
2024-07-04 12:00:00,-0.00699999999999999
2024-07-04 13:00:00,-0.013779999999999999
2024-07-04 14:00:00,-0.0149
2024-07-04 15:00:00,-0.008
2024-07-04 16:00:00,-0.0051340000000000005
2024-07-04 17:00:00,-0.003118
2024-07-04 18:00:00,-0.0005
2024-07-04 19:00:00,0.004077
2024-07-04 20:00:00,0.008185999999999
2024-07-04 21:00:00,0.01079799999999999
2024-07-04 22:00:00,0.008279999999998991
2024-07-04 23:00:00,0.006127
2024-07-05 00:00:00,0.0013540000000000002
2024-07-05 01:00:00,0.000637
2024-07-05 02:00:00,0.0004
2024-07-05 03:00:00,0.0002669999999999899
2024-07-05 04:00:00,0.000292
2024-07-05 05:00:00,0.0005719999999999899
2024-07-05 06:00:00,0.002018
2024-07-05 07:00:00,0.003095
2024-07-05 08:00:00,0.0039700000000000004
2024-07-05 09:00:00,0.0018560000000000002
2024-07-05 10:00:00,0.000296
2024-07-05 11:00:00,4.1999999999989996e-05
2024-07-05 12:00:00,1e-05
2024-07-05 13:00:00,-5.5e-05
2024-07-05 14:00:00,-7.7e-05
2024-07-05 15:00:00,-9.999999999999e-07
2024-07-05 16:00:00,0.00019700000000000002
2024-07-05 17:00:00,0.001697
2024-07-05 18:00:00,0.006426
2024-07-05 19:00:00,0.009081
2024-07-05 20:00:00,0.013263999999998999
2024-07-05 21:00:00,0.013211999999999
2024-07-05 22:00:00,0.010565
2024-07-05 23:00:00,0.00852899999999999
2024-07-06 00:00:00,0.008552
2024-07-06 01:00:00,0.006605999999999
2024-07-06 02:00:00,0.005894
2024-07-06 03:00:00,0.004335
2024-07-06 04:00:00,0.003582
2024-07-06 05:00:00,0.0015029999999990001
2024-07-06 06:00:00,0.00059299999999999
2024-07-06 07:00:00,0.0005369999999999999
2024-07-06 08:00:00,0.00033999999999999
2024-07-06 09:00:00,0.0
2024-07-06 10:00:00,-0.001
2024-07-06 11:00:00,-0.002903
2024-07-06 12:00:00,-0.0034319999999999897
2024-07-06 13:00:00,-0.005274
2024-07-06 14:00:00,-0.006979
2024-07-06 15:00:00,-0.011661
2024-07-06 16:00:00,-0.009244
2024-07-06 17:00:00,-0.004971000000000001
2024-07-06 18:00:00,-0.001
2024-07-06 19:00:00,-0.00025
2024-07-06 20:00:00,0.000661
2024-07-06 21:00:00,0.000959
2024-07-06 22:00:00,0.0018470000000000001
2024-07-06 23:00:00,0.001492
2024-07-07 00:00:00,4.6e-05
2024-07-07 01:00:00,3.4999999999989995e-05
2024-07-07 02:00:00,-3.2e-05
2024-07-07 03:00:00,0.0
2024-07-07 04:00:00,3.4000000000000007e-05
2024-07-07 05:00:00,2.5e-05
2024-07-07 06:00:00,3.999999999999901e-06
2024-07-07 07:00:00,0.0
2024-07-07 08:00:00,-6e-05
2024-07-07 09:00:00,-0.000661
2024-07-07 10:00:00,-0.00101
2024-07-07 11:00:00,-0.001291999999999
2024-07-07 12:00:00,-0.0013650000000000001
2024-07-07 13:00:00,-0.002262
2024-07-07 14:00:00,-0.0021000000000000003
2024-07-07 15:00:00,-0.001221
2024-07-07 16:00:00,-0.000628
2024-07-07 17:00:00,-0.00015900000000000002
2024-07-07 18:00:00,0.005856
2024-07-07 19:00:00,0.008630999999999
2024-07-07 20:00:00,0.01190499999999999
2024-07-07 21:00:00,0.012705000000000001
2024-07-07 22:00:00,0.011444000000000001
2024-07-07 23:00:00,0.009686
2024-07-08 00:00:00,0.008166999999999989
2024-07-08 01:00:00,0.007664999999998991
2024-07-08 02:00:00,0.007330000000000001
2024-07-08 03:00:00,0.007659000000000001
2024-07-08 04:00:00,0.007549
2024-07-08 05:00:00,0.007944
2024-07-08 06:00:00,0.011
2024-07-08 07:00:00,0.012336
2024-07-08 08:00:00,0.010124000000000001
2024-07-08 09:00:00,0.00778599999999899
2024-07-08 10:00:00,0.00542
2024-07-08 11:00:00,0.003897999999999
2024-07-08 12:00:00,0.0032140000000000003
2024-07-08 13:00:00,0.002987
2024-07-08 14:00:00,0.0029900000000000005
2024-07-08 15:00:00,0.003727
2024-07-08 16:00:00,0.006342
2024-07-08 17:00:00,0.008137
2024-07-08 18:00:00,0.010152
2024-07-08 19:00:00,0.0135
2024-07-08 20:00:00,0.02490099999999999
2024-07-08 21:00:00,0.016922999999999
2024-07-08 22:00:00,0.011373
2024-07-08 23:00:00,0.009187999999999
2024-07-09 00:00:00,0.010169000000000001
2024-07-09 01:00:00,0.009106999999999999
2024-07-09 02:00:00,0.008698000000000001
2024-07-09 03:00:00,0.008352
2024-07-09 04:00:00,0.008017000000000002
2024-07-09 05:00:00,0.008889
2024-07-09 06:00:00,0.010192
2024-07-09 07:00:00,0.010012
2024-07-09 08:00:00,0.009169999999999992
2024-07-09 09:00:00,0.0067020000000000005
2024-07-09 10:00:00,0.004663
2024-07-09 11:00:00,0.003371
2024-07-09 12:00:00,0.0021950000000000003
2024-07-09 13:00:00,0.000657
2024-07-09 14:00:00,0.00043400000000000003
2024-07-09 15:00:00,0.001117
2024-07-09 16:00:00,0.00493199999999999
2024-07-09 17:00:00,0.007947000000000001
2024-07-09 18:00:00,0.010149
2024-07-09 19:00:00,0.01436
2024-07-09 20:00:00,0.01431299999999999
2024-07-09 21:00:00,0.010868000000000001
2024-07-09 22:00:00,0.008738999999999001
2024-07-09 23:00:00,0.01
2024-07-10 00:00:00,0.00999
2024-07-10 01:00:00,0.00799
2024-07-10 02:00:00,0.0095
2024-07-10 03:00:00,0.0076299999999989996
2024-07-10 04:00:00,0.00601
2024-07-10 05:00:00,0.006531999999999
2024-07-10 06:00:00,0.008337
2024-07-10 07:00:00,0.010457000000000001
2024-07-10 08:00:00,0.010199999999999999
2024-07-10 09:00:00,0.008493
2024-07-10 10:00:00,0.006500000000000001
2024-07-10 11:00:00,0.00557699999999999
2024-07-10 12:00:00,0.004713
2024-07-10 13:00:00,0.0036680000000000003
2024-07-10 14:00:00,0.0027149999999990003
2024-07-10 15:00:00,-0.0001
2024-07-10 16:00:00,0.000133
2024-07-10 17:00:00,0.003522
2024-07-10 18:00:00,0.007977
2024-07-10 19:00:00,0.009971999999999991
2024-07-10 20:00:00,0.0117
2024-07-10 21:00:00,0.01505099999999899
2024-07-10 22:00:00,0.011334
2024-07-10 23:00:00,0.009355
2024-07-11 00:00:00,0.009590999999999999
2024-07-11 01:00:00,0.007969999999999
2024-07-11 02:00:00,0.0077
2024-07-11 03:00:00,0.007847999999999999
2024-07-11 04:00:00,0.007858
2024-07-11 05:00:00,0.008189
2024-07-11 06:00:00,0.010746
2024-07-11 07:00:00,0.011291
2024-07-11 08:00:00,0.010515
2024-07-11 09:00:00,0.008943
2024-07-11 10:00:00,0.00808099999999999
2024-07-11 11:00:00,0.00673899999999999
2024-07-11 12:00:00,0.0058000000000000005
2024-07-11 13:00:00,0.004796000000000001
2024-07-11 14:00:00,0.004439
2024-07-11 15:00:00,0.005106
2024-07-11 16:00:00,0.00621199999999899
2024-07-11 17:00:00,0.007934
2024-07-11 18:00:00,0.009198999999999
2024-07-11 19:00:00,0.0117
2024-07-11 20:00:00,0.017812
2024-07-11 21:00:00,0.016216999999999
2024-07-11 22:00:00,0.012129999999999001
2024-07-11 23:00:00,0.009869
2024-07-12 00:00:00,0.010029999999999999
2024-07-12 01:00:00,0.00843799999999899
2024-07-12 02:00:00,0.008059999999999
2024-07-12 03:00:00,0.007998
2024-07-12 04:00:00,0.00764
2024-07-12 05:00:00,0.007937
2024-07-12 06:00:00,0.010012
2024-07-12 07:00:00,0.010609
2024-07-12 08:00:00,0.010554000000000001
2024-07-12 09:00:00,0.009784999999999001
2024-07-12 10:00:00,0.008929000000000001
2024-07-12 11:00:00,0.00854999999999999
2024-07-12 12:00:00,0.008
2024-07-12 13:00:00,0.007471
2024-07-12 14:00:00,0.007478
2024-07-12 15:00:00,0.007559000000000001
2024-07-12 16:00:00,0.0074010000000000005
2024-07-12 17:00:00,0.007700999999999
2024-07-12 18:00:00,0.008794000000000001
2024-07-12 19:00:00,0.009662
2024-07-12 20:00:00,0.00916
2024-07-12 21:00:00,0.0095
2024-07-12 22:00:00,0.008614999999999989
2024-07-12 23:00:00,0.007943
2024-07-13 00:00:00,0.009000000000000001
2024-07-13 01:00:00,0.0075
2024-07-13 02:00:00,0.007124999999999
2024-07-13 03:00:00,0.0038
2024-07-13 04:00:00,0.00329
2024-07-13 05:00:00,0.0031219999999989997
2024-07-13 06:00:00,0.00311
2024-07-13 07:00:00,0.002797
2024-07-13 08:00:00,0.00266
2024-07-13 09:00:00,0.002097
2024-07-13 10:00:00,0.0005160000000000001
2024-07-13 11:00:00,3.999999999999901e-06
2024-07-13 12:00:00,-9.999999999999e-07
2024-07-13 13:00:00,-0.000498
2024-07-13 14:00:00,-0.001483999999999
2024-07-13 15:00:00,-0.0011349999999989999
2024-07-13 16:00:00,-0.00032299999999999
2024-07-13 17:00:00,3.8e-05
2024-07-13 18:00:00,0.002939
2024-07-13 19:00:00,0.005144
2024-07-13 20:00:00,0.007595999999998999
2024-07-13 21:00:00,0.007659000000000001
2024-07-13 22:00:00,0.007927
2024-07-13 23:00:00,0.006737
2024-07-14 00:00:00,0.008906
2024-07-14 01:00:00,0.006333999999999999
2024-07-14 02:00:00,0.005556
2024-07-14 03:00:00,0.004443
2024-07-14 04:00:00,0.003797
2024-07-14 05:00:00,0.0037
2024-07-14 06:00:00,0.003177
2024-07-14 07:00:00,0.0014279999999990002
2024-07-14 08:00:00,2.9000000000000004e-05
2024-07-14 09:00:00,-0.00033
2024-07-14 10:00:00,-0.0021000000000000003
2024-07-14 11:00:00,-0.003996
2024-07-14 12:00:00,-0.005942
2024-07-14 13:00:00,-0.007363000000000001
2024-07-14 14:00:00,-0.007385
2024-07-14 15:00:00,-0.005163
2024-07-14 16:00:00,-0.0019459999999999905
2024-07-14 17:00:00,-5.1e-05
2024-07-14 18:00:00,0.004061
2024-07-14 19:00:00,0.008775999999999989
2024-07-14 20:00:00,0.01128
2024-07-14 21:00:00,0.010803000000000002
2024-07-14 22:00:00,0.010661
2024-07-14 23:00:00,0.008733000000000001
2024-07-15 00:00:00,0.007962999999999
2024-07-15 01:00:00,0.00688
2024-07-15 02:00:00,0.00688
2024-07-15 03:00:00,0.007199999999999001
2024-07-15 04:00:00,0.00899
2024-07-15 05:00:00,0.00949
2024-07-15 06:00:00,0.01135999999999899
2024-07-15 07:00:00,0.013019999999999
2024-07-15 08:00:00,0.008922999999999992
2024-07-15 09:00:00,0.006037
2024-07-15 10:00:00,0.0036349999999999998
2024-07-15 11:00:00,0.0012150000000000002
2024-07-15 12:00:00,6.4e-05
2024-07-15 13:00:00,-8.399999999999001e-05
2024-07-15 14:00:00,-0.000152
2024-07-15 15:00:00,0.000354
2024-07-15 16:00:00,0.004104999999999
2024-07-15 17:00:00,0.007705999999998999
2024-07-15 18:00:00,0.010882
2024-07-15 19:00:00,0.019177
2024-07-15 20:00:00,0.021424000000000002
2024-07-15 21:00:00,0.014016
2024-07-15 22:00:00,0.009309
2024-07-15 23:00:00,0.008018
2024-07-16 00:00:00,0.007259000000000001
2024-07-16 01:00:00,0.005815999999999
2024-07-16 02:00:00,0.0049900000000000005
2024-07-16 03:00:00,0.0036200000000000004
2024-07-16 04:00:00,0.003628
2024-07-16 05:00:00,0.004704
2024-07-16 06:00:00,0.007456000000000001
2024-07-16 07:00:00,0.00794799999999899
2024-07-16 08:00:00,0.0076170000000000005
2024-07-16 09:00:00,0.001
2024-07-16 10:00:00,-0.0003
2024-07-16 11:00:00,-0.001
2024-07-16 12:00:00,-0.001009
2024-07-16 13:00:00,-0.00101
2024-07-16 14:00:00,-0.0010069999999999899
2024-07-16 15:00:00,-0.001008
2024-07-16 16:00:00,-0.001
2024-07-16 17:00:00,0.0024900000000000005
2024-07-16 18:00:00,0.006398
2024-07-16 19:00:00,0.00891
2024-07-16 20:00:00,0.012137
2024-07-16 21:00:00,0.01146799999999999
2024-07-16 22:00:00,0.010625
2024-07-16 23:00:00,0.00851
2024-07-17 00:00:00,0.00876
2024-07-17 01:00:00,0.007307999999999
2024-07-17 02:00:00,0.007287000000000001
2024-07-17 03:00:00,0.007056
2024-07-17 04:00:00,0.007108000000000001
2024-07-17 05:00:00,0.0077509999999989905
2024-07-17 06:00:00,0.009004999999999002
2024-07-17 07:00:00,0.010012
2024-07-17 08:00:00,0.010570000000000001
2024-07-17 09:00:00,0.007804
2024-07-17 10:00:00,0.005933999999999999
2024-07-17 11:00:00,0.004265
2024-07-17 12:00:00,0.003353
2024-07-17 13:00:00,0.00227099999999999
2024-07-17 14:00:00,0.0011890000000000002
2024-07-17 15:00:00,0.001428999999999
2024-07-17 16:00:00,0.004013
2024-07-17 17:00:00,0.0063
2024-07-17 18:00:00,0.008493
2024-07-17 19:00:00,0.010962999999999001
2024-07-17 20:00:00,0.018261
2024-07-17 21:00:00,0.01426299999999999
2024-07-17 22:00:00,0.011597
2024-07-17 23:00:00,0.009217000000000001
2024-07-18 00:00:00,0.009026
2024-07-18 01:00:00,0.008033999999999
2024-07-18 02:00:00,0.007743000000000001
2024-07-18 03:00:00,0.007800999999999001
2024-07-18 04:00:00,0.007751999999999
2024-07-18 05:00:00,0.009022
2024-07-18 06:00:00,0.0116
2024-07-18 07:00:00,0.010656
2024-07-18 08:00:00,0.009722
2024-07-18 09:00:00,0.00799
2024-07-18 10:00:00,0.006481999999998999
2024-07-18 11:00:00,0.004813
2024-07-18 12:00:00,0.003585
2024-07-18 13:00:00,0.0034860000000000004
2024-07-18 14:00:00,0.0038020000000000003
2024-07-18 15:00:00,0.004990999999999
2024-07-18 16:00:00,0.0068590000000000005
2024-07-18 17:00:00,0.008607
2024-07-18 18:00:00,0.009611000000000001
2024-07-18 19:00:00,0.013036
2024-07-18 20:00:00,0.021202000000000002
2024-07-18 21:00:00,0.017672999999998988
2024-07-18 22:00:00,0.011996000000000001
2024-07-18 23:00:00,0.010199999999999999
2024-07-19 00:00:00,0.009032
2024-07-19 01:00:00,0.008052
2024-07-19 02:00:00,0.007998
2024-07-19 03:00:00,0.007820999999999
2024-07-19 04:00:00,0.008128
2024-07-19 05:00:00,0.008940999999999
2024-07-19 06:00:00,0.01108899999999999
2024-07-19 07:00:00,0.010866999999999991
2024-07-19 08:00:00,0.00984
2024-07-19 09:00:00,0.008143000000000001
2024-07-19 10:00:00,0.0070279999999999995
2024-07-19 11:00:00,0.005952
2024-07-19 12:00:00,0.004513
2024-07-19 13:00:00,0.003709
2024-07-19 14:00:00,0.0036810000000000002
2024-07-19 15:00:00,0.004324999999999999
2024-07-19 16:00:00,0.006500000000000001
2024-07-19 17:00:00,0.007759
2024-07-19 18:00:00,0.009115
2024-07-19 19:00:00,0.011904
2024-07-19 20:00:00,0.018112
2024-07-19 21:00:00,0.01209599999999999
2024-07-19 22:00:00,0.010705999999999992
2024-07-19 23:00:00,0.009167
2024-07-20 00:00:00,0.0095
2024-07-20 01:00:00,0.008965999999998999
2024-07-20 02:00:00,0.008799999999999001
2024-07-20 03:00:00,0.00898799999999999
2024-07-20 04:00:00,0.009423999999999
2024-07-20 05:00:00,0.009380000000000001
2024-07-20 06:00:00,0.008845
2024-07-20 07:00:00,0.008168000000000002
2024-07-20 08:00:00,0.006811
2024-07-20 09:00:00,0.004989
2024-07-20 10:00:00,0.000515
2024-07-20 11:00:00,-9.699999999999e-05
2024-07-20 12:00:00,-0.00054
2024-07-20 13:00:00,-0.000507
2024-07-20 14:00:00,-0.0004
2024-07-20 15:00:00,-0.00033
2024-07-20 16:00:00,0.00014299999999998
2024-07-20 17:00:00,0.005228999999999
2024-07-20 18:00:00,0.00849999999999999
2024-07-20 19:00:00,0.010794999999999989
2024-07-20 20:00:00,0.013635999999999999
2024-07-20 21:00:00,0.011253999999999991
2024-07-20 22:00:00,0.01263
2024-07-20 23:00:00,0.009093
2024-07-21 00:00:00,0.0089
2024-07-21 01:00:00,0.00911
2024-07-21 02:00:00,0.0083
2024-07-21 03:00:00,0.009000000000000001
2024-07-21 04:00:00,0.00863999999999999
2024-07-21 05:00:00,0.01
2024-07-21 06:00:00,0.00739
2024-07-21 07:00:00,0.005653
2024-07-21 08:00:00,0.00649
2024-07-21 09:00:00,0.00197
2024-07-21 10:00:00,8.9999999999999e-06
2024-07-21 11:00:00,3e-06
2024-07-21 12:00:00,1.9999999999999e-06
2024-07-21 13:00:00,-6e-06
2024-07-21 14:00:00,-1.799999999999e-05
2024-07-21 15:00:00,7e-06
2024-07-21 16:00:00,2.7e-05
2024-07-21 17:00:00,0.005172
2024-07-21 18:00:00,0.008045
2024-07-21 19:00:00,0.00985
2024-07-21 20:00:00,0.012251
2024-07-21 21:00:00,0.012453
2024-07-21 22:00:00,0.010792
2024-07-21 23:00:00,0.009015999999999
2024-07-22 00:00:00,0.01161099999999999
2024-07-22 01:00:00,0.009151
2024-07-22 02:00:00,0.008369999999999002
2024-07-22 03:00:00,0.00849999999999999
2024-07-22 04:00:00,0.008184
2024-07-22 05:00:00,0.007931999999998999
2024-07-22 06:00:00,0.010870999999999001
2024-07-22 07:00:00,0.012009
2024-07-22 08:00:00,0.011428
2024-07-22 09:00:00,0.008709999999998991
2024-07-22 10:00:00,0.005
2024-07-22 11:00:00,0.001423
2024-07-22 12:00:00,0.002561
2024-07-22 13:00:00,0.002112
2024-07-22 14:00:00,0.0017420000000000003
2024-07-22 15:00:00,0.0017490000000000001
2024-07-22 16:00:00,0.00218
2024-07-22 17:00:00,0.006332
2024-07-22 18:00:00,0.00799
2024-07-22 19:00:00,0.009991
2024-07-22 20:00:00,0.013987000000000001
2024-07-22 21:00:00,0.014026
2024-07-22 22:00:00,0.01099699999999999
2024-07-22 23:00:00,0.009552
2024-07-23 00:00:00,0.008285
2024-07-23 01:00:00,0.007364999999999
2024-07-23 02:00:00,0.007338999999999001
2024-07-23 03:00:00,0.006813
2024-07-23 04:00:00,0.007056
2024-07-23 05:00:00,0.0073679999999999995
2024-07-23 06:00:00,0.00999
2024-07-23 07:00:00,0.0116
2024-07-23 08:00:00,0.011045000000000001
2024-07-23 09:00:00,0.008648
2024-07-23 10:00:00,0.006887000000000001
2024-07-23 11:00:00,0.0058200000000000005
2024-07-23 12:00:00,0.003648
2024-07-23 13:00:00,0.003243
2024-07-23 14:00:00,0.002932
2024-07-23 15:00:00,0.0032719999999999997
2024-07-23 16:00:00,0.00462
2024-07-23 17:00:00,0.007539999999999
2024-07-23 18:00:00,0.008240999999998989
2024-07-23 19:00:00,0.009603
2024-07-23 20:00:00,0.011693
2024-07-23 21:00:00,0.01020099999999999
2024-07-23 22:00:00,0.010035
2024-07-23 23:00:00,0.009169999999999992
2024-07-24 00:00:00,0.008351
2024-07-24 01:00:00,0.007833
2024-07-24 02:00:00,0.0073
2024-07-24 03:00:00,0.007359999999999999
2024-07-24 04:00:00,0.008480000000000001
2024-07-24 05:00:00,0.0073620000000000005
2024-07-24 06:00:00,0.009472
2024-07-24 07:00:00,0.011294
2024-07-24 08:00:00,0.009904999999999999
2024-07-24 09:00:00,0.007285999999999001
2024-07-24 10:00:00,0.005464
2024-07-24 11:00:00,0.002009
2024-07-24 12:00:00,0.0
2024-07-24 13:00:00,-0.00019700000000000002
2024-07-24 14:00:00,-0.001
2024-07-24 15:00:00,-0.000359
2024-07-24 16:00:00,0.000181
2024-07-24 17:00:00,0.003968
2024-07-24 18:00:00,0.00687
2024-07-24 19:00:00,0.009687
2024-07-24 20:00:00,0.011051
2024-07-24 21:00:00,0.012147
2024-07-24 22:00:00,0.010901
2024-07-24 23:00:00,0.009366
2024-07-25 00:00:00,0.009255000000000001
2024-07-25 01:00:00,0.00872
2024-07-25 02:00:00,0.008490000000000001
2024-07-25 03:00:00,0.007992
2024-07-25 04:00:00,0.00764
2024-07-25 05:00:00,0.009253
2024-07-25 06:00:00,0.010615999999999
2024-07-25 07:00:00,0.010903000000000001
2024-07-25 08:00:00,0.009098
2024-07-25 09:00:00,0.007198
2024-07-25 10:00:00,0.005507999999999
2024-07-25 11:00:00,0.003695
2024-07-25 12:00:00,0.002431
2024-07-25 13:00:00,0.0017360000000000001
2024-07-25 14:00:00,0.0013269999999990002
2024-07-25 15:00:00,0.002619999999999
2024-07-25 16:00:00,0.00537999999999999
2024-07-25 17:00:00,0.008
2024-07-25 18:00:00,0.009699999999999
2024-07-25 19:00:00,0.01198999999999999
2024-07-25 20:00:00,0.014829999999999
2024-07-25 21:00:00,0.012997
2024-07-25 22:00:00,0.01
2024-07-25 23:00:00,0.008494999999999002
2024-07-26 00:00:00,0.008099999999999991
2024-07-26 01:00:00,0.00735
2024-07-26 02:00:00,0.007500999999999001
2024-07-26 03:00:00,0.00775
2024-07-26 04:00:00,0.007689999999999001
2024-07-26 05:00:00,0.007998999999999
2024-07-26 06:00:00,0.009476000000000002
2024-07-26 07:00:00,0.011019999999999988
2024-07-26 08:00:00,0.010055999999999999
2024-07-26 09:00:00,0.00948
2024-07-26 10:00:00,0.008872
2024-07-26 11:00:00,0.007819
2024-07-26 12:00:00,0.006916
2024-07-26 13:00:00,0.005940000000000001
2024-07-26 14:00:00,0.005
2024-07-26 15:00:00,0.0060490000000000006
2024-07-26 16:00:00,0.007114
2024-07-26 17:00:00,0.008819
2024-07-26 18:00:00,0.009498999999999001
2024-07-26 19:00:00,0.01099
2024-07-26 20:00:00,0.014609
2024-07-26 21:00:00,0.013838999999999001
2024-07-26 22:00:00,0.010646000000000001
2024-07-26 23:00:00,0.00979
2024-07-27 00:00:00,0.010388
2024-07-27 01:00:00,0.010303000000000001
2024-07-27 02:00:00,0.009689
2024-07-27 03:00:00,0.009481
2024-07-27 04:00:00,0.009279
2024-07-27 05:00:00,0.009018999999999
2024-07-27 06:00:00,0.008709
2024-07-27 07:00:00,0.008240999999998989
2024-07-27 08:00:00,0.008468999999999999
2024-07-27 09:00:00,0.006638
2024-07-27 10:00:00,0.00598299999999999
2024-07-27 11:00:00,0.0039900000000000005
2024-07-27 12:00:00,0.00279999999999999
2024-07-27 13:00:00,0.0017800000000000001
2024-07-27 14:00:00,0.0017919999999999998
2024-07-27 15:00:00,0.00322
2024-07-27 16:00:00,0.005856
2024-07-27 17:00:00,0.008404
2024-07-27 18:00:00,0.010300999999999989
2024-07-27 19:00:00,0.011566000000000002
2024-07-27 20:00:00,0.012176000000000001
2024-07-27 21:00:00,0.012043
2024-07-27 22:00:00,0.010751
2024-07-27 23:00:00,0.009743
2024-07-28 00:00:00,0.0107
2024-07-28 01:00:00,0.009459
2024-07-28 02:00:00,0.00876
2024-07-28 03:00:00,0.008153
2024-07-28 04:00:00,0.008055
2024-07-28 05:00:00,0.007723999999999
2024-07-28 06:00:00,0.007553
2024-07-28 07:00:00,0.006744999999999
2024-07-28 08:00:00,0.002549
2024-07-28 09:00:00,0.000484
2024-07-28 10:00:00,0.0
2024-07-28 11:00:00,-0.00049
2024-07-28 12:00:00,-0.0032909999999990005
2024-07-28 13:00:00,-0.006412999999999
2024-07-28 14:00:00,-0.006
2024-07-28 15:00:00,-0.00336
2024-07-28 16:00:00,-0.00132
2024-07-28 17:00:00,-0.000191
2024-07-28 18:00:00,0.004
2024-07-28 19:00:00,0.00904
2024-07-28 20:00:00,0.010937999999999
2024-07-28 21:00:00,0.011238
2024-07-28 22:00:00,0.010311999999999991
2024-07-28 23:00:00,0.008300999999999
2024-07-29 00:00:00,0.0078060000000000004
2024-07-29 01:00:00,0.007442000000000001
2024-07-29 02:00:00,0.00708
2024-07-29 03:00:00,0.007304
2024-07-29 04:00:00,0.007642
2024-07-29 05:00:00,0.009695
2024-07-29 06:00:00,0.013089999999999
2024-07-29 07:00:00,0.010920000000000001
2024-07-29 08:00:00,0.009018999999999
2024-07-29 09:00:00,0.00631999999999999
2024-07-29 10:00:00,0.0012
2024-07-29 11:00:00,-0.000345
2024-07-29 12:00:00,-2.3e-05
2024-07-29 13:00:00,-0.0003
2024-07-29 14:00:00,-9.800000000000001e-05
2024-07-29 15:00:00,-3.9e-05
2024-07-29 16:00:00,0.00134
2024-07-29 17:00:00,0.006416000000000001
2024-07-29 18:00:00,0.00957
2024-07-29 19:00:00,0.011972
2024-07-29 20:00:00,0.01722
2024-07-29 21:00:00,0.01301
2024-07-29 22:00:00,0.010697
2024-07-29 23:00:00,0.00902
2024-07-30 00:00:00,0.007632
2024-07-30 01:00:00,0.007418999999999
2024-07-30 02:00:00,0.007618
2024-07-30 03:00:00,0.008081999999999
2024-07-30 04:00:00,0.008538
2024-07-30 05:00:00,0.01002399999999899
2024-07-30 06:00:00,0.011087999999999001
2024-07-30 07:00:00,0.010894999999999988
2024-07-30 08:00:00,0.009840999999999999
2024-07-30 09:00:00,0.006709999999999
2024-07-30 10:00:00,0.0037519999999999997
2024-07-30 11:00:00,0.0007840000000000001
2024-07-30 12:00:00,0.0001
2024-07-30 13:00:00,-6e-06
2024-07-30 14:00:00,-6e-06
2024-07-30 15:00:00,0.00131099999999999
2024-07-30 16:00:00,0.0040739999999999995
2024-07-30 17:00:00,0.007731000000000001
2024-07-30 18:00:00,0.010218999999999999
2024-07-30 19:00:00,0.012676000000000002
2024-07-30 20:00:00,0.016468
2024-07-30 21:00:00,0.014462000000000001
2024-07-30 22:00:00,0.011459
2024-07-30 23:00:00,0.009904
2024-07-31 00:00:00,0.009855000000000001
2024-07-31 01:00:00,0.00861999999999899
2024-07-31 02:00:00,0.008381999999999
2024-07-31 03:00:00,0.007732
2024-07-31 04:00:00,0.00851
2024-07-31 05:00:00,0.009412
2024-07-31 06:00:00,0.010504999999999001
2024-07-31 07:00:00,0.010969
2024-07-31 08:00:00,0.009526
2024-07-31 09:00:00,0.007883
2024-07-31 10:00:00,0.00558899999999999
2024-07-31 11:00:00,0.003346
2024-07-31 12:00:00,0.002283
2024-07-31 13:00:00,0.001135999999999
2024-07-31 14:00:00,0.001837
2024-07-31 15:00:00,0.0030600000000000002
2024-07-31 16:00:00,0.003406
2024-07-31 17:00:00,0.007579999999999
2024-07-31 18:00:00,0.009589
2024-07-31 19:00:00,0.011462
2024-07-31 20:00:00,0.013363
2024-07-31 21:00:00,0.011264
2024-07-31 22:00:00,0.010443999999999001
2024-07-31 23:00:00,0.009656000000000001
2024-08-01 00:00:00,0.009672
2024-08-01 01:00:00,0.008979999999999001
2024-08-01 02:00:00,0.008675999999999
2024-08-01 03:00:00,0.008039999999999
2024-08-01 04:00:00,0.00861
2024-08-01 05:00:00,0.00991
2024-08-01 06:00:00,0.01142199999999999
2024-08-01 07:00:00,0.010698999999999993
2024-08-01 08:00:00,0.01059499999999999
2024-08-01 09:00:00,0.00901
2024-08-01 10:00:00,0.0076950000000000005
2024-08-01 11:00:00,0.00676399999999999
2024-08-01 12:00:00,0.006403000000000001
2024-08-01 13:00:00,0.006034
2024-08-01 14:00:00,0.006213000000000001
2024-08-01 15:00:00,0.007055
2024-08-01 16:00:00,0.007424000000000001
2024-08-01 17:00:00,0.009378000000000001
2024-08-01 18:00:00,0.00999
2024-08-01 19:00:00,0.011519999999999999
2024-08-01 20:00:00,0.01401
2024-08-01 21:00:00,0.012336
2024-08-01 22:00:00,0.011173
2024-08-01 23:00:00,0.010532999999999999
2024-08-02 00:00:00,0.009393
2024-08-02 01:00:00,0.00888699999999999
2024-08-02 02:00:00,0.008780000000000001
2024-08-02 03:00:00,0.008225999999999
2024-08-02 04:00:00,0.00861
2024-08-02 05:00:00,0.009444000000000001
2024-08-02 06:00:00,0.010951
2024-08-02 07:00:00,0.011979
2024-08-02 08:00:00,0.011275
2024-08-02 09:00:00,0.01044199999999999
2024-08-02 10:00:00,0.006509999999999
2024-08-02 11:00:00,0.006908
2024-08-02 12:00:00,0.006384000000000001
2024-08-02 13:00:00,0.005169999999999991
2024-08-02 14:00:00,0.005023
2024-08-02 15:00:00,0.005005
2024-08-02 16:00:00,0.006472
2024-08-02 17:00:00,0.007690999999999
2024-08-02 18:00:00,0.00999
2024-08-02 19:00:00,0.012875999999999
2024-08-02 20:00:00,0.014573000000000001
2024-08-02 21:00:00,0.011692000000000001
2024-08-02 22:00:00,0.011090000000000001
2024-08-02 23:00:00,0.00994
2024-08-03 00:00:00,0.010016
2024-08-03 01:00:00,0.009632999999999002
2024-08-03 02:00:00,0.00907
2024-08-03 03:00:00,0.008654
2024-08-03 04:00:00,0.008373999999999
2024-08-03 05:00:00,0.009209999999999
2024-08-03 06:00:00,0.00999
2024-08-03 07:00:00,0.009204999999999
2024-08-03 08:00:00,0.008119
2024-08-03 09:00:00,0.006291000000000001
2024-08-03 10:00:00,0.0032440000000000004
2024-08-03 11:00:00,0.002036
2024-08-03 12:00:00,0.001466
2024-08-03 13:00:00,0.0006410000000000001
2024-08-03 14:00:00,0.00040999999999999
2024-08-03 15:00:00,0.001202
2024-08-03 16:00:00,0.0028799999999999997
2024-08-03 17:00:00,0.007070000000000001
2024-08-03 18:00:00,0.00999
2024-08-03 19:00:00,0.010685
2024-08-03 20:00:00,0.01198999999999999
2024-08-03 21:00:00,0.013085000000000001
2024-08-03 22:00:00,0.011505000000000001
2024-08-03 23:00:00,0.00999
2024-08-04 00:00:00,0.010689
2024-08-04 01:00:00,0.009765000000000001
2024-08-04 02:00:00,0.009387999999999
2024-08-04 03:00:00,0.008805
2024-08-04 04:00:00,0.00854999999999999
2024-08-04 05:00:00,0.007905999999999
2024-08-04 06:00:00,0.00777
2024-08-04 07:00:00,0.0069830000000000005
2024-08-04 08:00:00,0.005898
2024-08-04 09:00:00,0.002687
2024-08-04 10:00:00,0.0008049999999999999
2024-08-04 11:00:00,0.00020499999999999
2024-08-04 12:00:00,6e-06
2024-08-04 13:00:00,-3.999999999999901e-06
2024-08-04 14:00:00,-0.000214
2024-08-04 15:00:00,-9.999999999999e-07
2024-08-04 16:00:00,0.00010299999999998991
2024-08-04 17:00:00,0.002244999999999
2024-08-04 18:00:00,0.007215000000000001
2024-08-04 19:00:00,0.010400000000000001
2024-08-04 20:00:00,0.011880000000000002
2024-08-04 21:00:00,0.012265000000000002
2024-08-04 22:00:00,0.011188
2024-08-04 23:00:00,0.010293
2024-08-05 00:00:00,0.010352
2024-08-05 01:00:00,0.008572000000000001
2024-08-05 02:00:00,0.008230000000000001
2024-08-05 03:00:00,0.008512
2024-08-05 04:00:00,0.008280999999999001
2024-08-05 05:00:00,0.009702
2024-08-05 06:00:00,0.011898
2024-08-05 07:00:00,0.013729
2024-08-05 08:00:00,0.01134199999999999
2024-08-05 09:00:00,0.010283
2024-08-05 10:00:00,0.007318
2024-08-05 11:00:00,0.005144
2024-08-05 12:00:00,0.0031000000000000003
2024-08-05 13:00:00,0.0026000000000000003
2024-08-05 14:00:00,0.000331
2024-08-05 15:00:00,0.00271
2024-08-05 16:00:00,0.0053890000000000006
2024-08-05 17:00:00,0.00836
2024-08-05 18:00:00,0.010199999999999999
2024-08-05 19:00:00,0.015134
2024-08-05 20:00:00,0.024523
2024-08-05 21:00:00,0.017093
2024-08-05 22:00:00,0.011993999999999
2024-08-05 23:00:00,0.010275000000000001
2024-08-06 00:00:00,0.01016
2024-08-06 01:00:00,0.009351999999999
2024-08-06 02:00:00,0.008660999999999
2024-08-06 03:00:00,0.008240999999998989
2024-08-06 04:00:00,0.008324
2024-08-06 05:00:00,0.009244
2024-08-06 06:00:00,0.011884
2024-08-06 07:00:00,0.012451999999999
2024-08-06 08:00:00,0.00843299999999999
2024-08-06 09:00:00,0.007368999999999
2024-08-06 10:00:00,0.00360399999999999
2024-08-06 11:00:00,0.0021110000000000005
2024-08-06 12:00:00,0.0015840000000000001
2024-08-06 13:00:00,0.00029299999999999997
2024-08-06 14:00:00,0.00047599999999999
2024-08-06 15:00:00,0.001924
2024-08-06 16:00:00,0.003884
2024-08-06 17:00:00,0.00807499999999999
2024-08-06 18:00:00,0.0105
2024-08-06 19:00:00,0.01613899999999899
2024-08-06 20:00:00,0.02282
2024-08-06 21:00:00,0.016890000000000002
2024-08-06 22:00:00,0.011803000000000001
2024-08-06 23:00:00,0.00992199999999999
2024-08-07 00:00:00,0.00901
2024-08-07 01:00:00,0.008412000000000001
2024-08-07 02:00:00,0.007909999999999
2024-08-07 03:00:00,0.008447000000000001
2024-08-07 04:00:00,0.00877
2024-08-07 05:00:00,0.010436
2024-08-07 06:00:00,0.012607
2024-08-07 07:00:00,0.012832000000000001
2024-08-07 08:00:00,0.010815
2024-08-07 09:00:00,0.008784
2024-08-07 10:00:00,0.0072050000000000005
2024-08-07 11:00:00,0.006148
2024-08-07 12:00:00,0.0036880000000000003
2024-08-07 13:00:00,-0.00028799999999999
2024-08-07 14:00:00,-0.001006
2024-08-07 15:00:00,-0.001006
2024-08-07 16:00:00,0.0
2024-08-07 17:00:00,0.0055
2024-08-07 18:00:00,0.0105
2024-08-07 19:00:00,0.009794
2024-08-07 20:00:00,0.012592999999999
2024-08-07 21:00:00,0.01342499999999999
2024-08-07 22:00:00,0.011273999999999002
2024-08-07 23:00:00,0.010278
2024-08-08 00:00:00,0.009663
2024-08-08 01:00:00,0.008879
2024-08-08 02:00:00,0.008852
2024-08-08 03:00:00,0.008805999999998999
2024-08-08 04:00:00,0.008841000000000002
2024-08-08 05:00:00,0.009611000000000001
2024-08-08 06:00:00,0.011091
2024-08-08 07:00:00,0.01249499999999999
2024-08-08 08:00:00,0.011776
2024-08-08 09:00:00,0.010683999999999989
2024-08-08 10:00:00,0.00861
2024-08-08 11:00:00,0.0071600000000000006
2024-08-08 12:00:00,0.005026
2024-08-08 13:00:00,0.0040490000000000005
2024-08-08 14:00:00,0.0029990000000000004
2024-08-08 15:00:00,0.003821
2024-08-08 16:00:00,0.005745
2024-08-08 17:00:00,0.008022
2024-08-08 18:00:00,0.010177
2024-08-08 19:00:00,0.01
2024-08-08 20:00:00,0.013877
2024-08-08 21:00:00,0.0135
2024-08-08 22:00:00,0.010199999999999999
2024-08-08 23:00:00,0.009356
2024-08-09 00:00:00,0.009812
2024-08-09 01:00:00,0.007376000000000001
2024-08-09 02:00:00,0.005188000000000001
2024-08-09 03:00:00,0.003628
2024-08-09 04:00:00,0.00528
2024-08-09 05:00:00,0.0033490000000000004
2024-08-09 06:00:00,0.007934999999998998
2024-08-09 07:00:00,0.008272
2024-08-09 08:00:00,0.005248
2024-08-09 09:00:00,0.003096999999999
2024-08-09 10:00:00,0.000853
2024-08-09 11:00:00,2.099999999999e-05
2024-08-09 12:00:00,-4.7999999999990006e-05
2024-08-09 13:00:00,-8.9e-05
2024-08-09 14:00:00,-0.0003
2024-08-09 15:00:00,-0.001
2024-08-09 16:00:00,-0.0008880000000000001
2024-08-09 17:00:00,-8.999999999999999e-05
2024-08-09 18:00:00,0.004019999999999999
2024-08-09 19:00:00,0.008383000000000002
2024-08-09 20:00:00,0.01270099999999999
2024-08-09 21:00:00,0.013231999999999
2024-08-09 22:00:00,0.01198999999999999
2024-08-09 23:00:00,0.0116
2024-08-10 00:00:00,0.00875
2024-08-10 01:00:00,0.009663
2024-08-10 02:00:00,0.009193
2024-08-10 03:00:00,0.008907
2024-08-10 04:00:00,0.00863999999999999
2024-08-10 05:00:00,0.008891999999999999
2024-08-10 06:00:00,0.009793
2024-08-10 07:00:00,0.007712999999999
2024-08-10 08:00:00,0.003195
2024-08-10 09:00:00,2e-05
2024-08-10 10:00:00,-0.0003
2024-08-10 11:00:00,-0.001219999999999
2024-08-10 12:00:00,-0.002249
2024-08-10 13:00:00,-0.004756000000000001
2024-08-10 14:00:00,-0.005203999999998999
2024-08-10 15:00:00,-0.003
2024-08-10 16:00:00,-0.001008
2024-08-10 17:00:00,-0.00013000000000000002
2024-08-10 18:00:00,0.004877
2024-08-10 19:00:00,0.01079799999999999
2024-08-10 20:00:00,0.012849000000000001
2024-08-10 21:00:00,0.013691000000000002
2024-08-10 22:00:00,0.01198999999999999
2024-08-10 23:00:00,0.010794999999999989
2024-08-11 00:00:00,0.010941000000000001
2024-08-11 01:00:00,0.010781
2024-08-11 02:00:00,0.010529
2024-08-11 03:00:00,0.010146
2024-08-11 04:00:00,0.01054899999999999
2024-08-11 05:00:00,0.011798
2024-08-11 06:00:00,0.011434
2024-08-11 07:00:00,0.008400000000000001
2024-08-11 08:00:00,0.002798
2024-08-11 09:00:00,0.0
2024-08-11 10:00:00,-0.000501
2024-08-11 11:00:00,-0.0014990000000000001
2024-08-11 12:00:00,-0.0032930000000000004
2024-08-11 13:00:00,-0.005996999999999
2024-08-11 14:00:00,-0.00501
2024-08-11 15:00:00,-0.00314
2024-08-11 16:00:00,-0.000524
2024-08-11 17:00:00,6.6e-05
2024-08-11 18:00:00,0.009002000000000001
2024-08-11 19:00:00,0.0132
2024-08-11 20:00:00,0.013893
2024-08-11 21:00:00,0.012768000000000002
2024-08-11 22:00:00,0.010998999999999001
2024-08-11 23:00:00,0.009728
2024-08-12 00:00:00,0.01043799999999999
2024-08-12 01:00:00,0.009184
2024-08-12 02:00:00,0.008529999999999
2024-08-12 03:00:00,0.00854999999999999
2024-08-12 04:00:00,0.008630999999999
2024-08-12 05:00:00,0.008640999999999
2024-08-12 06:00:00,0.011264
2024-08-12 07:00:00,0.011968
2024-08-12 08:00:00,0.009939
2024-08-12 09:00:00,0.0063699999999999885
2024-08-12 10:00:00,0.004011999999999001
2024-08-12 11:00:00,0.0016040000000000002
2024-08-12 12:00:00,8.999999999999999e-05
2024-08-12 13:00:00,-0.0003
2024-08-12 14:00:00,-0.001006
2024-08-12 15:00:00,0.001
2024-08-12 16:00:00,0.004804
2024-08-12 17:00:00,0.008865
2024-08-12 18:00:00,0.01212299999999999
2024-08-12 19:00:00,0.019898
2024-08-12 20:00:00,0.021998999999999998
2024-08-12 21:00:00,0.012891999999999
2024-08-12 22:00:00,0.010654999999999
2024-08-12 23:00:00,0.009999000000000001
2024-08-13 00:00:00,0.009938
2024-08-13 01:00:00,0.008771999999999001
2024-08-13 02:00:00,0.008558999999999999
2024-08-13 03:00:00,0.00872
2024-08-13 04:00:00,0.0089
2024-08-13 05:00:00,0.009936
2024-08-13 06:00:00,0.012420999999998999
2024-08-13 07:00:00,0.013231999999999
2024-08-13 08:00:00,0.011788999999999999
2024-08-13 09:00:00,0.01001
2024-08-13 10:00:00,0.007398000000000001
2024-08-13 11:00:00,0.005603
2024-08-13 12:00:00,0.004301
2024-08-13 13:00:00,0.00404999999999999
2024-08-13 14:00:00,0.0048
2024-08-13 15:00:00,0.006416000000000001
2024-08-13 16:00:00,0.00851
2024-08-13 17:00:00,0.010293
2024-08-13 18:00:00,0.01183
2024-08-13 19:00:00,0.018946
2024-08-13 20:00:00,0.019284
2024-08-13 21:00:00,0.012669000000000001
2024-08-13 22:00:00,0.011199999999999991
2024-08-13 23:00:00,0.010491999999999991
2024-08-14 00:00:00,0.008788
2024-08-14 01:00:00,0.00899
2024-08-14 02:00:00,0.008660000000000001
2024-08-14 03:00:00,0.009029999999998999
2024-08-14 04:00:00,0.009042
2024-08-14 05:00:00,0.010311
2024-08-14 06:00:00,0.012437999999999
2024-08-14 07:00:00,0.013243000000000001
2024-08-14 08:00:00,0.012261
2024-08-14 09:00:00,0.011329
2024-08-14 10:00:00,0.01
2024-08-14 11:00:00,0.00943
2024-08-14 12:00:00,0.008304
2024-08-14 13:00:00,0.0077
2024-08-14 14:00:00,0.007474000000000001
2024-08-14 15:00:00,0.007931999999998999
2024-08-14 16:00:00,0.009101999999999
2024-08-14 17:00:00,0.01008
2024-08-14 18:00:00,0.011148
2024-08-14 19:00:00,0.0155
2024-08-14 20:00:00,0.020538
2024-08-14 21:00:00,0.014388999999999999
2024-08-14 22:00:00,0.011865
2024-08-14 23:00:00,0.0108
2024-08-15 00:00:00,0.01045
2024-08-15 01:00:00,0.010271
2024-08-15 02:00:00,0.009836999999999992
2024-08-15 03:00:00,0.008937
2024-08-15 04:00:00,0.009000000000000001
2024-08-15 05:00:00,0.010204999999999992
2024-08-15 06:00:00,0.011216
2024-08-15 07:00:00,0.011266
2024-08-15 08:00:00,0.010483999999999993
2024-08-15 09:00:00,0.008010999999999
2024-08-15 10:00:00,0.005259000000000001
2024-08-15 11:00:00,0.001831
2024-08-15 12:00:00,0.000991
2024-08-15 13:00:00,-1.399999999999e-05
2024-08-15 14:00:00,-2e-05
2024-08-15 15:00:00,-0.0003
2024-08-15 16:00:00,-0.001004999999999
2024-08-15 17:00:00,0.0029900000000000005
2024-08-15 18:00:00,0.01005899999999999
2024-08-15 19:00:00,0.01094
2024-08-15 20:00:00,0.012695
2024-08-15 21:00:00,0.012147
2024-08-15 22:00:00,0.01114
2024-08-15 23:00:00,0.009354
2024-08-16 00:00:00,0.008400000000000001
2024-08-16 01:00:00,0.007310999999999
2024-08-16 02:00:00,0.008344999999999
2024-08-16 03:00:00,0.008209999999999001
2024-08-16 04:00:00,0.008422
2024-08-16 05:00:00,0.008903000000000001
2024-08-16 06:00:00,0.012042
2024-08-16 07:00:00,0.012653000000000001
2024-08-16 08:00:00,0.012
2024-08-16 09:00:00,0.011001
2024-08-16 10:00:00,0.01
2024-08-16 11:00:00,0.008959999999999
2024-08-16 12:00:00,0.007439
2024-08-16 13:00:00,0.00535
2024-08-16 14:00:00,0.004771
2024-08-16 15:00:00,0.005425
2024-08-16 16:00:00,0.007848999999999001
2024-08-16 17:00:00,0.009696999999999999
2024-08-16 18:00:00,0.012576
2024-08-16 19:00:00,0.020872999999999992
2024-08-16 20:00:00,0.021925
2024-08-16 21:00:00,0.016079
2024-08-16 22:00:00,0.013175000000000001
2024-08-16 23:00:00,0.01161799999999999
2024-08-17 00:00:00,0.01070999999999999
2024-08-17 01:00:00,0.010574
2024-08-17 02:00:00,0.010081
2024-08-17 03:00:00,0.009800000000000001
2024-08-17 04:00:00,0.010302
2024-08-17 05:00:00,0.010329000000000001
2024-08-17 06:00:00,0.010082999999999991
2024-08-17 07:00:00,0.009823
2024-08-17 08:00:00,0.009974999999999987
2024-08-17 09:00:00,0.008166999999999989
2024-08-17 10:00:00,0.006898999999998991
2024-08-17 11:00:00,0.0048
2024-08-17 12:00:00,0.0033000000000000004
2024-08-17 13:00:00,0.00271
2024-08-17 14:00:00,0.001928
2024-08-17 15:00:00,0.0030550000000000004
2024-08-17 16:00:00,0.005606
2024-08-17 17:00:00,0.008459
2024-08-17 18:00:00,0.011257999999999999
2024-08-17 19:00:00,0.013276999999999
2024-08-17 20:00:00,0.014182
2024-08-17 21:00:00,0.012503
2024-08-17 22:00:00,0.01161099999999999
2024-08-17 23:00:00,0.010568999999999001
2024-08-18 00:00:00,0.010744
2024-08-18 01:00:00,0.010614
2024-08-18 02:00:00,0.01
2024-08-18 03:00:00,0.00986099999999999
2024-08-18 04:00:00,0.00967
2024-08-18 05:00:00,0.009609999999999
2024-08-18 06:00:00,0.00923
2024-08-18 07:00:00,0.008693
2024-08-18 08:00:00,0.008315
2024-08-18 09:00:00,0.007535
2024-08-18 10:00:00,0.006256
2024-08-18 11:00:00,0.0015300000000000001
2024-08-18 12:00:00,0.000893
2024-08-18 13:00:00,0.001
2024-08-18 14:00:00,0.0
2024-08-18 15:00:00,0.0
2024-08-18 16:00:00,0.00173
2024-08-18 17:00:00,0.006841000000000001
2024-08-18 18:00:00,0.008395999999999001
2024-08-18 19:00:00,0.010478
2024-08-18 20:00:00,0.011173
2024-08-18 21:00:00,0.01099699999999999
2024-08-18 22:00:00,0.011145
2024-08-18 23:00:00,0.009951000000000002
2024-08-19 00:00:00,0.009739000000000001
2024-08-19 01:00:00,0.00901
2024-08-19 02:00:00,0.008870000000000001
2024-08-19 03:00:00,0.008485999999999001
2024-08-19 04:00:00,0.008450000000000001
2024-08-19 05:00:00,0.008676999999999999
2024-08-19 06:00:00,0.012285
2024-08-19 07:00:00,0.014977
2024-08-19 08:00:00,0.012864999999999
2024-08-19 09:00:00,0.011257999999999999
2024-08-19 10:00:00,0.009608
2024-08-19 11:00:00,0.008870999999998989
2024-08-19 12:00:00,0.00832199999999999
2024-08-19 13:00:00,0.0077989999999989994
2024-08-19 14:00:00,0.007894999999999
2024-08-19 15:00:00,0.00791999999999999
2024-08-19 16:00:00,0.008029999999999001
2024-08-19 17:00:00,0.009867
2024-08-19 18:00:00,0.010704000000000002
2024-08-19 19:00:00,0.016
2024-08-19 20:00:00,0.020094
2024-08-19 21:00:00,0.013898
2024-08-19 22:00:00,0.01010499999999999
2024-08-19 23:00:00,0.008633000000000002
2024-08-20 00:00:00,0.009285999999999999
2024-08-20 01:00:00,0.008835999999999001
2024-08-20 02:00:00,0.008676999999999999
2024-08-20 03:00:00,0.008622999999999999
2024-08-20 04:00:00,0.008314
2024-08-20 05:00:00,0.008679000000000001
2024-08-20 06:00:00,0.011976
2024-08-20 07:00:00,0.012071
2024-08-20 08:00:00,0.010929000000000001
2024-08-20 09:00:00,0.010224
2024-08-20 10:00:00,0.006057999999999001
2024-08-20 11:00:00,0.004690999999999
2024-08-20 12:00:00,0.003285
2024-08-20 13:00:00,0.0016070000000000001
2024-08-20 14:00:00,0.0008250000000000001
2024-08-20 15:00:00,0.0027210000000000003
2024-08-20 16:00:00,0.004992
2024-08-20 17:00:00,0.010026
2024-08-20 18:00:00,0.011684
2024-08-20 19:00:00,0.012365999999999
2024-08-20 20:00:00,0.014508
2024-08-20 21:00:00,0.012
2024-08-20 22:00:00,0.010342
2024-08-20 23:00:00,0.009469
2024-08-21 00:00:00,0.008490000000000001
2024-08-21 01:00:00,0.00764
2024-08-21 02:00:00,0.006214000000000001
2024-08-21 03:00:00,0.005136
2024-08-21 04:00:00,0.0049900000000000005
2024-08-21 05:00:00,0.0054
2024-08-21 06:00:00,0.008059
2024-08-21 07:00:00,0.008715
2024-08-21 08:00:00,0.008649999999999
2024-08-21 09:00:00,0.0050999999999999995
2024-08-21 10:00:00,-0.000424
2024-08-21 11:00:00,-0.0010500000000000002
2024-08-21 12:00:00,-0.0019
2024-08-21 13:00:00,-0.003173
2024-08-21 14:00:00,-0.0029100000000000003
2024-08-21 15:00:00,-0.002104
2024-08-21 16:00:00,-0.001656
2024-08-21 17:00:00,-0.0002
2024-08-21 18:00:00,0.006720999999999
2024-08-21 19:00:00,0.01021
2024-08-21 20:00:00,0.013666999999999
2024-08-21 21:00:00,0.012863
2024-08-21 22:00:00,0.010237
2024-08-21 23:00:00,0.008549
2024-08-22 00:00:00,0.007786999999999999
2024-08-22 01:00:00,0.007059
2024-08-22 02:00:00,0.007607
2024-08-22 03:00:00,0.0058000000000000005
2024-08-22 04:00:00,0.0049900000000000005
2024-08-22 05:00:00,0.00624
2024-08-22 06:00:00,0.0089
2024-08-22 07:00:00,0.00627399999999999
2024-08-22 08:00:00,0.00466
2024-08-22 09:00:00,0.0016
2024-08-22 10:00:00,-0.0006959999999999901
2024-08-22 11:00:00,-0.001943
2024-08-22 12:00:00,-0.0021000000000000003
2024-08-22 13:00:00,-0.002896
2024-08-22 14:00:00,-0.002675
2024-08-22 15:00:00,-0.001552999999999
2024-08-22 16:00:00,-0.001004999999999
2024-08-22 17:00:00,0.0
2024-08-22 18:00:00,0.009000000000000001
2024-08-22 19:00:00,0.01126499999999999
2024-08-22 20:00:00,0.011470000000000001
2024-08-22 21:00:00,0.011118000000000001
2024-08-22 22:00:00,0.009606999999999
2024-08-22 23:00:00,0.007915
2024-08-23 00:00:00,0.005128000000000001
2024-08-23 01:00:00,0.004070000000000001
2024-08-23 02:00:00,0.0033020000000000002
2024-08-23 03:00:00,0.0017000000000000001
2024-08-23 04:00:00,0.00093999999999999
2024-08-23 05:00:00,0.00068499999999998
2024-08-23 06:00:00,0.001508
2024-08-23 07:00:00,0.0027730000000000003
2024-08-23 08:00:00,0.0029990000000000004
2024-08-23 09:00:00,0.000126
2024-08-23 10:00:00,-7.899999999999e-05
2024-08-23 11:00:00,-0.0003969999999999999
2024-08-23 12:00:00,-8e-06
2024-08-23 13:00:00,-0.0001
2024-08-23 14:00:00,-0.001
2024-08-23 15:00:00,-0.001008
2024-08-23 16:00:00,-0.001006
2024-08-23 17:00:00,-0.0002
2024-08-23 18:00:00,0.00501999999999999
2024-08-23 19:00:00,0.009885
2024-08-23 20:00:00,0.01186999999999999
2024-08-23 21:00:00,0.012398999999999001
2024-08-23 22:00:00,0.011986
2024-08-23 23:00:00,0.010084
2024-08-24 00:00:00,0.00944
2024-08-24 01:00:00,0.010199999999999999
2024-08-24 02:00:00,0.009838
2024-08-24 03:00:00,0.009788999999999999
2024-08-24 04:00:00,0.009893
2024-08-24 05:00:00,0.010281
2024-08-24 06:00:00,0.00999
2024-08-24 07:00:00,0.009906999999999
2024-08-24 08:00:00,0.007331000000000001
2024-08-24 09:00:00,0.0015
2024-08-24 10:00:00,-1.9999999999999e-06
2024-08-24 11:00:00,-0.00068399999999999
2024-08-24 12:00:00,-0.0018640000000000002
2024-08-24 13:00:00,-0.004035
2024-08-24 14:00:00,-0.004492
2024-08-24 15:00:00,-0.0029070000000000003
2024-08-24 16:00:00,-0.001004999999999
2024-08-24 17:00:00,-0.000366
2024-08-24 18:00:00,0.006755999999999001
2024-08-24 19:00:00,0.00901
2024-08-24 20:00:00,0.008019
2024-08-24 21:00:00,0.00713
2024-08-24 22:00:00,0.006414
2024-08-24 23:00:00,0.004939
2024-08-25 00:00:00,3.9e-05
2024-08-25 01:00:00,9.2e-05
2024-08-25 02:00:00,0.0
2024-08-25 03:00:00,-7.5e-05
2024-08-25 04:00:00,-5.699999999999e-05
2024-08-25 05:00:00,0.0
2024-08-25 06:00:00,5e-06
2024-08-25 07:00:00,-9.999999999999e-07
2024-08-25 08:00:00,0.0
2024-08-25 09:00:00,-0.00013899999999999
2024-08-25 10:00:00,-0.000607
2024-08-25 11:00:00,-0.00101
2024-08-25 12:00:00,-0.0015500000000000002
2024-08-25 13:00:00,-0.0019370000000000001
2024-08-25 14:00:00,-0.002047
2024-08-25 15:00:00,-0.0010069999999999899
2024-08-25 16:00:00,-0.00053499999999999
2024-08-25 17:00:00,-0.00025
2024-08-25 18:00:00,0.00591999999999999
2024-08-25 19:00:00,0.010660000000000001
2024-08-25 20:00:00,0.01222299999999999
2024-08-25 21:00:00,0.010792
2024-08-25 22:00:00,0.01010499999999999
2024-08-25 23:00:00,0.009248999999999001
2024-08-26 00:00:00,0.009211
2024-08-26 01:00:00,0.008155999999999
2024-08-26 02:00:00,0.007987000000000001
2024-08-26 03:00:00,0.007596999999999
2024-08-26 04:00:00,0.007901999999999
2024-08-26 05:00:00,0.008259999999998999
2024-08-26 06:00:00,0.011209
2024-08-26 07:00:00,0.010904
2024-08-26 08:00:00,0.009000000000000001
2024-08-26 09:00:00,0.007249999999999
2024-08-26 10:00:00,0.0032
2024-08-26 11:00:00,0.0013380000000000002
2024-08-26 12:00:00,0.0005
2024-08-26 13:00:00,0.0005
2024-08-26 14:00:00,0.001634
2024-08-26 15:00:00,0.002439
2024-08-26 16:00:00,0.0038239999999999997
2024-08-26 17:00:00,0.009885
2024-08-26 18:00:00,0.011409
2024-08-26 19:00:00,0.018600000000000002
2024-08-26 20:00:00,0.022428
2024-08-26 21:00:00,0.014235
2024-08-26 22:00:00,0.0111
2024-08-26 23:00:00,0.010660000000000001
2024-08-27 00:00:00,0.009858
2024-08-27 01:00:00,0.008968999999999
2024-08-27 02:00:00,0.008529999999999
2024-08-27 03:00:00,0.008529999999999
2024-08-27 04:00:00,0.0086
2024-08-27 05:00:00,0.00962
2024-08-27 06:00:00,0.012036
2024-08-27 07:00:00,0.013326000000000001
2024-08-27 08:00:00,0.011031000000000001
2024-08-27 09:00:00,0.008398
2024-08-27 10:00:00,0.007232
2024-08-27 11:00:00,0.002837
2024-08-27 12:00:00,0.00040099999999999994
2024-08-27 13:00:00,1.9e-05
2024-08-27 14:00:00,0.00011299999999999
2024-08-27 15:00:00,0.0023120000000000003
2024-08-27 16:00:00,0.004539999999999
2024-08-27 17:00:00,0.008892999999999
2024-08-27 18:00:00,0.011606
2024-08-27 19:00:00,0.02249999999999999
2024-08-27 20:00:00,0.021177
2024-08-27 21:00:00,0.012095000000000002
2024-08-27 22:00:00,0.010543
2024-08-27 23:00:00,0.009267
2024-08-28 00:00:00,0.009075
2024-08-28 01:00:00,0.00915
2024-08-28 02:00:00,0.00877
2024-08-28 03:00:00,0.008898
2024-08-28 04:00:00,0.009122
2024-08-28 05:00:00,0.009173
2024-08-28 06:00:00,0.011395999999999
2024-08-28 07:00:00,0.012839999999999
2024-08-28 08:00:00,0.0121
2024-08-28 09:00:00,0.010539999999999999
2024-08-28 10:00:00,0.008765
2024-08-28 11:00:00,0.006897
2024-08-28 12:00:00,0.00349499999999999
2024-08-28 13:00:00,0.0010039999999989998
2024-08-28 14:00:00,0.000487
2024-08-28 15:00:00,0.005488000000000001
2024-08-28 16:00:00,0.007856999999999
2024-08-28 17:00:00,0.009176999999999
2024-08-28 18:00:00,0.011061
2024-08-28 19:00:00,0.019629
2024-08-28 20:00:00,0.019888999999999
2024-08-28 21:00:00,0.01252899999999999
2024-08-28 22:00:00,0.011199999999999991
2024-08-28 23:00:00,0.010001
2024-08-29 00:00:00,0.009391
2024-08-29 01:00:00,0.00943
2024-08-29 02:00:00,0.00899
2024-08-29 03:00:00,0.00889
2024-08-29 04:00:00,0.008954999999999
2024-08-29 05:00:00,0.010045
2024-08-29 06:00:00,0.011391
2024-08-29 07:00:00,0.013326000000000001
2024-08-29 08:00:00,0.012624000000000002
2024-08-29 09:00:00,0.010870999999999001
2024-08-29 10:00:00,0.009222
2024-08-29 11:00:00,0.008444000000000002
2024-08-29 12:00:00,0.006569
2024-08-29 13:00:00,0.004489999999999
2024-08-29 14:00:00,0.005149
2024-08-29 15:00:00,0.007945999999998999
2024-08-29 16:00:00,0.008965
2024-08-29 17:00:00,0.010439
2024-08-29 18:00:00,0.011469
2024-08-29 19:00:00,0.021984000000000004
2024-08-29 20:00:00,0.027849000000000002
2024-08-29 21:00:00,0.0166
2024-08-29 22:00:00,0.012493
2024-08-29 23:00:00,0.010977999999999991
2024-08-30 00:00:00,0.01088
2024-08-30 01:00:00,0.009915
2024-08-30 02:00:00,0.009326000000000001
2024-08-30 03:00:00,0.009140999999999
2024-08-30 04:00:00,0.009423
2024-08-30 05:00:00,0.01041599999999999
2024-08-30 06:00:00,0.013211
2024-08-30 07:00:00,0.014667
2024-08-30 08:00:00,0.013259000000000002
2024-08-30 09:00:00,0.01137
2024-08-30 10:00:00,0.009824999999999999
2024-08-30 11:00:00,0.008995000000000001
2024-08-30 12:00:00,0.008619
2024-08-30 13:00:00,0.008023
2024-08-30 14:00:00,0.007897000000000001
2024-08-30 15:00:00,0.008187
2024-08-30 16:00:00,0.008545999999999
2024-08-30 17:00:00,0.009916000000000001
2024-08-30 18:00:00,0.012220000000000002
2024-08-30 19:00:00,0.014269000000000002
2024-08-30 20:00:00,0.013729
2024-08-30 21:00:00,0.011270999999999
2024-08-30 22:00:00,0.009683
2024-08-30 23:00:00,0.009536
2024-08-31 00:00:00,0.010657999999999999
2024-08-31 01:00:00,0.009817999999999992
2024-08-31 02:00:00,0.009689999999999999
2024-08-31 03:00:00,0.009559
2024-08-31 04:00:00,0.00914
2024-08-31 05:00:00,0.009409999999999
2024-08-31 06:00:00,0.009659999999999001
2024-08-31 07:00:00,0.01018
2024-08-31 08:00:00,0.010060000000000001
2024-08-31 09:00:00,0.008492
2024-08-31 10:00:00,0.006013
2024-08-31 11:00:00,0.0018340000000000001
2024-08-31 12:00:00,-0.0005539999999999999
2024-08-31 13:00:00,-0.000898
2024-08-31 14:00:00,-0.00115699999999999
2024-08-31 15:00:00,-0.002
2024-08-31 16:00:00,0.0012799999999999901
2024-08-31 17:00:00,0.0075
2024-08-31 18:00:00,0.011241
2024-08-31 19:00:00,0.013653
2024-08-31 20:00:00,0.012474999999999991
2024-08-31 21:00:00,0.010676
2024-08-31 22:00:00,0.009930999999999999
2024-08-31 23:00:00,0.008888
2024-09-01 00:00:00,0.009389
2024-09-01 01:00:00,0.008599
2024-09-01 02:00:00,0.008036999999999999
2024-09-01 03:00:00,0.007956999999999
2024-09-01 04:00:00,0.007987000000000001
2024-09-01 05:00:00,0.007657000000000001
2024-09-01 06:00:00,0.007379999999999
2024-09-01 07:00:00,0.007209
2024-09-01 08:00:00,0.006063000000000001
2024-09-01 09:00:00,0.004127
2024-09-01 10:00:00,0.001273
2024-09-01 11:00:00,-0.000483
2024-09-01 12:00:00,-0.001994
2024-09-01 13:00:00,-0.004092
2024-09-01 14:00:00,-0.003337
2024-09-01 15:00:00,-0.001332
2024-09-01 16:00:00,0.002398999999999
2024-09-01 17:00:00,0.007718999999999999
2024-09-01 18:00:00,0.011053
2024-09-01 19:00:00,0.013127000000000002
2024-09-01 20:00:00,0.01237899999999999
2024-09-01 21:00:00,0.010771000000000001
2024-09-01 22:00:00,0.01020099999999999
2024-09-01 23:00:00,0.009151
2024-09-02 00:00:00,0.009124
2024-09-02 01:00:00,0.009477000000000001
2024-09-02 02:00:00,0.009239
2024-09-02 03:00:00,0.009250999999999999
2024-09-02 04:00:00,0.009222
2024-09-02 05:00:00,0.010089
2024-09-02 06:00:00,0.01132
2024-09-02 07:00:00,0.013485
2024-09-02 08:00:00,0.013194
2024-09-02 09:00:00,0.012263999999999
2024-09-02 10:00:00,0.010283
2024-09-02 11:00:00,0.009082000000000002
2024-09-02 12:00:00,0.008502000000000001
2024-09-02 13:00:00,0.008102
2024-09-02 14:00:00,0.008345999999999
2024-09-02 15:00:00,0.008817
2024-09-02 16:00:00,0.009416
2024-09-02 17:00:00,0.011288000000000001
2024-09-02 18:00:00,0.014318999999999001
2024-09-02 19:00:00,0.025553000000000003
2024-09-02 20:00:00,0.021048999999999988
2024-09-02 21:00:00,0.013333000000000001
2024-09-02 22:00:00,0.01147099999999899
2024-09-02 23:00:00,0.010400000000000001
2024-09-03 00:00:00,0.009958
2024-09-03 01:00:00,0.009300000000000001
2024-09-03 02:00:00,0.00915
2024-09-03 03:00:00,0.009297000000000001
2024-09-03 04:00:00,0.0096
2024-09-03 05:00:00,0.010246
2024-09-03 06:00:00,0.01239
2024-09-03 07:00:00,0.014843
2024-09-03 08:00:00,0.013394999999999
2024-09-03 09:00:00,0.01159799999999999
2024-09-03 10:00:00,0.009888000000000001
2024-09-03 11:00:00,0.009002000000000001
2024-09-03 12:00:00,0.008480000000000001
2024-09-03 13:00:00,0.008269
2024-09-03 14:00:00,0.008412000000000001
2024-09-03 15:00:00,0.008667
2024-09-03 16:00:00,0.009148999999999002
2024-09-03 17:00:00,0.011460000000000001
2024-09-03 18:00:00,0.017990000000000003
2024-09-03 19:00:00,0.033459
2024-09-03 20:00:00,0.033999999999999996
2024-09-03 21:00:00,0.02067999999999999
2024-09-03 22:00:00,0.013247
2024-09-03 23:00:00,0.011732
2024-09-04 00:00:00,0.01082
2024-09-04 01:00:00,0.010039
2024-09-04 02:00:00,0.00980999999999899
2024-09-04 03:00:00,0.009813
2024-09-04 04:00:00,0.009659999999999001
2024-09-04 05:00:00,0.010665999999999001
2024-09-04 06:00:00,0.01394
2024-09-04 07:00:00,0.01743299999999999
2024-09-04 08:00:00,0.015257999999999999
2024-09-04 09:00:00,0.01248399999999999
2024-09-04 10:00:00,0.010721
2024-09-04 11:00:00,0.009577
2024-09-04 12:00:00,0.009189000000000001
2024-09-04 13:00:00,0.009037000000000002
2024-09-04 14:00:00,0.008924999999999001
2024-09-04 15:00:00,0.009264
2024-09-04 16:00:00,0.010045
2024-09-04 17:00:00,0.01216199999999999
2024-09-04 18:00:00,0.01534299999999999
2024-09-04 19:00:00,0.0303
2024-09-04 20:00:00,0.018195
2024-09-04 21:00:00,0.012988
2024-09-04 22:00:00,0.010897
2024-09-04 23:00:00,0.009989000000000001
2024-09-05 00:00:00,0.010127
2024-09-05 01:00:00,0.009459999999999
2024-09-05 02:00:00,0.009000000000000001
2024-09-05 03:00:00,0.008710999999999
2024-09-05 04:00:00,0.008056999999999
2024-09-05 05:00:00,0.00843
2024-09-05 06:00:00,0.010676
2024-09-05 07:00:00,0.01135999999999899
2024-09-05 08:00:00,0.011904
2024-09-05 09:00:00,0.009768
2024-09-05 10:00:00,0.009699999999999
2024-09-05 11:00:00,0.00550999999999999
2024-09-05 12:00:00,0.000369
2024-09-05 13:00:00,-0.0013390000000000001
2024-09-05 14:00:00,-0.0021000000000000003
2024-09-05 15:00:00,-0.00101
2024-09-05 16:00:00,-0.001
2024-09-05 17:00:00,0.00667
2024-09-05 18:00:00,0.008413
2024-09-05 19:00:00,0.010751999999999
2024-09-05 20:00:00,0.012
2024-09-05 21:00:00,0.010965
2024-09-05 22:00:00,0.00877
2024-09-05 23:00:00,0.008792
2024-09-06 00:00:00,0.00687
2024-09-06 01:00:00,0.006025000000000001
2024-09-06 02:00:00,0.005006
2024-09-06 03:00:00,0.004883
2024-09-06 04:00:00,0.0058000000000000005
2024-09-06 05:00:00,0.00699999999999999
2024-09-06 06:00:00,0.009329
2024-09-06 07:00:00,0.011824999999999999
2024-09-06 08:00:00,0.012007
2024-09-06 09:00:00,0.009976
2024-09-06 10:00:00,0.007775000000000001
2024-09-06 11:00:00,0.0029900000000000005
2024-09-06 12:00:00,0.00037799999999999
2024-09-06 13:00:00,0.001248
2024-09-06 14:00:00,0.0032799999999990003
2024-09-06 15:00:00,0.00651699999999999
2024-09-06 16:00:00,0.007607
2024-09-06 17:00:00,0.0095
2024-09-06 18:00:00,0.010016
2024-09-06 19:00:00,0.01293
2024-09-06 20:00:00,0.013446999999999001
2024-09-06 21:00:00,0.0101
2024-09-06 22:00:00,0.009550000000000001
2024-09-06 23:00:00,0.009290999999999
2024-09-07 00:00:00,0.010230000000000001
2024-09-07 01:00:00,0.009661
2024-09-07 02:00:00,0.009473
2024-09-07 03:00:00,0.009240999999999
2024-09-07 04:00:00,0.00944
2024-09-07 05:00:00,0.009734999999999
2024-09-07 06:00:00,0.010026
2024-09-07 07:00:00,0.01025499999999999
2024-09-07 08:00:00,0.009504
2024-09-07 09:00:00,0.00919999999999899
2024-09-07 10:00:00,0.005151999999999991
2024-09-07 11:00:00,0.001424
2024-09-07 12:00:00,0.000548
2024-09-07 13:00:00,0.000102
2024-09-07 14:00:00,4.4e-05
2024-09-07 15:00:00,0.000828
2024-09-07 16:00:00,0.004765
2024-09-07 17:00:00,0.009667
2024-09-07 18:00:00,0.012451999999999
2024-09-07 19:00:00,0.015044
2024-09-07 20:00:00,0.013113
2024-09-07 21:00:00,0.010143999999999992
2024-09-07 22:00:00,0.009185
2024-09-07 23:00:00,0.008929000000000001
2024-09-08 00:00:00,0.009391
2024-09-08 01:00:00,0.008953
2024-09-08 02:00:00,0.00836799999999999
2024-09-08 03:00:00,0.0082
2024-09-08 04:00:00,0.008239000000000002
2024-09-08 05:00:00,0.00851
2024-09-08 06:00:00,0.008335999999999
2024-09-08 07:00:00,0.008206999999999002
2024-09-08 08:00:00,0.00767299999999999
2024-09-08 09:00:00,0.003787
2024-09-08 10:00:00,0.00082899999999999
2024-09-08 11:00:00,4.4e-05
2024-09-08 12:00:00,3.999999999999901e-06
2024-09-08 13:00:00,-1.9999999999999e-06
2024-09-08 14:00:00,-0.00026900000000000003
2024-09-08 15:00:00,6e-06
2024-09-08 16:00:00,0.00545
2024-09-08 17:00:00,0.00858999999999999
2024-09-08 18:00:00,0.010783
2024-09-08 19:00:00,0.011699
2024-09-08 20:00:00,0.012431
2024-09-08 21:00:00,0.011169
2024-09-08 22:00:00,0.01022899999999999
2024-09-08 23:00:00,0.009519
2024-09-09 00:00:00,0.008530999999999001
2024-09-09 01:00:00,0.008575999999999001
2024-09-09 02:00:00,0.007939
2024-09-09 03:00:00,0.009114
2024-09-09 04:00:00,0.008558999999999999
2024-09-09 05:00:00,0.008530999999999001
2024-09-09 06:00:00,0.011343
2024-09-09 07:00:00,0.014387
2024-09-09 08:00:00,0.016397000000000002
2024-09-09 09:00:00,0.01245
2024-09-09 10:00:00,0.010759999999999994
2024-09-09 11:00:00,0.009675000000000001
2024-09-09 12:00:00,0.008629000000000001
2024-09-09 13:00:00,0.00829099999999899
2024-09-09 14:00:00,0.0073609999999999995
2024-09-09 15:00:00,0.007598999999999
2024-09-09 16:00:00,0.0067269999999999995
2024-09-09 17:00:00,0.007848999999999001
2024-09-09 18:00:00,0.011
2024-09-09 19:00:00,0.01151799999999999
2024-09-09 20:00:00,0.011199999999999991
2024-09-09 21:00:00,0.009613
2024-09-09 22:00:00,0.008799999999999001
2024-09-09 23:00:00,0.007993
2024-09-10 00:00:00,0.0068999999999999895
2024-09-10 01:00:00,0.007199999999999001
2024-09-10 02:00:00,0.0061399999999989996
2024-09-10 03:00:00,0.00676399999999999
2024-09-10 04:00:00,0.006533000000000001
2024-09-10 05:00:00,0.007734999999999
2024-09-10 06:00:00,0.009842
2024-09-10 07:00:00,0.012544000000000001
2024-09-10 08:00:00,0.01104299999999999
2024-09-10 09:00:00,0.007600999999999
2024-09-10 10:00:00,0.004036999999999
2024-09-10 11:00:00,0.000786
2024-09-10 12:00:00,-6.3e-05
2024-09-10 13:00:00,1.5999999999989903e-05
2024-09-10 14:00:00,-0.000106
2024-09-10 15:00:00,-0.000183
2024-09-10 16:00:00,0.0
2024-09-10 17:00:00,0.002326
2024-09-10 18:00:00,0.008073999999999
2024-09-10 19:00:00,0.00999
2024-09-10 20:00:00,0.011960000000000002
2024-09-10 21:00:00,0.01263
2024-09-10 22:00:00,0.0094
2024-09-10 23:00:00,0.007489999999999
2024-09-11 00:00:00,0.005
2024-09-11 01:00:00,0.004
2024-09-11 02:00:00,0.003984
2024-09-11 03:00:00,0.003396
2024-09-11 04:00:00,0.004
2024-09-11 05:00:00,0.004847999999999001
2024-09-11 06:00:00,0.010050000000000002
2024-09-11 07:00:00,0.01035
2024-09-11 08:00:00,0.011009999999999
2024-09-11 09:00:00,0.009745
2024-09-11 10:00:00,0.007657999999999001
2024-09-11 11:00:00,0.0043679999999999995
2024-09-11 12:00:00,0.0031910000000000003
2024-09-11 13:00:00,0.002
2024-09-11 14:00:00,0.000202
2024-09-11 15:00:00,0.00550999999999999
2024-09-11 16:00:00,0.006990999999999
2024-09-11 17:00:00,0.009879
2024-09-11 18:00:00,0.01138899999999999
2024-09-11 19:00:00,0.014118
2024-09-11 20:00:00,0.013630999999999999
2024-09-11 21:00:00,0.01139999999999999
2024-09-11 22:00:00,0.010256000000000001
2024-09-11 23:00:00,0.010108
2024-09-12 00:00:00,0.008767999999999
2024-09-12 01:00:00,0.008187
2024-09-12 02:00:00,0.008283999999999
2024-09-12 03:00:00,0.008075999999999
2024-09-12 04:00:00,0.008050999999999
2024-09-12 05:00:00,0.008459999999999001
2024-09-12 06:00:00,0.010551
2024-09-12 07:00:00,0.013355
2024-09-12 08:00:00,0.013488
2024-09-12 09:00:00,0.010343
2024-09-12 10:00:00,0.008503
2024-09-12 11:00:00,0.0077989999999989994
2024-09-12 12:00:00,0.007714
2024-09-12 13:00:00,0.007579999999999
2024-09-12 14:00:00,0.0076
2024-09-12 15:00:00,0.007704
2024-09-12 16:00:00,0.008975
2024-09-12 17:00:00,0.01
2024-09-12 18:00:00,0.011209999999999
2024-09-12 19:00:00,0.019600000000000003
2024-09-12 20:00:00,0.019616
2024-09-12 21:00:00,0.011708
2024-09-12 22:00:00,0.009908
2024-09-12 23:00:00,0.009178
2024-09-13 00:00:00,0.009973000000000001
2024-09-13 01:00:00,0.009051999999999
2024-09-13 02:00:00,0.008497
2024-09-13 03:00:00,0.008237
2024-09-13 04:00:00,0.007978
2024-09-13 05:00:00,0.008598000000000001
2024-09-13 06:00:00,0.00991
2024-09-13 07:00:00,0.011954999999999992
2024-09-13 08:00:00,0.01316
2024-09-13 09:00:00,0.00904
2024-09-13 10:00:00,0.00991799999999999
2024-09-13 11:00:00,0.009115
2024-09-13 12:00:00,0.0045000000000000005
2024-09-13 13:00:00,0.0048
2024-09-13 14:00:00,0.001
2024-09-13 15:00:00,0.004990999999999
2024-09-13 16:00:00,0.006670999999999001
2024-09-13 17:00:00,0.00729799999999999
2024-09-13 18:00:00,0.009583000000000001
2024-09-13 19:00:00,0.01001
2024-09-13 20:00:00,0.01099
2024-09-13 21:00:00,0.01033999999999999
2024-09-13 22:00:00,0.008999
2024-09-13 23:00:00,0.009531999999999
2024-09-14 00:00:00,0.011969999999999991
2024-09-14 01:00:00,0.010759999999999994
2024-09-14 02:00:00,0.01002
2024-09-14 03:00:00,0.00928
2024-09-14 04:00:00,0.008099999999999991
2024-09-14 05:00:00,0.007310999999999
2024-09-14 06:00:00,0.008309999999999
2024-09-14 07:00:00,0.01129
2024-09-14 08:00:00,0.0111
2024-09-14 09:00:00,0.0105
2024-09-14 10:00:00,0.0049900000000000005
2024-09-14 11:00:00,0.000815
2024-09-14 12:00:00,0.000111
2024-09-14 13:00:00,2.5e-05
2024-09-14 14:00:00,-1.399999999999e-05
2024-09-14 15:00:00,5.4e-05
2024-09-14 16:00:00,0.001032999999999
2024-09-14 17:00:00,0.006509000000000001
2024-09-14 18:00:00,0.010085999999999989
2024-09-14 19:00:00,0.012657999999999999
2024-09-14 20:00:00,0.012171
2024-09-14 21:00:00,0.01099
2024-09-14 22:00:00,0.009375
2024-09-14 23:00:00,0.00899
2024-09-15 00:00:00,0.008177
2024-09-15 01:00:00,0.00799
2024-09-15 02:00:00,0.0073279999999999994
2024-09-15 03:00:00,0.007575999999999
2024-09-15 04:00:00,0.0071319999999999995
2024-09-15 05:00:00,0.00726
2024-09-15 06:00:00,0.007593999999999999
2024-09-15 07:00:00,0.00999
2024-09-15 08:00:00,0.0106
2024-09-15 09:00:00,0.005407
2024-09-15 10:00:00,0.001092
2024-09-15 11:00:00,7e-06
2024-09-15 12:00:00,0.0
2024-09-15 13:00:00,-9.999999999999e-07
2024-09-15 14:00:00,-4e-05
2024-09-15 15:00:00,-2e-05
2024-09-15 16:00:00,0.001925
2024-09-15 17:00:00,0.008225
2024-09-15 18:00:00,0.010920000000000001
2024-09-15 19:00:00,0.01305
2024-09-15 20:00:00,0.012678000000000002
2024-09-15 21:00:00,0.011079
2024-09-15 22:00:00,0.010421
2024-09-15 23:00:00,0.009259999999999
2024-09-16 00:00:00,0.009298999999998999
2024-09-16 01:00:00,0.008158999999999
2024-09-16 02:00:00,0.007847999999999999
2024-09-16 03:00:00,0.008242
2024-09-16 04:00:00,0.00793
2024-09-16 05:00:00,0.008009999999999
2024-09-16 06:00:00,0.0108
2024-09-16 07:00:00,0.012813999999999002
2024-09-16 08:00:00,0.014606000000000001
2024-09-16 09:00:00,0.01263999999999999
2024-09-16 10:00:00,0.01046
2024-09-16 11:00:00,0.009525
2024-09-16 12:00:00,0.008442
2024-09-16 13:00:00,0.007432999999999
2024-09-16 14:00:00,0.006468
2024-09-16 15:00:00,0.005953999999999
2024-09-16 16:00:00,0.006025000000000001
2024-09-16 17:00:00,0.007917
2024-09-16 18:00:00,0.010166000000000001
2024-09-16 19:00:00,0.01088
2024-09-16 20:00:00,0.010901
2024-09-16 21:00:00,0.00901
2024-09-16 22:00:00,0.007881
2024-09-16 23:00:00,0.0075
2024-09-17 00:00:00,0.00855399999999999
2024-09-17 01:00:00,0.008230000000000001
2024-09-17 02:00:00,0.007870000000000002
2024-09-17 03:00:00,0.007720000000000001
2024-09-17 04:00:00,0.0073
2024-09-17 05:00:00,0.007693
2024-09-17 06:00:00,0.009489000000000001
2024-09-17 07:00:00,0.012744
2024-09-17 08:00:00,0.012919
2024-09-17 09:00:00,0.009819000000000001
2024-09-17 10:00:00,0.00799
2024-09-17 11:00:00,0.006745999999999
2024-09-17 12:00:00,0.004867
2024-09-17 13:00:00,0.00279999999999999
2024-09-17 14:00:00,0.000745
2024-09-17 15:00:00,0.00286
2024-09-17 16:00:00,0.005998000000000001
2024-09-17 17:00:00,0.007886
2024-09-17 18:00:00,0.01114
2024-09-17 19:00:00,0.013056
2024-09-17 20:00:00,0.01099
2024-09-17 21:00:00,0.00949
2024-09-17 22:00:00,0.008719000000000001
2024-09-17 23:00:00,0.008263
2024-09-18 00:00:00,0.007805
2024-09-18 01:00:00,0.007732
2024-09-18 02:00:00,0.007805
2024-09-18 03:00:00,0.007700999999999
2024-09-18 04:00:00,0.007465
2024-09-18 05:00:00,0.00832199999999999
2024-09-18 06:00:00,0.00999
2024-09-18 07:00:00,0.013892
2024-09-18 08:00:00,0.013178
2024-09-18 09:00:00,0.009855000000000001
2024-09-18 10:00:00,0.007779
2024-09-18 11:00:00,0.004782
2024-09-18 12:00:00,0.000549
2024-09-18 13:00:00,0.0
2024-09-18 14:00:00,-7e-06
2024-09-18 15:00:00,6.899999999999e-05
2024-09-18 16:00:00,0.003487
2024-09-18 17:00:00,0.007912
2024-09-18 18:00:00,0.01096699999999999
2024-09-18 19:00:00,0.012991999999999001
2024-09-18 20:00:00,0.010823999999998987
2024-09-18 21:00:00,0.008872
2024-09-18 22:00:00,0.00825299999999999
2024-09-18 23:00:00,0.007379
2024-09-19 00:00:00,0.007585
2024-09-19 01:00:00,0.007609000000000001
2024-09-19 02:00:00,0.008607
2024-09-19 03:00:00,0.008874
2024-09-19 04:00:00,0.008099999999999991
2024-09-19 05:00:00,0.008824999999999
2024-09-19 06:00:00,0.011155
2024-09-19 07:00:00,0.014162000000000001
2024-09-19 08:00:00,0.012369999999999999
2024-09-19 09:00:00,0.009728
2024-09-19 10:00:00,0.007481
2024-09-19 11:00:00,0.00457599999999899
2024-09-19 12:00:00,0.00049699999999999
2024-09-19 13:00:00,-7e-06
2024-09-19 14:00:00,-8.9999999999999e-06
2024-09-19 15:00:00,0.00089999999999999
2024-09-19 16:00:00,0.0051210000000000006
2024-09-19 17:00:00,0.009083
2024-09-19 18:00:00,0.011401
2024-09-19 19:00:00,0.013394
2024-09-19 20:00:00,0.01134999999999999
2024-09-19 21:00:00,0.009106
2024-09-19 22:00:00,0.008896999999999001
2024-09-19 23:00:00,0.007887
2024-09-20 00:00:00,0.007237999999998999
2024-09-20 01:00:00,0.007404
2024-09-20 02:00:00,0.007342
2024-09-20 03:00:00,0.006997000000000001
2024-09-20 04:00:00,0.0073
2024-09-20 05:00:00,0.007927
2024-09-20 06:00:00,0.010864
2024-09-20 07:00:00,0.014145
2024-09-20 08:00:00,0.01087
2024-09-20 09:00:00,0.008891999999999999
2024-09-20 10:00:00,0.006204999999999
2024-09-20 11:00:00,0.0024689999999999903
2024-09-20 12:00:00,0.000835
2024-09-20 13:00:00,-3.999999999999901e-06
2024-09-20 14:00:00,7e-06
2024-09-20 15:00:00,0.0008500000000000001
2024-09-20 16:00:00,0.0044340000000000004
2024-09-20 17:00:00,0.008512
2024-09-20 18:00:00,0.010728
2024-09-20 19:00:00,0.014721
2024-09-20 20:00:00,0.010965
2024-09-20 21:00:00,0.009106999999999999
2024-09-20 22:00:00,0.008780000000000001
2024-09-20 23:00:00,0.008708
2024-09-21 00:00:00,0.008828999999999
2024-09-21 01:00:00,0.008529999999999
2024-09-21 02:00:00,0.0082
2024-09-21 03:00:00,0.008218999999999999
2024-09-21 04:00:00,0.008638
2024-09-21 05:00:00,0.008947999999999992
2024-09-21 06:00:00,0.009806999999999
2024-09-21 07:00:00,0.010228
2024-09-21 08:00:00,0.008594
2024-09-21 09:00:00,0.006121000000000001
2024-09-21 10:00:00,0.0022
2024-09-21 11:00:00,0.000315
2024-09-21 12:00:00,0.0
2024-09-21 13:00:00,-0.00033599999999999
2024-09-21 14:00:00,-0.000395
2024-09-21 15:00:00,0.000109
2024-09-21 16:00:00,0.004314
2024-09-21 17:00:00,0.008637
2024-09-21 18:00:00,0.012592999999999
2024-09-21 19:00:00,0.014400000000000001
2024-09-21 20:00:00,0.01129999999999999
2024-09-21 21:00:00,0.009506
2024-09-21 22:00:00,0.009359999999999
2024-09-21 23:00:00,0.008672000000000001
2024-09-22 00:00:00,0.00983
2024-09-22 01:00:00,0.009004999999999002
2024-09-22 02:00:00,0.008993000000000001
2024-09-22 03:00:00,0.008955999999999
2024-09-22 04:00:00,0.009075
2024-09-22 05:00:00,0.009104999999999001
2024-09-22 06:00:00,0.009564
2024-09-22 07:00:00,0.00982
2024-09-22 08:00:00,0.008347
2024-09-22 09:00:00,0.00649
2024-09-22 10:00:00,0.002617
2024-09-22 11:00:00,0.0012250000000000002
2024-09-22 12:00:00,0.0011499999999989902
2024-09-22 13:00:00,2.099999999999e-05
2024-09-22 14:00:00,9.999999999999e-07
2024-09-22 15:00:00,0.000966
2024-09-22 16:00:00,0.005828
2024-09-22 17:00:00,0.010319000000000002
2024-09-22 18:00:00,0.013102
2024-09-22 19:00:00,0.016205999999999998
2024-09-22 20:00:00,0.0128
2024-09-22 21:00:00,0.010934999999999001
2024-09-22 22:00:00,0.00987599999999999
2024-09-22 23:00:00,0.00919999999999899
2024-09-23 00:00:00,0.00873
2024-09-23 01:00:00,0.008015000000000001
2024-09-23 02:00:00,0.008159999999999
2024-09-23 03:00:00,0.008277
2024-09-23 04:00:00,0.008402999999999
2024-09-23 05:00:00,0.00909
2024-09-23 06:00:00,0.013069
2024-09-23 07:00:00,0.020373000000000002
2024-09-23 08:00:00,0.015132999999999999
2024-09-23 09:00:00,0.010998999999999001
2024-09-23 10:00:00,0.009689999999999999
2024-09-23 11:00:00,0.008015999999999
2024-09-23 12:00:00,0.007894
2024-09-23 13:00:00,0.0073
2024-09-23 14:00:00,0.007042
2024-09-23 15:00:00,0.006953
2024-09-23 16:00:00,0.009054000000000001
2024-09-23 17:00:00,0.011823999999999993
2024-09-23 18:00:00,0.02055099999999999
2024-09-23 19:00:00,0.028329
2024-09-23 20:00:00,0.016799
2024-09-23 21:00:00,0.010887
2024-09-23 22:00:00,0.009083999999999991
2024-09-23 23:00:00,0.008449
2024-09-24 00:00:00,0.00829
2024-09-24 01:00:00,0.007725
2024-09-24 02:00:00,0.00768
2024-09-24 03:00:00,0.0077
2024-09-24 04:00:00,0.007210999999998991
2024-09-24 05:00:00,0.007969999999999
2024-09-24 06:00:00,0.010169999999999993
2024-09-24 07:00:00,0.013899
2024-09-24 08:00:00,0.01273999999999999
2024-09-24 09:00:00,0.010006999999999
2024-09-24 10:00:00,0.008562
2024-09-24 11:00:00,0.007837999999999
2024-09-24 12:00:00,0.006922000000000001
2024-09-24 13:00:00,0.0060879999999990005
2024-09-24 14:00:00,0.005511
2024-09-24 15:00:00,0.0068000000000000005
2024-09-24 16:00:00,0.007693
2024-09-24 17:00:00,0.009237999999999
2024-09-24 18:00:00,0.011364
2024-09-24 19:00:00,0.012469
2024-09-24 20:00:00,0.010228
2024-09-24 21:00:00,0.008050000000000002
2024-09-24 22:00:00,0.007650999999999001
2024-09-24 23:00:00,0.0067
2024-09-25 00:00:00,0.0062180000000000004
2024-09-25 01:00:00,0.0077
2024-09-25 02:00:00,0.0068999999999999895
2024-09-25 03:00:00,0.005679999999999
2024-09-25 04:00:00,0.007327
2024-09-25 05:00:00,0.006877
2024-09-25 06:00:00,0.008320000000000001
2024-09-25 07:00:00,0.00955299999999999
2024-09-25 08:00:00,0.010039
2024-09-25 09:00:00,0.010150000000000001
2024-09-25 10:00:00,0.009699999999999
2024-09-25 11:00:00,0.00851
2024-09-25 12:00:00,0.008555
2024-09-25 13:00:00,0.0076
2024-09-25 14:00:00,0.00849999999999999
2024-09-25 15:00:00,0.007981999999998999
2024-09-25 16:00:00,0.009758
2024-09-25 17:00:00,0.01187399999999999
2024-09-25 18:00:00,0.017408000000000003
2024-09-25 19:00:00,0.019938999999999003
2024-09-25 20:00:00,0.01318399999999999
2024-09-25 21:00:00,0.01035
2024-09-25 22:00:00,0.009800000000000001
2024-09-25 23:00:00,0.008893999999999
2024-09-26 00:00:00,0.005852
2024-09-26 01:00:00,0.005082
2024-09-26 02:00:00,0.004586
2024-09-26 03:00:00,0.004307
2024-09-26 04:00:00,0.00391699999999999
2024-09-26 05:00:00,0.00434
2024-09-26 06:00:00,0.006615
2024-09-26 07:00:00,0.00852
2024-09-26 08:00:00,0.00834
2024-09-26 09:00:00,0.0064979999999999994
2024-09-26 10:00:00,0.004596
2024-09-26 11:00:00,0.00316199999999999
2024-09-26 12:00:00,0.0017000000000000001
2024-09-26 13:00:00,0.00119
2024-09-26 14:00:00,0.00116
2024-09-26 15:00:00,0.003041
2024-09-26 16:00:00,0.0047
2024-09-26 17:00:00,0.006368
2024-09-26 18:00:00,0.008
2024-09-26 19:00:00,0.009509999999999
2024-09-26 20:00:00,0.008214
2024-09-26 21:00:00,0.006104
2024-09-26 22:00:00,0.005228999999999
2024-09-26 23:00:00,0.00363
2024-09-27 00:00:00,5e-06
2024-09-27 01:00:00,-1.1e-05
2024-09-27 02:00:00,-0.000102
2024-09-27 03:00:00,-5.899999999999e-05
2024-09-27 04:00:00,-0.00058499999999999
2024-09-27 05:00:00,-0.000184
2024-09-27 06:00:00,4.1999999999989996e-05
2024-09-27 07:00:00,0.00254199999999999
2024-09-27 08:00:00,0.004054
2024-09-27 09:00:00,0.0007779999999999999
2024-09-27 10:00:00,0.0
2024-09-27 11:00:00,-0.0001619999999999899
2024-09-27 12:00:00,0.0
2024-09-27 13:00:00,3e-05
2024-09-27 14:00:00,0.00038799999999999
2024-09-27 15:00:00,0.00049299999999999
2024-09-27 16:00:00,0.00183
2024-09-27 17:00:00,0.0052969999999989996
2024-09-27 18:00:00,0.007249999999999
2024-09-27 19:00:00,0.007895999999999
2024-09-27 20:00:00,0.007272999999999991
2024-09-27 21:00:00,0.004471999999998999
2024-09-27 22:00:00,0.00424999999999999
2024-09-27 23:00:00,0.00252
2024-09-28 00:00:00,0.000177
2024-09-28 01:00:00,0.00030299999999999
2024-09-28 02:00:00,0.00032900000000000003
2024-09-28 03:00:00,0.000316
2024-09-28 04:00:00,0.00032700000000000003
2024-09-28 05:00:00,0.000415
2024-09-28 06:00:00,0.001196
2024-09-28 07:00:00,0.0039900000000000005
2024-09-28 08:00:00,0.004201
2024-09-28 09:00:00,0.003517
2024-09-28 10:00:00,0.000983
2024-09-28 11:00:00,0.000382
2024-09-28 12:00:00,6.6e-05
2024-09-28 13:00:00,0.0
2024-09-28 14:00:00,0.0
2024-09-28 15:00:00,6e-06
2024-09-28 16:00:00,0.000983
2024-09-28 17:00:00,0.0075
2024-09-28 18:00:00,0.01052
2024-09-28 19:00:00,0.01447699999999999
2024-09-28 20:00:00,0.014198
2024-09-28 21:00:00,0.01055
2024-09-28 22:00:00,0.00945
2024-09-28 23:00:00,0.009022
2024-09-29 00:00:00,0.010740000000000001
2024-09-29 01:00:00,0.0111
2024-09-29 02:00:00,0.0082
2024-09-29 03:00:00,0.00993
2024-09-29 04:00:00,0.009997
2024-09-29 05:00:00,0.008490000000000001
2024-09-29 06:00:00,0.00751
2024-09-29 07:00:00,0.009800000000000001
2024-09-29 08:00:00,0.009443
2024-09-29 09:00:00,0.00544299999999999
2024-09-29 10:00:00,0.000133
2024-09-29 11:00:00,0.0
2024-09-29 12:00:00,-9.999999999999e-07
2024-09-29 13:00:00,-5e-05
2024-09-29 14:00:00,-4.4999999999999996e-05
2024-09-29 15:00:00,0.0
2024-09-29 16:00:00,0.004263
2024-09-29 17:00:00,0.009661
2024-09-29 18:00:00,0.015059999999999001
2024-09-29 19:00:00,0.016616
2024-09-29 20:00:00,0.01090899999999999
2024-09-29 21:00:00,0.00796399999999999
2024-09-29 22:00:00,0.006500000000000001
2024-09-29 23:00:00,0.003736
2024-09-30 00:00:00,0.001857
2024-09-30 01:00:00,0.001082
2024-09-30 02:00:00,0.000808
2024-09-30 03:00:00,0.0005229999999999899
2024-09-30 04:00:00,0.00058
2024-09-30 05:00:00,0.0017319999999999998
2024-09-30 06:00:00,0.00464
2024-09-30 07:00:00,0.008358
2024-09-30 08:00:00,0.008890999999999
2024-09-30 09:00:00,0.006327000000000001
2024-09-30 10:00:00,0.003909
2024-09-30 11:00:00,0.00184
2024-09-30 12:00:00,0.0009280000000000001
2024-09-30 13:00:00,0.00020599999999999
2024-09-30 14:00:00,0.0015
2024-09-30 15:00:00,0.0026000000000000003
2024-09-30 16:00:00,0.005900000000000001
2024-09-30 17:00:00,0.008799999999999001
2024-09-30 18:00:00,0.00799
2024-09-30 19:00:00,0.006656
2024-09-30 20:00:00,0.005
2024-09-30 21:00:00,0.002574
2024-09-30 22:00:00,0.0020859999999999997
2024-09-30 23:00:00,0.000984
2024-10-01 00:00:00,0.000321
2024-10-01 01:00:00,7e-06
2024-10-01 02:00:00,5e-06
2024-10-01 03:00:00,1.9999999999999e-06
2024-10-01 04:00:00,8.9999999999999e-06
2024-10-01 05:00:00,0.00059
2024-10-01 06:00:00,0.006279999999999999
2024-10-01 07:00:00,0.01044199999999999
2024-10-01 08:00:00,0.011492
2024-10-01 09:00:00,0.010031999999998993
2024-10-01 10:00:00,0.007640999999999
2024-10-01 11:00:00,0.006869
2024-10-01 12:00:00,0.00588
2024-10-01 13:00:00,0.00556
2024-10-01 14:00:00,0.005645
2024-10-01 15:00:00,0.006162999999999999
2024-10-01 16:00:00,0.009333000000000001
2024-10-01 17:00:00,0.010541999999999992
2024-10-01 18:00:00,0.01306
2024-10-01 19:00:00,0.013925000000000002
2024-10-01 20:00:00,0.011937
2024-10-01 21:00:00,0.009257
2024-10-01 22:00:00,0.009144999999999992
2024-10-01 23:00:00,0.007623999999999
2024-10-02 00:00:00,0.008538
2024-10-02 01:00:00,0.008799999999999001
2024-10-02 02:00:00,0.008559999999999
2024-10-02 03:00:00,0.008099999999999991
2024-10-02 04:00:00,0.007837999999999
2024-10-02 05:00:00,0.00808
2024-10-02 06:00:00,0.009765000000000001
2024-10-02 07:00:00,0.01198999999999999
2024-10-02 08:00:00,0.013372
2024-10-02 09:00:00,0.011623
2024-10-02 10:00:00,0.009699999999999
2024-10-02 11:00:00,0.00954
2024-10-02 12:00:00,0.008799999999999001
2024-10-02 13:00:00,0.008056999999999
2024-10-02 14:00:00,0.0079
2024-10-02 15:00:00,0.008143000000000001
2024-10-02 16:00:00,0.008158
2024-10-02 17:00:00,0.009909000000000001
2024-10-02 18:00:00,0.011701000000000001
2024-10-02 19:00:00,0.013007
2024-10-02 20:00:00,0.011437
2024-10-02 21:00:00,0.009641
2024-10-02 22:00:00,0.009342000000000001
2024-10-02 23:00:00,0.00849999999999999
2024-10-03 00:00:00,0.006600000000000001
2024-10-03 01:00:00,0.00638
2024-10-03 02:00:00,0.00799
2024-10-03 03:00:00,0.008
2024-10-03 04:00:00,0.008009999999999
2024-10-03 05:00:00,0.0086
2024-10-03 06:00:00,0.008867
2024-10-03 07:00:00,0.01258999999999999
2024-10-03 08:00:00,0.014348000000000001
2024-10-03 09:00:00,0.010768000000000002
2024-10-03 10:00:00,0.00701
2024-10-03 11:00:00,0.006222000000000001
2024-10-03 12:00:00,0.004700999999999
2024-10-03 13:00:00,0.0034990000000000004
2024-10-03 14:00:00,0.003834
2024-10-03 15:00:00,0.004713
2024-10-03 16:00:00,0.007027
2024-10-03 17:00:00,0.00999
2024-10-03 18:00:00,0.012146
2024-10-03 19:00:00,0.01399999999999999
2024-10-03 20:00:00,0.012359999999999
2024-10-03 21:00:00,0.0101
2024-10-03 22:00:00,0.009762
2024-10-03 23:00:00,0.009000000000000001
2024-10-04 00:00:00,0.00751
2024-10-04 01:00:00,0.007252
2024-10-04 02:00:00,0.007659999999998999
2024-10-04 03:00:00,0.00799
2024-10-04 04:00:00,0.007232999999999
2024-10-04 05:00:00,0.007709999999999
2024-10-04 06:00:00,0.0103
2024-10-04 07:00:00,0.012708
2024-10-04 08:00:00,0.014142
2024-10-04 09:00:00,0.011643
2024-10-04 10:00:00,0.010015000000000001
2024-10-04 11:00:00,0.008398
2024-10-04 12:00:00,0.007413
2024-10-04 13:00:00,0.007144
2024-10-04 14:00:00,0.0072440000000000004
2024-10-04 15:00:00,0.007498
2024-10-04 16:00:00,0.008567
2024-10-04 17:00:00,0.01044199999999999
2024-10-04 18:00:00,0.012917999999999999
2024-10-04 19:00:00,0.0148
2024-10-04 20:00:00,0.012369999999999999
2024-10-04 21:00:00,0.00999
2024-10-04 22:00:00,0.00999
2024-10-04 23:00:00,0.009000000000000001
2024-10-05 00:00:00,0.009309999999999001
2024-10-05 01:00:00,0.00846399999999999
2024-10-05 02:00:00,0.008140000000000001
2024-10-05 03:00:00,0.007554
2024-10-05 04:00:00,0.007572
2024-10-05 05:00:00,0.007981999999998999
2024-10-05 06:00:00,0.00861999999999899
2024-10-05 07:00:00,0.01003999999999999
2024-10-05 08:00:00,0.011061999999999999
2024-10-05 09:00:00,0.010173
2024-10-05 10:00:00,0.008008
2024-10-05 11:00:00,0.006
2024-10-05 12:00:00,0.004221
2024-10-05 13:00:00,0.0036000000000000003
2024-10-05 14:00:00,0.0026000000000000003
2024-10-05 15:00:00,0.005611
2024-10-05 16:00:00,0.007255000000000001
2024-10-05 17:00:00,0.009255000000000001
2024-10-05 18:00:00,0.013807
2024-10-05 19:00:00,0.013797
2024-10-05 20:00:00,0.010635
2024-10-05 21:00:00,0.009456999999999001
2024-10-05 22:00:00,0.008429
2024-10-05 23:00:00,0.0067
2024-10-06 00:00:00,0.0065119999999999996
2024-10-06 01:00:00,0.006064999999998999
2024-10-06 02:00:00,0.00591
2024-10-06 03:00:00,0.005813
2024-10-06 04:00:00,0.005693000000000001
2024-10-06 05:00:00,0.005813
2024-10-06 06:00:00,0.005793
2024-10-06 07:00:00,0.006634999999999
2024-10-06 08:00:00,0.00701
2024-10-06 09:00:00,0.0059900000000000005
2024-10-06 10:00:00,0.0034999999999999897
2024-10-06 11:00:00,0.001668
2024-10-06 12:00:00,0.0005250000000000001
2024-10-06 13:00:00,-9.999999999999e-07
2024-10-06 14:00:00,-9.999999999999e-07
2024-10-06 15:00:00,2e-05
2024-10-06 16:00:00,0.0053100000000000005
2024-10-06 17:00:00,0.00827799999999999
2024-10-06 18:00:00,0.010629999999999001
2024-10-06 19:00:00,0.010629999999999001
2024-10-06 20:00:00,0.009759999999999
2024-10-06 21:00:00,0.0076299999999989996
2024-10-06 22:00:00,0.00649
2024-10-06 23:00:00,0.005171
2024-10-07 00:00:00,0.003458
2024-10-07 01:00:00,0.0035340000000000002
2024-10-07 02:00:00,0.0033250000000000003
2024-10-07 03:00:00,0.002996
2024-10-07 04:00:00,0.003356
2024-10-07 05:00:00,0.0043
2024-10-07 06:00:00,0.0064080000000000005
2024-10-07 07:00:00,0.010199999999999999
2024-10-07 08:00:00,0.010832000000000001
2024-10-07 09:00:00,0.009183
2024-10-07 10:00:00,0.006605000000000001
2024-10-07 11:00:00,0.006019999999999999
2024-10-07 12:00:00,0.004588
2024-10-07 13:00:00,0.004329
2024-10-07 14:00:00,0.0055
2024-10-07 15:00:00,0.006144999999999999
2024-10-07 16:00:00,0.008879
2024-10-07 17:00:00,0.01124
2024-10-07 18:00:00,0.022765
2024-10-07 19:00:00,0.021736000000000002
2024-10-07 20:00:00,0.012743
2024-10-07 21:00:00,0.009991
2024-10-07 22:00:00,0.009433
2024-10-07 23:00:00,0.007912
2024-10-08 00:00:00,0.006872
2024-10-08 01:00:00,0.006200000000000001
2024-10-08 02:00:00,0.005823000000000001
2024-10-08 03:00:00,0.005285000000000001
2024-10-08 04:00:00,0.0052569999999999995
2024-10-08 05:00:00,0.0061399999999989996
2024-10-08 06:00:00,0.008549
2024-10-08 07:00:00,0.010661
2024-10-08 08:00:00,0.011
2024-10-08 09:00:00,0.00891
2024-10-08 10:00:00,0.008033
2024-10-08 11:00:00,0.007342
2024-10-08 12:00:00,0.006651
2024-10-08 13:00:00,0.00709699999999999
2024-10-08 14:00:00,0.007579
2024-10-08 15:00:00,0.007753
2024-10-08 16:00:00,0.008591999999999001
2024-10-08 17:00:00,0.01139999999999999
2024-10-08 18:00:00,0.014400000000000001
2024-10-08 19:00:00,0.015826999999999
2024-10-08 20:00:00,0.010923
2024-10-08 21:00:00,0.00949
2024-10-08 22:00:00,0.008185999999999
2024-10-08 23:00:00,0.006353000000000001
2024-10-09 00:00:00,0.005636
2024-10-09 01:00:00,0.005205
2024-10-09 02:00:00,0.004920999999999999
2024-10-09 03:00:00,0.0046299999999989995
2024-10-09 04:00:00,0.004885
2024-10-09 05:00:00,0.005497
2024-10-09 06:00:00,0.007786999999999999
2024-10-09 07:00:00,0.009888000000000001
2024-10-09 08:00:00,0.010108999999999993
2024-10-09 09:00:00,0.008699999999999002
2024-10-09 10:00:00,0.006614000000000001
2024-10-09 11:00:00,0.0055279999999999895
2024-10-09 12:00:00,0.005599000000000001
2024-10-09 13:00:00,0.005900000000000001
2024-10-09 14:00:00,0.006848
2024-10-09 15:00:00,0.008527
2024-10-09 16:00:00,0.0095
2024-10-09 17:00:00,0.011199999999999991
2024-10-09 18:00:00,0.0128
2024-10-09 19:00:00,0.012916999999998999
2024-10-09 20:00:00,0.01173999999999999
2024-10-09 21:00:00,0.00999
2024-10-09 22:00:00,0.009794
2024-10-09 23:00:00,0.00795
2024-10-10 00:00:00,0.00699999999999999
2024-10-10 01:00:00,0.004539
2024-10-10 02:00:00,0.0039
2024-10-10 03:00:00,0.0035340000000000002
2024-10-10 04:00:00,0.00263
2024-10-10 05:00:00,0.003379
2024-10-10 06:00:00,0.0056139999999999905
2024-10-10 07:00:00,0.008490000000000001
2024-10-10 08:00:00,0.008045999999999
2024-10-10 09:00:00,0.00675
2024-10-10 10:00:00,0.005201000000000001
2024-10-10 11:00:00,0.0038929999999999998
2024-10-10 12:00:00,0.002189
2024-10-10 13:00:00,0.0015940000000000001
2024-10-10 14:00:00,0.0020009999999999997
2024-10-10 15:00:00,0.00383699999999899
2024-10-10 16:00:00,0.0058000000000000005
2024-10-10 17:00:00,0.00899
2024-10-10 18:00:00,0.01099
2024-10-10 19:00:00,0.014594
2024-10-10 20:00:00,0.012
2024-10-10 21:00:00,0.009040999999999001
2024-10-10 22:00:00,0.009526
2024-10-10 23:00:00,0.00861999999999899
2024-10-11 00:00:00,0.00839
2024-10-11 01:00:00,0.00799
2024-10-11 02:00:00,0.007918999999999999
2024-10-11 03:00:00,0.006791
2024-10-11 04:00:00,0.006914
2024-10-11 05:00:00,0.008029
2024-10-11 06:00:00,0.009994999999999999
2024-10-11 07:00:00,0.01404099999999999
2024-10-11 08:00:00,0.015549
2024-10-11 09:00:00,0.011001
2024-10-11 10:00:00,0.009000000000000001
2024-10-11 11:00:00,0.007234999999999999
2024-10-11 12:00:00,0.006164999999999
2024-10-11 13:00:00,0.005717
2024-10-11 14:00:00,0.00595599999999999
2024-10-11 15:00:00,0.006695999999999
2024-10-11 16:00:00,0.008535000000000001
2024-10-11 17:00:00,0.010660000000000001
2024-10-11 18:00:00,0.015835000000000002
2024-10-11 19:00:00,0.017205
2024-10-11 20:00:00,0.012
2024-10-11 21:00:00,0.009978999999999991
2024-10-11 22:00:00,0.01
2024-10-11 23:00:00,0.009000000000000001
2024-10-12 00:00:00,0.009121
2024-10-12 01:00:00,0.008333
2024-10-12 02:00:00,0.008054
2024-10-12 03:00:00,0.008145999999999001
2024-10-12 04:00:00,0.007780999999999
2024-10-12 05:00:00,0.007489999999999
2024-10-12 06:00:00,0.007163
2024-10-12 07:00:00,0.01056
2024-10-12 08:00:00,0.012199999999999999
2024-10-12 09:00:00,0.01198999999999999
2024-10-12 10:00:00,0.012581
2024-10-12 11:00:00,0.00899
2024-10-12 12:00:00,0.006759
2024-10-12 13:00:00,0.004432
2024-10-12 14:00:00,0.002334
2024-10-12 15:00:00,0.004635
2024-10-12 16:00:00,0.006947
2024-10-12 17:00:00,0.008455
2024-10-12 18:00:00,0.008277
2024-10-12 19:00:00,0.007944
2024-10-12 20:00:00,0.006057999999999001
2024-10-12 21:00:00,0.0045419999999999905
2024-10-12 22:00:00,0.003487
2024-10-12 23:00:00,0.0025369999999999998
2024-10-13 00:00:00,0.0
2024-10-13 01:00:00,-9.999999999999e-07
2024-10-13 02:00:00,-7e-06
2024-10-13 03:00:00,-3.7e-05
2024-10-13 04:00:00,-5.1e-05
2024-10-13 05:00:00,-8.9999999999999e-06
2024-10-13 06:00:00,-9.999999999999e-07
2024-10-13 07:00:00,0.00017199999999999
2024-10-13 08:00:00,0.001796
2024-10-13 09:00:00,0.000985
2024-10-13 10:00:00,0.0
2024-10-13 11:00:00,-0.001
2024-10-13 12:00:00,-0.001006
2024-10-13 13:00:00,-0.0010039999999989998
2024-10-13 14:00:00,-0.00030099999999999
2024-10-13 15:00:00,0.000728
2024-10-13 16:00:00,0.0030139999999999998
2024-10-13 17:00:00,0.01149999999999999
2024-10-13 18:00:00,0.01187399999999999
2024-10-13 19:00:00,0.013196999999999001
2024-10-13 20:00:00,0.010807
2024-10-13 21:00:00,0.00999
2024-10-13 22:00:00,0.0094
2024-10-13 23:00:00,0.009000000000000001
2024-10-14 00:00:00,0.010400000000000001
2024-10-14 01:00:00,0.00899
2024-10-14 02:00:00,0.009800000000000001
2024-10-14 03:00:00,0.0094
2024-10-14 04:00:00,0.007199999999999001
2024-10-14 05:00:00,0.00622
2024-10-14 06:00:00,0.009874
2024-10-14 07:00:00,0.01305299999999999
2024-10-14 08:00:00,0.015311999999999989
2024-10-14 09:00:00,0.012558
2024-10-14 10:00:00,0.0103
2024-10-14 11:00:00,0.00955299999999999
2024-10-14 12:00:00,0.009156000000000001
2024-10-14 13:00:00,0.00849999999999999
2024-10-14 14:00:00,0.007415999999999
2024-10-14 15:00:00,0.008832
2024-10-14 16:00:00,0.010579000000000002
2024-10-14 17:00:00,0.015850999999999
2024-10-14 18:00:00,0.025
2024-10-14 19:00:00,0.026327000000000003
2024-10-14 20:00:00,0.0158
2024-10-14 21:00:00,0.011364
2024-10-14 22:00:00,0.009966
2024-10-14 23:00:00,0.00948
2024-10-15 00:00:00,0.00904
2024-10-15 01:00:00,0.008608000000000001
2024-10-15 02:00:00,0.008876000000000002
2024-10-15 03:00:00,0.008404
2024-10-15 04:00:00,0.007994
2024-10-15 05:00:00,0.008699999999999002
2024-10-15 06:00:00,0.01099
2024-10-15 07:00:00,0.017593999999999
2024-10-15 08:00:00,0.017113
2024-10-15 09:00:00,0.011054000000000001
2024-10-15 10:00:00,0.009273999999999002
2024-10-15 11:00:00,0.008305
2024-10-15 12:00:00,0.00784699999999899
2024-10-15 13:00:00,0.007115999999999
2024-10-15 14:00:00,0.007003
2024-10-15 15:00:00,0.007736999999999999
2024-10-15 16:00:00,0.008633000000000002
2024-10-15 17:00:00,0.011617
2024-10-15 18:00:00,0.013218
2024-10-15 19:00:00,0.010153
2024-10-15 20:00:00,0.007689999999999001
2024-10-15 21:00:00,0.006644000000000001
2024-10-15 22:00:00,0.0059240000000000004
2024-10-15 23:00:00,0.004213000000000001
2024-10-16 00:00:00,0.0025539999999999903
2024-10-16 01:00:00,0.0012799999999999901
2024-10-16 02:00:00,0.0005300000000000001
2024-10-16 03:00:00,0.000361
2024-10-16 04:00:00,0.00028599999999999
2024-10-16 05:00:00,0.00071899999999999
2024-10-16 06:00:00,0.004136
2024-10-16 07:00:00,0.00615
2024-10-16 08:00:00,0.008009999999999
2024-10-16 09:00:00,0.005429
2024-10-16 10:00:00,0.0026680000000000002
2024-10-16 11:00:00,0.001416
2024-10-16 12:00:00,0.00040899999999999997
2024-10-16 13:00:00,0.000204
2024-10-16 14:00:00,0.0004
2024-10-16 15:00:00,0.001417999999999
2024-10-16 16:00:00,0.005200000000000001
2024-10-16 17:00:00,0.00999
2024-10-16 18:00:00,0.0106
2024-10-16 19:00:00,0.010400000000000001
2024-10-16 20:00:00,0.007873999999999
2024-10-16 21:00:00,0.0067
2024-10-16 22:00:00,0.0035139999999999998
2024-10-16 23:00:00,0.002653999999999
2024-10-17 00:00:00,0.001704
2024-10-17 01:00:00,0.0012150000000000002
2024-10-17 02:00:00,0.001048
2024-10-17 03:00:00,0.0005610000000000001
2024-10-17 04:00:00,0.001001
2024-10-17 05:00:00,0.002897
2024-10-17 06:00:00,0.006922000000000001
2024-10-17 07:00:00,0.009894
2024-10-17 08:00:00,0.01018
2024-10-17 09:00:00,0.01041
2024-10-17 10:00:00,0.010191
2024-10-17 11:00:00,0.009800000000000001
2024-10-17 12:00:00,0.0096
2024-10-17 13:00:00,0.009470000000000001
2024-10-17 14:00:00,0.009259999999999
2024-10-17 15:00:00,0.009659999999999001
2024-10-17 16:00:00,0.0096
2024-10-17 17:00:00,0.01247
2024-10-17 18:00:00,0.018132000000000002
2024-10-17 19:00:00,0.01709999999999999
2024-10-17 20:00:00,0.01175
2024-10-17 21:00:00,0.01
2024-10-17 22:00:00,0.009699999999999
2024-10-17 23:00:00,0.00884
2024-10-18 00:00:00,0.008727
2024-10-18 01:00:00,0.008591999999999001
2024-10-18 02:00:00,0.008970999999999
2024-10-18 03:00:00,0.008268000000000001
2024-10-18 04:00:00,0.008697000000000002
2024-10-18 05:00:00,0.008705000000000001
2024-10-18 06:00:00,0.010058
2024-10-18 07:00:00,0.014665999999999001
2024-10-18 08:00:00,0.01576699999999899
2024-10-18 09:00:00,0.011810999999999
2024-10-18 10:00:00,0.010345
2024-10-18 11:00:00,0.008995999999999001
2024-10-18 12:00:00,0.009033
2024-10-18 13:00:00,0.00861999999999899
2024-10-18 14:00:00,0.009053
2024-10-18 15:00:00,0.00868
2024-10-18 16:00:00,0.010329000000000001
2024-10-18 17:00:00,0.013366999999999001
2024-10-18 18:00:00,0.0181
2024-10-18 19:00:00,0.014285
2024-10-18 20:00:00,0.010324999999999999
2024-10-18 21:00:00,0.009706
2024-10-18 22:00:00,0.009712999999999002
2024-10-18 23:00:00,0.008674
2024-10-19 00:00:00,0.00910899999999999
2024-10-19 01:00:00,0.009207000000000002
2024-10-19 02:00:00,0.008788
2024-10-19 03:00:00,0.008108
2024-10-19 04:00:00,0.008465
2024-10-19 05:00:00,0.008348
2024-10-19 06:00:00,0.008320999999999
2024-10-19 07:00:00,0.009054999999999
2024-10-19 08:00:00,0.009869999999999999
2024-10-19 09:00:00,0.009179999999999
2024-10-19 10:00:00,0.007858999999999
2024-10-19 11:00:00,0.007202999999999999
2024-10-19 12:00:00,0.006600000000000001
2024-10-19 13:00:00,0.00601499999999899
2024-10-19 14:00:00,0.0060999999999999995
2024-10-19 15:00:00,0.007544999999999991
2024-10-19 16:00:00,0.0096
2024-10-19 17:00:00,0.010683
2024-10-19 18:00:00,0.013313
2024-10-19 19:00:00,0.0117
2024-10-19 20:00:00,0.009545
2024-10-19 21:00:00,0.00886
2024-10-19 22:00:00,0.00834099999999899
2024-10-19 23:00:00,0.007332999999999
2024-10-20 00:00:00,0.005404
2024-10-20 01:00:00,0.005489999999999999
2024-10-20 02:00:00,0.005457999999999
2024-10-20 03:00:00,0.005590999999999
2024-10-20 04:00:00,0.005959
2024-10-20 05:00:00,0.006300999999999999
2024-10-20 06:00:00,0.005994999999999991
2024-10-20 07:00:00,0.007324
2024-10-20 08:00:00,0.00658
2024-10-20 09:00:00,0.004436
2024-10-20 10:00:00,0.000637
2024-10-20 11:00:00,8e-06
2024-10-20 12:00:00,0.0
2024-10-20 13:00:00,-9.800000000000001e-05
2024-10-20 14:00:00,-0.00020099999999999
2024-10-20 15:00:00,0.0
2024-10-20 16:00:00,0.0005
2024-10-20 17:00:00,0.005554999999999001
2024-10-20 18:00:00,0.006
2024-10-20 19:00:00,0.004743999999999
2024-10-20 20:00:00,0.0035090000000000004
2024-10-20 21:00:00,0.0021720000000000003
2024-10-20 22:00:00,0.001266
2024-10-20 23:00:00,0.000202
2024-10-21 00:00:00,-1e-05
2024-10-21 01:00:00,-1e-05
2024-10-21 02:00:00,-1.399999999999e-05
2024-10-21 03:00:00,-8e-06
2024-10-21 04:00:00,0.0
2024-10-21 05:00:00,0.000345
2024-10-21 06:00:00,0.006196
2024-10-21 07:00:00,0.010413
2024-10-21 08:00:00,0.012035
2024-10-21 09:00:00,0.01038999999999999
2024-10-21 10:00:00,0.0091
2024-10-21 11:00:00,0.008490999999999
2024-10-21 12:00:00,0.008
2024-10-21 13:00:00,0.008315
2024-10-21 14:00:00,0.008319000000000002
2024-10-21 15:00:00,0.009581999999999001
2024-10-21 16:00:00,0.011657
2024-10-21 17:00:00,0.013004
2024-10-21 18:00:00,0.021215
2024-10-21 19:00:00,0.018835
2024-10-21 20:00:00,0.012818
2024-10-21 21:00:00,0.010055999999999999
2024-10-21 22:00:00,0.009779
2024-10-21 23:00:00,0.009297000000000001
2024-10-22 00:00:00,0.008942
2024-10-22 01:00:00,0.008704000000000002
2024-10-22 02:00:00,0.00843299999999999
2024-10-22 03:00:00,0.00836
2024-10-22 04:00:00,0.008302
2024-10-22 05:00:00,0.0086
2024-10-22 06:00:00,0.00981399999999999
2024-10-22 07:00:00,0.015
2024-10-22 08:00:00,0.016301
2024-10-22 09:00:00,0.011337
2024-10-22 10:00:00,0.009879
2024-10-22 11:00:00,0.008853
2024-10-22 12:00:00,0.007760999999998989
2024-10-22 13:00:00,0.0070880000000000006
2024-10-22 14:00:00,0.007193
2024-10-22 15:00:00,0.00818
2024-10-22 16:00:00,0.010311
2024-10-22 17:00:00,0.01074499999999999
2024-10-22 18:00:00,0.013992000000000001
2024-10-22 19:00:00,0.015831999999999
2024-10-22 20:00:00,0.011428
2024-10-22 21:00:00,0.009958999999999999
2024-10-22 22:00:00,0.009573
2024-10-22 23:00:00,0.00883499999999899
2024-10-23 00:00:00,0.008115999999998999
2024-10-23 01:00:00,0.008378
2024-10-23 02:00:00,0.008353
2024-10-23 03:00:00,0.008580999999999001
2024-10-23 04:00:00,0.008369
2024-10-23 05:00:00,0.009064000000000001
2024-10-23 06:00:00,0.010472
2024-10-23 07:00:00,0.013749
2024-10-23 08:00:00,0.016241
2024-10-23 09:00:00,0.012769
2024-10-23 10:00:00,0.01021999999999999
2024-10-23 11:00:00,0.009124
2024-10-23 12:00:00,0.008236
2024-10-23 13:00:00,0.007707
2024-10-23 14:00:00,0.007542
2024-10-23 15:00:00,0.00842
2024-10-23 16:00:00,0.009737
2024-10-23 17:00:00,0.013997000000000002
2024-10-23 18:00:00,0.020536000000000002
2024-10-23 19:00:00,0.017599999999999
2024-10-23 20:00:00,0.011316000000000001
2024-10-23 21:00:00,0.010122
2024-10-23 22:00:00,0.010293
2024-10-23 23:00:00,0.009315999999999
2024-10-24 00:00:00,0.008675999999999
2024-10-24 01:00:00,0.008010999999999
2024-10-24 02:00:00,0.007809999999998999
2024-10-24 03:00:00,0.007567
2024-10-24 04:00:00,0.007607
2024-10-24 05:00:00,0.008017000000000002
2024-10-24 06:00:00,0.010035
2024-10-24 07:00:00,0.014185999999999994
2024-10-24 08:00:00,0.016538999999999
2024-10-24 09:00:00,0.011477000000000001
2024-10-24 10:00:00,0.009831
2024-10-24 11:00:00,0.008903000000000001
2024-10-24 12:00:00,0.008
2024-10-24 13:00:00,0.007507999999999999
2024-10-24 14:00:00,0.007513
2024-10-24 15:00:00,0.008727
2024-10-24 16:00:00,0.010615000000000001
2024-10-24 17:00:00,0.012358000000000001
2024-10-24 18:00:00,0.013637000000000002
2024-10-24 19:00:00,0.011604
2024-10-24 20:00:00,0.009661
2024-10-24 21:00:00,0.009329
2024-10-24 22:00:00,0.011145999999999
2024-10-24 23:00:00,0.008360999999999001
2024-10-25 00:00:00,0.00825
2024-10-25 01:00:00,0.008206999999999002
2024-10-25 02:00:00,0.007969
2024-10-25 03:00:00,0.008259999999998999
2024-10-25 04:00:00,0.008447000000000001
2024-10-25 05:00:00,0.009459
2024-10-25 06:00:00,0.010343
2024-10-25 07:00:00,0.012003
2024-10-25 08:00:00,0.014320000000000001
2024-10-25 09:00:00,0.01187399999999999
2024-10-25 10:00:00,0.010513999999999999
2024-10-25 11:00:00,0.009071
2024-10-25 12:00:00,0.007914000000000001
2024-10-25 13:00:00,0.0076170000000000005
2024-10-25 14:00:00,0.00799
2024-10-25 15:00:00,0.00942
2024-10-25 16:00:00,0.01105
2024-10-25 17:00:00,0.014548
2024-10-25 18:00:00,0.020940999999999002
2024-10-25 19:00:00,0.017636
2024-10-25 20:00:00,0.012168
2024-10-25 21:00:00,0.011369
2024-10-25 22:00:00,0.011148999999999002
2024-10-25 23:00:00,0.010422
2024-10-26 00:00:00,0.010995
2024-10-26 01:00:00,0.01045
2024-10-26 02:00:00,0.010269999999999991
2024-10-26 03:00:00,0.01025
2024-10-26 04:00:00,0.009923
2024-10-26 05:00:00,0.010029999999999999
2024-10-26 06:00:00,0.010526
2024-10-26 07:00:00,0.01182899999999999
2024-10-26 08:00:00,0.0126
2024-10-26 09:00:00,0.012196
2024-10-26 10:00:00,0.009699999999999
2024-10-26 11:00:00,0.007819
2024-10-26 12:00:00,0.0066110000000000006
2024-10-26 13:00:00,0.006222999999999
2024-10-26 14:00:00,0.00626999999999999
2024-10-26 15:00:00,0.0075780000000000005
2024-10-26 16:00:00,0.009562999999999001
2024-10-26 17:00:00,0.012498
2024-10-26 18:00:00,0.015165
2024-10-26 19:00:00,0.011893999999999991
2024-10-26 20:00:00,0.0101
2024-10-26 21:00:00,0.01064
2024-10-26 22:00:00,0.011009999999999
2024-10-26 23:00:00,0.008538
2024-10-27 00:00:00,0.009156000000000001
2024-10-27 01:00:00,0.008400000000000001
2024-10-27 02:00:00,0.008043
2024-10-27 03:00:00,0.008112
2024-10-27 04:00:00,0.007708
2024-10-27 05:00:00,0.00817
2024-10-27 06:00:00,0.009129999999999
2024-10-27 07:00:00,0.008824999999999
2024-10-27 08:00:00,0.008468
2024-10-27 09:00:00,0.006672000000000001
2024-10-27 10:00:00,0.005472
2024-10-27 11:00:00,0.00424999999999999
2024-10-27 12:00:00,0.003999
2024-10-27 13:00:00,0.004
2024-10-27 14:00:00,0.006338000000000001
2024-10-27 15:00:00,0.010188000000000001
2024-10-27 16:00:00,0.011779999999999999
2024-10-27 17:00:00,0.014725
2024-10-27 18:00:00,0.01507099999999999
2024-10-27 19:00:00,0.013047999999999
2024-10-27 20:00:00,0.011810000000000001
2024-10-27 21:00:00,0.011138999999999991
2024-10-27 22:00:00,0.010995999999999001
2024-10-27 23:00:00,0.010298999999999999
2024-10-28 00:00:00,0.00936699999999999
2024-10-28 01:00:00,0.008938000000000001
2024-10-28 02:00:00,0.00841399999999999
2024-10-28 03:00:00,0.007939999999999
2024-10-28 04:00:00,0.007988999999999991
2024-10-28 05:00:00,0.009412
2024-10-28 06:00:00,0.00943
2024-10-28 07:00:00,0.011109999999999
2024-10-28 08:00:00,0.011127999999999992
2024-10-28 09:00:00,0.010292
2024-10-28 10:00:00,0.009441999999999992
2024-10-28 11:00:00,0.009451000000000001
2024-10-28 12:00:00,0.00910899999999999
2024-10-28 13:00:00,0.009675000000000001
2024-10-28 14:00:00,0.010826999999999
2024-10-28 15:00:00,0.011717999999999989
2024-10-28 16:00:00,0.011665
2024-10-28 17:00:00,0.01399999999999999
2024-10-28 18:00:00,0.01499899999999999
2024-10-28 19:00:00,0.014443999999999001
2024-10-28 20:00:00,0.01201
2024-10-28 21:00:00,0.01099
2024-10-28 22:00:00,0.010858000000000001
2024-10-28 23:00:00,0.010102
2024-10-29 00:00:00,0.009769
2024-10-29 01:00:00,0.00957
2024-10-29 02:00:00,0.009408
2024-10-29 03:00:00,0.009292
2024-10-29 04:00:00,0.009462
2024-10-29 05:00:00,0.010704999999999
2024-10-29 06:00:00,0.012032000000000001
2024-10-29 07:00:00,0.014629
2024-10-29 08:00:00,0.01447
2024-10-29 09:00:00,0.012707000000000001
2024-10-29 10:00:00,0.01186999999999999
2024-10-29 11:00:00,0.011081
2024-10-29 12:00:00,0.010409000000000002
2024-10-29 13:00:00,0.011345999999999001
2024-10-29 14:00:00,0.012924
2024-10-29 15:00:00,0.01583
2024-10-29 16:00:00,0.019207000000000002
2024-10-29 17:00:00,0.026107
2024-10-29 18:00:00,0.0247
2024-10-29 19:00:00,0.019684999999999002
2024-10-29 20:00:00,0.013638999999999
2024-10-29 21:00:00,0.01198999999999999
2024-10-29 22:00:00,0.011374
2024-10-29 23:00:00,0.009871999999999994
2024-10-30 00:00:00,0.009699999999999
2024-10-30 01:00:00,0.00953
2024-10-30 02:00:00,0.00930599999999999
2024-10-30 03:00:00,0.009132
2024-10-30 04:00:00,0.009276
2024-10-30 05:00:00,0.00998699999999999
2024-10-30 06:00:00,0.0117
2024-10-30 07:00:00,0.012933
2024-10-30 08:00:00,0.013205
2024-10-30 09:00:00,0.01198999999999999
2024-10-30 10:00:00,0.010893000000000002
2024-10-30 11:00:00,0.010422999999999991
2024-10-30 12:00:00,0.009833999999999999
2024-10-30 13:00:00,0.010215
2024-10-30 14:00:00,0.010577999999999999
2024-10-30 15:00:00,0.011881000000000001
2024-10-30 16:00:00,0.014978999999999
2024-10-30 17:00:00,0.0181
2024-10-30 18:00:00,0.01855099999999999
2024-10-30 19:00:00,0.015702
2024-10-30 20:00:00,0.012976000000000001
2024-10-30 21:00:00,0.011576000000000001
2024-10-30 22:00:00,0.011116
2024-10-30 23:00:00,0.010891999999999999
2024-10-31 00:00:00,0.010167999999999991
2024-10-31 01:00:00,0.009570999999999
2024-10-31 02:00:00,0.009375
2024-10-31 03:00:00,0.009186999999999
2024-10-31 04:00:00,0.009445
2024-10-31 05:00:00,0.00992199999999999
2024-10-31 06:00:00,0.01166799999999999
2024-10-31 07:00:00,0.013209
2024-10-31 08:00:00,0.013175999999999998
2024-10-31 09:00:00,0.012076
2024-10-31 10:00:00,0.010348000000000001
2024-10-31 11:00:00,0.009632999999999002
2024-10-31 12:00:00,0.008890999999999
2024-10-31 13:00:00,0.009154999999998999
2024-10-31 14:00:00,0.009748
2024-10-31 15:00:00,0.010928
2024-10-31 16:00:00,0.012189
2024-10-31 17:00:00,0.012929
2024-10-31 18:00:00,0.013869999999999999
2024-10-31 19:00:00,0.01311
2024-10-31 20:00:00,0.011
2024-10-31 21:00:00,0.0107
2024-10-31 22:00:00,0.010740000000000001
2024-10-31 23:00:00,0.010172
2024-11-01 00:00:00,0.0127
2024-11-01 01:00:00,0.0116
2024-11-01 02:00:00,0.009993
2024-11-01 03:00:00,0.008753
2024-11-01 04:00:00,0.007593999999999999
2024-11-01 05:00:00,0.008203000000000002
2024-11-01 06:00:00,0.00894
2024-11-01 07:00:00,0.0103
2024-11-01 08:00:00,0.010909999999999
2024-11-01 09:00:00,0.01149999999999999
2024-11-01 10:00:00,0.010400000000000001
2024-11-01 11:00:00,0.01
2024-11-01 12:00:00,0.0091
2024-11-01 13:00:00,0.01
2024-11-01 14:00:00,0.011
2024-11-01 15:00:00,0.011918
2024-11-01 16:00:00,0.012875000000000001
2024-11-01 17:00:00,0.01314
2024-11-01 18:00:00,0.013549
2024-11-01 19:00:00,0.01188999999999999
2024-11-01 20:00:00,0.011368000000000001
2024-11-01 21:00:00,0.0105
2024-11-01 22:00:00,0.010241
2024-11-01 23:00:00,0.01099
2024-11-02 00:00:00,0.009584999999999
2024-11-02 01:00:00,0.009136
2024-11-02 02:00:00,0.00887699999999999
2024-11-02 03:00:00,0.0086
2024-11-02 04:00:00,0.008685
2024-11-02 05:00:00,0.009076
2024-11-02 06:00:00,0.00965
2024-11-02 07:00:00,0.010010999999999999
2024-11-02 08:00:00,0.010116
2024-11-02 09:00:00,0.01082
2024-11-02 10:00:00,0.009078
2024-11-02 11:00:00,0.009074
2024-11-02 12:00:00,0.00870099999999999
2024-11-02 13:00:00,0.008896999999999001
2024-11-02 14:00:00,0.010097
2024-11-02 15:00:00,0.011688
2024-11-02 16:00:00,0.013119999999998999
2024-11-02 17:00:00,0.015318
2024-11-02 18:00:00,0.014432
2024-11-02 19:00:00,0.013279000000000001
2024-11-02 20:00:00,0.011957999999999
2024-11-02 21:00:00,0.01109699999999999
2024-11-02 22:00:00,0.010628
2024-11-02 23:00:00,0.010061
2024-11-03 00:00:00,0.010119
2024-11-03 01:00:00,0.009629
2024-11-03 02:00:00,0.008857999999999
2024-11-03 03:00:00,0.008508000000000002
2024-11-03 04:00:00,0.0086
2024-11-03 05:00:00,0.008690999999999
2024-11-03 06:00:00,0.00949
2024-11-03 07:00:00,0.009686
2024-11-03 08:00:00,0.008725
2024-11-03 09:00:00,0.009301999999999
2024-11-03 10:00:00,0.006843000000000001
2024-11-03 11:00:00,0.005929
2024-11-03 12:00:00,0.005263
2024-11-03 13:00:00,0.005854
2024-11-03 14:00:00,0.008092
2024-11-03 15:00:00,0.009351999999999
2024-11-03 16:00:00,0.0111
2024-11-03 17:00:00,0.012428000000000002
2024-11-03 18:00:00,0.012515
2024-11-03 19:00:00,0.01198999999999999
2024-11-03 20:00:00,0.011084
2024-11-03 21:00:00,0.010213
2024-11-03 22:00:00,0.010067999999999987
2024-11-03 23:00:00,0.009470999999999001
2024-11-04 00:00:00,0.009204
2024-11-04 01:00:00,0.008995999999999001
2024-11-04 02:00:00,0.009007
2024-11-04 03:00:00,0.008917999999999999
2024-11-04 04:00:00,0.009018999999999
2024-11-04 05:00:00,0.009748
2024-11-04 06:00:00,0.012224
2024-11-04 07:00:00,0.01399999999999999
2024-11-04 08:00:00,0.013713
2024-11-04 09:00:00,0.012013
2024-11-04 10:00:00,0.009956
2024-11-04 11:00:00,0.00842
2024-11-04 12:00:00,0.008309999999999
2024-11-04 13:00:00,0.00842
2024-11-04 14:00:00,0.009492
2024-11-04 15:00:00,0.012563000000000001
2024-11-04 16:00:00,0.017399999999999
2024-11-04 17:00:00,0.026976
2024-11-04 18:00:00,0.023151
2024-11-04 19:00:00,0.016122999999999
2024-11-04 20:00:00,0.0123
2024-11-04 21:00:00,0.011009999999999
2024-11-04 22:00:00,0.0105
2024-11-04 23:00:00,0.009272
2024-11-05 00:00:00,0.008362999999999999
2024-11-05 01:00:00,0.0094
2024-11-05 02:00:00,0.009068
2024-11-05 03:00:00,0.009129999999999
2024-11-05 04:00:00,0.0094
2024-11-05 05:00:00,0.009609
2024-11-05 06:00:00,0.0106
2024-11-05 07:00:00,0.013599
2024-11-05 08:00:00,0.013621000000000001
2024-11-05 09:00:00,0.011823
2024-11-05 10:00:00,0.010587
2024-11-05 11:00:00,0.00952799999999999
2024-11-05 12:00:00,0.009492
2024-11-05 13:00:00,0.009924999999999991
2024-11-05 14:00:00,0.01079799999999999
2024-11-05 15:00:00,0.014986000000000001
2024-11-05 16:00:00,0.030324000000000004
2024-11-05 17:00:00,0.047299
2024-11-05 18:00:00,0.043101999999999
2024-11-05 19:00:00,0.032033
2024-11-05 20:00:00,0.01697
2024-11-05 21:00:00,0.012989999999999
2024-11-05 22:00:00,0.011777
2024-11-05 23:00:00,0.011003
2024-11-06 00:00:00,0.010050000000000002
2024-11-06 01:00:00,0.009904999999999999
2024-11-06 02:00:00,0.00954
2024-11-06 03:00:00,0.009583000000000001
2024-11-06 04:00:00,0.00988299999999999
2024-11-06 05:00:00,0.009290999999999
2024-11-06 06:00:00,0.0121
2024-11-06 07:00:00,0.021578
2024-11-06 08:00:00,0.01939999999999899
2024-11-06 09:00:00,0.014196999999999
2024-11-06 10:00:00,0.013091999999999
2024-11-06 11:00:00,0.012211999999999987
2024-11-06 12:00:00,0.012147
2024-11-06 13:00:00,0.012411
2024-11-06 14:00:00,0.013688
2024-11-06 15:00:00,0.019069999999998997
2024-11-06 16:00:00,0.03156899999999999
2024-11-06 17:00:00,0.05499999999999999
2024-11-06 18:00:00,0.054585
2024-11-06 19:00:00,0.03335
2024-11-06 20:00:00,0.017561999999998988
2024-11-06 21:00:00,0.012897
2024-11-06 22:00:00,0.01129999999999999
2024-11-06 23:00:00,0.01087
2024-11-07 00:00:00,0.010814
2024-11-07 01:00:00,0.010111
2024-11-07 02:00:00,0.009844
2024-11-07 03:00:00,0.009724
2024-11-07 04:00:00,0.009845999999999
2024-11-07 05:00:00,0.009359999999999
2024-11-07 06:00:00,0.009949999999999999
2024-11-07 07:00:00,0.017094
2024-11-07 08:00:00,0.016171
2024-11-07 09:00:00,0.014765
2024-11-07 10:00:00,0.014132
2024-11-07 11:00:00,0.012792999999999999
2024-11-07 12:00:00,0.012208
2024-11-07 13:00:00,0.012721999999999999
2024-11-07 14:00:00,0.0128
2024-11-07 15:00:00,0.017889
2024-11-07 16:00:00,0.024292
2024-11-07 17:00:00,0.037114
2024-11-07 18:00:00,0.027774
2024-11-07 19:00:00,0.01711899999999999
2024-11-07 20:00:00,0.013007
2024-11-07 21:00:00,0.011392
2024-11-07 22:00:00,0.01116699999999999
2024-11-07 23:00:00,0.00998699999999999
2024-11-08 00:00:00,0.009894
2024-11-08 01:00:00,0.009908
2024-11-08 02:00:00,0.009662
2024-11-08 03:00:00,0.009559999999999
2024-11-08 04:00:00,0.009613
2024-11-08 05:00:00,0.009763
2024-11-08 06:00:00,0.01033999999999999
2024-11-08 07:00:00,0.012597999999999991
2024-11-08 08:00:00,0.013269
2024-11-08 09:00:00,0.012619
2024-11-08 10:00:00,0.011734
2024-11-08 11:00:00,0.011094
2024-11-08 12:00:00,0.010558999999999999
2024-11-08 13:00:00,0.010681
2024-11-08 14:00:00,0.011218
2024-11-08 15:00:00,0.012359
2024-11-08 16:00:00,0.012911
2024-11-08 17:00:00,0.012908
2024-11-08 18:00:00,0.013309
2024-11-08 19:00:00,0.012739
2024-11-08 20:00:00,0.011589
2024-11-08 21:00:00,0.010961
2024-11-08 22:00:00,0.01129999999999999
2024-11-08 23:00:00,0.010406
2024-11-09 00:00:00,0.01051
2024-11-09 01:00:00,0.009996000000000001
2024-11-09 02:00:00,0.009800000000000001
2024-11-09 03:00:00,0.009668
2024-11-09 04:00:00,0.009840999999999999
2024-11-09 05:00:00,0.010060000000000001
2024-11-09 06:00:00,0.01043099999999999
2024-11-09 07:00:00,0.010987
2024-11-09 08:00:00,0.01141
2024-11-09 09:00:00,0.011460000000000001
2024-11-09 10:00:00,0.01099699999999999
2024-11-09 11:00:00,0.01064
2024-11-09 12:00:00,0.010687999999999
2024-11-09 13:00:00,0.0108
2024-11-09 14:00:00,0.011018000000000002
2024-11-09 15:00:00,0.011992000000000001
2024-11-09 16:00:00,0.01333
2024-11-09 17:00:00,0.014480000000000002
2024-11-09 18:00:00,0.01459599999999999
2024-11-09 19:00:00,0.013927
2024-11-09 20:00:00,0.012832000000000001
2024-11-09 21:00:00,0.011796
2024-11-09 22:00:00,0.01145299999999999
2024-11-09 23:00:00,0.011009999999999
2024-11-10 00:00:00,0.010499000000000001
2024-11-10 01:00:00,0.010228
2024-11-10 02:00:00,0.010128999999999987
2024-11-10 03:00:00,0.009944000000000001
2024-11-10 04:00:00,0.009919
2024-11-10 05:00:00,0.009989000000000001
2024-11-10 06:00:00,0.009955
2024-11-10 07:00:00,0.010244999999999999
2024-11-10 08:00:00,0.010428000000000002
2024-11-10 09:00:00,0.011091
2024-11-10 10:00:00,0.011217000000000001
2024-11-10 11:00:00,0.011012999999999
2024-11-10 12:00:00,0.011092000000000001
2024-11-10 13:00:00,0.010823000000000001
2024-11-10 14:00:00,0.011092999999999993
2024-11-10 15:00:00,0.012138999999999999
2024-11-10 16:00:00,0.013077
2024-11-10 17:00:00,0.014552
2024-11-10 18:00:00,0.01442
2024-11-10 19:00:00,0.013757
2024-11-10 20:00:00,0.012531
2024-11-10 21:00:00,0.011528
2024-11-10 22:00:00,0.011109999999999
2024-11-10 23:00:00,0.010801999999999
2024-11-11 00:00:00,0.010955
2024-11-11 01:00:00,0.010337999999999
2024-11-11 02:00:00,0.009991
2024-11-11 03:00:00,0.0096
2024-11-11 04:00:00,0.009500999999999999
2024-11-11 05:00:00,0.0082
2024-11-11 06:00:00,0.009169999999999992
2024-11-11 07:00:00,0.011891
2024-11-11 08:00:00,0.013055
2024-11-11 09:00:00,0.01198999999999999
2024-11-11 10:00:00,0.010827999999999999
2024-11-11 11:00:00,0.006425
2024-11-11 12:00:00,0.008796999999999
2024-11-11 13:00:00,0.0101
2024-11-11 14:00:00,0.0109
2024-11-11 15:00:00,0.01026
2024-11-11 16:00:00,0.01162
2024-11-11 17:00:00,0.01457699999999999
2024-11-11 18:00:00,0.014410000000000001
2024-11-11 19:00:00,0.013169
2024-11-11 20:00:00,0.012
2024-11-11 21:00:00,0.011019999999999988
2024-11-11 22:00:00,0.010786
2024-11-11 23:00:00,0.010432999999999
2024-11-12 00:00:00,0.010119999999998991
2024-11-12 01:00:00,0.010199999999999999
2024-11-12 02:00:00,0.009519999999999999
2024-11-12 03:00:00,0.009375
2024-11-12 04:00:00,0.009315999999999
2024-11-12 05:00:00,0.010311
2024-11-12 06:00:00,0.00892
2024-11-12 07:00:00,0.01115
2024-11-12 08:00:00,0.018000000000000002
2024-11-12 09:00:00,0.013319999999999
2024-11-12 10:00:00,0.015899
2024-11-12 11:00:00,0.012552
2024-11-12 12:00:00,0.012491
2024-11-12 13:00:00,0.014731000000000001
2024-11-12 14:00:00,0.016071999999999
2024-11-12 15:00:00,0.02
2024-11-12 16:00:00,0.024574000000000002
2024-11-12 17:00:00,0.029233000000000002
2024-11-12 18:00:00,0.0216
2024-11-12 19:00:00,0.016834
2024-11-12 20:00:00,0.014667
2024-11-12 21:00:00,0.013050999999999998
2024-11-12 22:00:00,0.012444000000000002
2024-11-12 23:00:00,0.011532999999999991
2024-11-13 00:00:00,0.011470000000000001
2024-11-13 01:00:00,0.010995
2024-11-13 02:00:00,0.010656
2024-11-13 03:00:00,0.010565999999999002
2024-11-13 04:00:00,0.010787000000000001
2024-11-13 05:00:00,0.01142999999999999
2024-11-13 06:00:00,0.013031000000000001
2024-11-13 07:00:00,0.016076999999999002
2024-11-13 08:00:00,0.02127099999999999
2024-11-13 09:00:00,0.021391
2024-11-13 10:00:00,0.018978000000000002
2024-11-13 11:00:00,0.016979
2024-11-13 12:00:00,0.015569999999999003
2024-11-13 13:00:00,0.015369999999998999
2024-11-13 14:00:00,0.01534199999999899
2024-11-13 15:00:00,0.016206999999999
2024-11-13 16:00:00,0.016959
2024-11-13 17:00:00,0.017752000000000004
2024-11-13 18:00:00,0.0175
2024-11-13 19:00:00,0.016281999999999002
2024-11-13 20:00:00,0.01285
2024-11-13 21:00:00,0.011627
2024-11-13 22:00:00,0.011423
2024-11-13 23:00:00,0.010681
2024-11-14 00:00:00,0.010169999999999993
2024-11-14 01:00:00,0.01
2024-11-14 02:00:00,0.00961399999999999
2024-11-14 03:00:00,0.009237
2024-11-14 04:00:00,0.009162999999999
2024-11-14 05:00:00,0.009293
2024-11-14 06:00:00,0.010526999999999991
2024-11-14 07:00:00,0.011406999999999
2024-11-14 08:00:00,0.01291
2024-11-14 09:00:00,0.012576
2024-11-14 10:00:00,0.01268
2024-11-14 11:00:00,0.012634000000000001
2024-11-14 12:00:00,0.012382
2024-11-14 13:00:00,0.012809
2024-11-14 14:00:00,0.013419
2024-11-14 15:00:00,0.014315
2024-11-14 16:00:00,0.014776000000000001
2024-11-14 17:00:00,0.015716
2024-11-14 18:00:00,0.015524
2024-11-14 19:00:00,0.014912000000000002
2024-11-14 20:00:00,0.013896
2024-11-14 21:00:00,0.012953
2024-11-14 22:00:00,0.012289
2024-11-14 23:00:00,0.011256
2024-11-15 00:00:00,0.011066000000000001
2024-11-15 01:00:00,0.010679999999999
2024-11-15 02:00:00,0.010707000000000001
2024-11-15 03:00:00,0.010369999999999999
2024-11-15 04:00:00,0.01045
2024-11-15 05:00:00,0.010878
2024-11-15 06:00:00,0.01298
2024-11-15 07:00:00,0.014523
2024-11-15 08:00:00,0.015852
2024-11-15 09:00:00,0.014997
2024-11-15 10:00:00,0.01375799999999999
2024-11-15 11:00:00,0.013351000000000002
2024-11-15 12:00:00,0.012164
2024-11-15 13:00:00,0.012150000000000001
2024-11-15 14:00:00,0.01301
2024-11-15 15:00:00,0.013813999999999
2024-11-15 16:00:00,0.013319000000000001
2024-11-15 17:00:00,0.013703
2024-11-15 18:00:00,0.013553999999999998
2024-11-15 19:00:00,0.0128
2024-11-15 20:00:00,0.011573
2024-11-15 21:00:00,0.011073999999999
2024-11-15 22:00:00,0.010819
2024-11-15 23:00:00,0.009355
2024-11-16 00:00:00,0.010265000000000002
2024-11-16 01:00:00,0.009909000000000001
2024-11-16 02:00:00,0.00979099999999999
2024-11-16 03:00:00,0.009606999999999
2024-11-16 04:00:00,0.008978
2024-11-16 05:00:00,0.008695
2024-11-16 06:00:00,0.007859999999999
2024-11-16 07:00:00,0.00901
2024-11-16 08:00:00,0.010475
2024-11-16 09:00:00,0.01183999999999999
2024-11-16 10:00:00,0.01149
2024-11-16 11:00:00,0.011141
2024-11-16 12:00:00,0.010898
2024-11-16 13:00:00,0.010176000000000001
2024-11-16 14:00:00,0.01
2024-11-16 15:00:00,0.010257999999999
2024-11-16 16:00:00,0.011205
2024-11-16 17:00:00,0.012653000000000001
2024-11-16 18:00:00,0.01225
2024-11-16 19:00:00,0.0111
2024-11-16 20:00:00,0.01193
2024-11-16 21:00:00,0.01193
2024-11-16 22:00:00,0.011762
2024-11-16 23:00:00,0.009595999999999
2024-11-17 00:00:00,0.009605
2024-11-17 01:00:00,0.009092000000000001
2024-11-17 02:00:00,0.007432999999999
2024-11-17 03:00:00,0.006117999999999999
2024-11-17 04:00:00,0.004553
2024-11-17 05:00:00,0.003929999999999
2024-11-17 06:00:00,0.00466
2024-11-17 07:00:00,0.006404
2024-11-17 08:00:00,0.008570000000000001
2024-11-17 09:00:00,0.00928
2024-11-17 10:00:00,0.004503
2024-11-17 11:00:00,0.00138
2024-11-17 12:00:00,0.002447
2024-11-17 13:00:00,0.00149299999999999
2024-11-17 14:00:00,0.005980000000000001
2024-11-17 15:00:00,0.008218999999999999
2024-11-17 16:00:00,0.01137999999999999
2024-11-17 17:00:00,0.01306
2024-11-17 18:00:00,0.012489999999999989
2024-11-17 19:00:00,0.01
2024-11-17 20:00:00,0.012497
2024-11-17 21:00:00,0.01149999999999999
2024-11-17 22:00:00,0.01198999999999999
2024-11-17 23:00:00,0.011
2024-11-18 00:00:00,0.009519999999999999
2024-11-18 01:00:00,0.00825
2024-11-18 02:00:00,0.009118000000000001
2024-11-18 03:00:00,0.00935
2024-11-18 04:00:00,0.008233
2024-11-18 05:00:00,0.009112999999999
2024-11-18 06:00:00,0.009804
2024-11-18 07:00:00,0.012296
2024-11-18 08:00:00,0.012311
2024-11-18 09:00:00,0.012054999999999
2024-11-18 10:00:00,0.012
2024-11-18 11:00:00,0.011
2024-11-18 12:00:00,0.009547
2024-11-18 13:00:00,0.00968
2024-11-18 14:00:00,0.01151
2024-11-18 15:00:00,0.012305999999999002
2024-11-18 16:00:00,0.014400000000000001
2024-11-18 17:00:00,0.015969999999999002
2024-11-18 18:00:00,0.016356000000000002
2024-11-18 19:00:00,0.01544199999999899
2024-11-18 20:00:00,0.012976000000000001
2024-11-18 21:00:00,0.011781000000000002
2024-11-18 22:00:00,0.011699
2024-11-18 23:00:00,0.01084
2024-11-19 00:00:00,0.010705999999999992
2024-11-19 01:00:00,0.01013999999999999
2024-11-19 02:00:00,0.009558
2024-11-19 03:00:00,0.008679000000000001
2024-11-19 04:00:00,0.008068
2024-11-19 05:00:00,0.008679000000000001
2024-11-19 06:00:00,0.01099699999999999
2024-11-19 07:00:00,0.01253999999999999
2024-11-19 08:00:00,0.014487
2024-11-19 09:00:00,0.01489899999999999
2024-11-19 10:00:00,0.014674
2024-11-19 11:00:00,0.015281000000000001
2024-11-19 12:00:00,0.01438
2024-11-19 13:00:00,0.014413
2024-11-19 14:00:00,0.013302
2024-11-19 15:00:00,0.012875999999999
2024-11-19 16:00:00,0.013288999999999
2024-11-19 17:00:00,0.01399
2024-11-19 18:00:00,0.013493
2024-11-19 19:00:00,0.01263
2024-11-19 20:00:00,0.011715
2024-11-19 21:00:00,0.010936999999999999
2024-11-19 22:00:00,0.010543999999999
2024-11-19 23:00:00,0.00899
2024-11-20 00:00:00,0.010060000000000001
2024-11-20 01:00:00,0.009159
2024-11-20 02:00:00,0.008660000000000001
2024-11-20 03:00:00,0.008153
2024-11-20 04:00:00,0.008100999999999001
2024-11-20 05:00:00,0.009186999999999
2024-11-20 06:00:00,0.010631999999999999
2024-11-20 07:00:00,0.013333999999999999
2024-11-20 08:00:00,0.014287000000000001
2024-11-20 09:00:00,0.013997000000000002
2024-11-20 10:00:00,0.01188999999999999
2024-11-20 11:00:00,0.010776999999999
2024-11-20 12:00:00,0.009726
2024-11-20 13:00:00,0.009736000000000002
2024-11-20 14:00:00,0.01064
2024-11-20 15:00:00,0.012642
2024-11-20 16:00:00,0.013418
2024-11-20 17:00:00,0.014212999999999991
2024-11-20 18:00:00,0.01427
2024-11-20 19:00:00,0.014062
2024-11-20 20:00:00,0.013598
2024-11-20 21:00:00,0.01201
2024-11-20 22:00:00,0.011581999999999001
2024-11-20 23:00:00,0.01035
2024-11-21 00:00:00,0.009395999999999
2024-11-21 01:00:00,0.00904
2024-11-21 02:00:00,0.00868
2024-11-21 03:00:00,0.008415
2024-11-21 04:00:00,0.008423
2024-11-21 05:00:00,0.009287999999999
2024-11-21 06:00:00,0.010829
2024-11-21 07:00:00,0.012226999999999
2024-11-21 08:00:00,0.013335000000000001
2024-11-21 09:00:00,0.013500999999999999
2024-11-21 10:00:00,0.012738
2024-11-21 11:00:00,0.011550000000000001
2024-11-21 12:00:00,0.011362
2024-11-21 13:00:00,0.01209599999999999
2024-11-21 14:00:00,0.013721
2024-11-21 15:00:00,0.014906999999999
2024-11-21 16:00:00,0.016713000000000002
2024-11-21 17:00:00,0.017530999999999998
2024-11-21 18:00:00,0.015821
2024-11-21 19:00:00,0.015116
2024-11-21 20:00:00,0.013004
2024-11-21 21:00:00,0.012214000000000001
2024-11-21 22:00:00,0.012122
2024-11-21 23:00:00,0.010682
2024-11-22 00:00:00,0.01144999999999999
2024-11-22 01:00:00,0.010402
2024-11-22 02:00:00,0.009623999999999001
2024-11-22 03:00:00,0.009001000000000002
2024-11-22 04:00:00,0.00872
2024-11-22 05:00:00,0.00916
2024-11-22 06:00:00,0.01153
2024-11-22 07:00:00,0.01350599999999999
2024-11-22 08:00:00,0.014421
2024-11-22 09:00:00,0.014105000000000001
2024-11-22 10:00:00,0.013294
2024-11-22 11:00:00,0.011688
2024-11-22 12:00:00,0.0106
2024-11-22 13:00:00,0.00945
2024-11-22 14:00:00,0.009487
2024-11-22 15:00:00,0.010887
2024-11-22 16:00:00,0.01140299999999999
2024-11-22 17:00:00,0.013000000000000001
2024-11-22 18:00:00,0.013500999999999999
2024-11-22 19:00:00,0.013297000000000002
2024-11-22 20:00:00,0.01291
2024-11-22 21:00:00,0.01072299999999999
2024-11-22 22:00:00,0.012039999999999999
2024-11-22 23:00:00,0.012947999999999
2024-11-23 00:00:00,0.012161
2024-11-23 01:00:00,0.011388
2024-11-23 02:00:00,0.010336
2024-11-23 03:00:00,0.00924
2024-11-23 04:00:00,0.008
2024-11-23 05:00:00,0.008709999999998991
2024-11-23 06:00:00,0.008465999999998999
2024-11-23 07:00:00,0.00904
2024-11-23 08:00:00,0.009795
2024-11-23 09:00:00,0.008562
2024-11-23 10:00:00,0.009000000000000001
2024-11-23 11:00:00,0.008598000000000001
2024-11-23 12:00:00,0.00886199999999999
2024-11-23 13:00:00,0.0078
2024-11-23 14:00:00,0.008568000000000001
2024-11-23 15:00:00,0.010062
2024-11-23 16:00:00,0.008545999999999
2024-11-23 17:00:00,0.009555999999999001
2024-11-23 18:00:00,0.0089
2024-11-23 19:00:00,0.007517
2024-11-23 20:00:00,0.0063750000000000005
2024-11-23 21:00:00,0.00513099999999999
2024-11-23 22:00:00,0.004214000000000001
2024-11-23 23:00:00,0.001928999999999
2024-11-24 00:00:00,0.00046600000000000005
2024-11-24 01:00:00,0.00017199999999999
2024-11-24 02:00:00,0.0
2024-11-24 03:00:00,-0.000107
2024-11-24 04:00:00,-0.00019
2024-11-24 05:00:00,-0.00020899999999999998
2024-11-24 06:00:00,-0.0002669999999999899
2024-11-24 07:00:00,-3e-06
2024-11-24 08:00:00,0.00013699999999999
2024-11-24 09:00:00,0.000375
2024-11-24 10:00:00,0.000207
2024-11-24 11:00:00,0.000125
2024-11-24 12:00:00,0.000222
2024-11-24 13:00:00,0.00013499999999999
2024-11-24 14:00:00,0.00047799999999999996
2024-11-24 15:00:00,0.00089199999999999
2024-11-24 16:00:00,0.00415
2024-11-24 17:00:00,0.0078
2024-11-24 18:00:00,0.006
2024-11-24 19:00:00,0.0059900000000000005
2024-11-24 20:00:00,0.0039
2024-11-24 21:00:00,0.0014719999999990001
2024-11-24 22:00:00,0.0008410000000000001
2024-11-24 23:00:00,0.0004
2024-11-25 00:00:00,4.2999999999999995e-05
2024-11-25 01:00:00,9.999999999999e-07
2024-11-25 02:00:00,-5.5e-05
2024-11-25 03:00:00,-0.000109
2024-11-25 04:00:00,-3.4000000000000007e-05
2024-11-25 05:00:00,-5e-06
2024-11-25 06:00:00,0.00019299999999998992
2024-11-25 07:00:00,0.00569999999999999
2024-11-25 08:00:00,0.009699999999999
2024-11-25 09:00:00,0.011858999999999993
2024-11-25 10:00:00,0.012819999999998999
2024-11-25 11:00:00,0.0123
2024-11-25 12:00:00,0.011199999999999991
2024-11-25 13:00:00,0.01122
2024-11-25 14:00:00,0.01139999999999999
2024-11-25 15:00:00,0.011567999999999988
2024-11-25 16:00:00,0.0125
2024-11-25 17:00:00,0.0149
2024-11-25 18:00:00,0.013821
2024-11-25 19:00:00,0.011899
2024-11-25 20:00:00,0.009634999999999
2024-11-25 21:00:00,0.00834
2024-11-25 22:00:00,0.008807999999999
2024-11-25 23:00:00,0.007071
2024-11-26 00:00:00,0.00901
2024-11-26 01:00:00,0.007905999999999
2024-11-26 02:00:00,0.007862
2024-11-26 03:00:00,0.007123
2024-11-26 04:00:00,0.00729799999999999
2024-11-26 05:00:00,0.008238
2024-11-26 06:00:00,0.010145
2024-11-26 07:00:00,0.011
2024-11-26 08:00:00,0.013614999999999001
2024-11-26 09:00:00,0.012699
2024-11-26 10:00:00,0.011209
2024-11-26 11:00:00,0.01
2024-11-26 12:00:00,0.009194999999999991
2024-11-26 13:00:00,0.010164
2024-11-26 14:00:00,0.011571
2024-11-26 15:00:00,0.01242499999999999
2024-11-26 16:00:00,0.014401999999998999
2024-11-26 17:00:00,0.015518
2024-11-26 18:00:00,0.016063999999999003
2024-11-26 19:00:00,0.015294
2024-11-26 20:00:00,0.012702999999999999
2024-11-26 21:00:00,0.011863
2024-11-26 22:00:00,0.01225
2024-11-26 23:00:00,0.01135999999999899
2024-11-27 00:00:00,0.011106
2024-11-27 01:00:00,0.011
2024-11-27 02:00:00,0.011
2024-11-27 03:00:00,0.010321
2024-11-27 04:00:00,0.010087
2024-11-27 05:00:00,0.011211
2024-11-27 06:00:00,0.01288
2024-11-27 07:00:00,0.01289
2024-11-27 08:00:00,0.0166
2024-11-27 09:00:00,0.0131
2024-11-27 10:00:00,0.013907000000000001
2024-11-27 11:00:00,0.013438999999998999
2024-11-27 12:00:00,0.012581
2024-11-27 13:00:00,0.01244
2024-11-27 14:00:00,0.011987000000000001
2024-11-27 15:00:00,0.012400000000000001
2024-11-27 16:00:00,0.011639
2024-11-27 17:00:00,0.011374
2024-11-27 18:00:00,0.01099
2024-11-27 19:00:00,0.0101
2024-11-27 20:00:00,0.007898
2024-11-27 21:00:00,0.007997
2024-11-27 22:00:00,0.008570000000000001
2024-11-27 23:00:00,0.0059900000000000005
2024-11-28 00:00:00,0.00501
2024-11-28 01:00:00,0.0041210000000000005
2024-11-28 02:00:00,0.0035129999999999897
2024-11-28 03:00:00,0.0038
2024-11-28 04:00:00,0.0059900000000000005
2024-11-28 05:00:00,0.009204
2024-11-28 06:00:00,0.01001
2024-11-28 07:00:00,0.013210000000000001
2024-11-28 08:00:00,0.014829
2024-11-28 09:00:00,0.014036
2024-11-28 10:00:00,0.009901
2024-11-28 11:00:00,0.009869999999999999
2024-11-28 12:00:00,0.009616
2024-11-28 13:00:00,0.009899
2024-11-28 14:00:00,0.01144
2024-11-28 15:00:00,0.011880000000000002
2024-11-28 16:00:00,0.013393
2024-11-28 17:00:00,0.0151
2024-11-28 18:00:00,0.015824
2024-11-28 19:00:00,0.015403999999999
2024-11-28 20:00:00,0.014339000000000001
2024-11-28 21:00:00,0.013126
2024-11-28 22:00:00,0.012215999999999
2024-11-28 23:00:00,0.011259999999999
2024-11-29 00:00:00,0.01103
2024-11-29 01:00:00,0.010701
2024-11-29 02:00:00,0.010346999999999
2024-11-29 03:00:00,0.010152
2024-11-29 04:00:00,0.010283
2024-11-29 05:00:00,0.011227000000000001
2024-11-29 06:00:00,0.013066000000000001
2024-11-29 07:00:00,0.016072999999998998
2024-11-29 08:00:00,0.017356
2024-11-29 09:00:00,0.01573699999999999
2024-11-29 10:00:00,0.013835000000000002
2024-11-29 11:00:00,0.012006000000000001
2024-11-29 12:00:00,0.011005000000000001
2024-11-29 13:00:00,0.01142599999999999
2024-11-29 14:00:00,0.01093
2024-11-29 15:00:00,0.01242
2024-11-29 16:00:00,0.014621999999999
2024-11-29 17:00:00,0.014934999999999001
2024-11-29 18:00:00,0.014203
2024-11-29 19:00:00,0.013186999999999999
2024-11-29 20:00:00,0.01198999999999999
2024-11-29 21:00:00,0.011209999999999
2024-11-29 22:00:00,0.011393
2024-11-29 23:00:00,0.010328
2024-11-30 00:00:00,0.009949999999999999
2024-11-30 01:00:00,0.009269
2024-11-30 02:00:00,0.008962
2024-11-30 03:00:00,0.008662000000000001
2024-11-30 04:00:00,0.008803999999999
2024-11-30 05:00:00,0.009007999999999999
2024-11-30 06:00:00,0.00881199999999999
2024-11-30 07:00:00,0.010242000000000001
2024-11-30 08:00:00,0.011779999999999999
2024-11-30 09:00:00,0.0125
2024-11-30 10:00:00,0.010885999999999991
2024-11-30 11:00:00,0.008545
2024-11-30 12:00:00,0.008718
2024-11-30 13:00:00,0.009000000000000001
2024-11-30 14:00:00,0.010679999999999
2024-11-30 15:00:00,0.012221000000000001
2024-11-30 16:00:00,0.01315299999999999
2024-11-30 17:00:00,0.013768
2024-11-30 18:00:00,0.013640000000000001
2024-11-30 19:00:00,0.013196
2024-11-30 20:00:00,0.012451
2024-11-30 21:00:00,0.011508
2024-11-30 22:00:00,0.011478
2024-11-30 23:00:00,0.010667
2024-12-01 00:00:00,0.009966
2024-12-01 01:00:00,0.009001000000000002
2024-12-01 02:00:00,0.008814
2024-12-01 03:00:00,0.008570000000000001
2024-12-01 04:00:00,0.008427
2024-12-01 05:00:00,0.008376999999999999
2024-12-01 06:00:00,0.008323
2024-12-01 07:00:00,0.008949999999999
2024-12-01 08:00:00,0.009919
2024-12-01 09:00:00,0.009459999999999
2024-12-01 10:00:00,0.008929999999999
2024-12-01 11:00:00,0.008238
2024-12-01 12:00:00,0.00852499999999999
2024-12-01 13:00:00,0.008308
2024-12-01 14:00:00,0.008817
2024-12-01 15:00:00,0.010525000000000001
2024-12-01 16:00:00,0.011745
2024-12-01 17:00:00,0.011779999999999999
2024-12-01 18:00:00,0.012326999999999
2024-12-01 19:00:00,0.011231
2024-12-01 20:00:00,0.009366
2024-12-01 21:00:00,0.008601000000000001
2024-12-01 22:00:00,0.009739000000000001
2024-12-01 23:00:00,0.00849999999999999
2024-12-02 00:00:00,0.007476999999998999
2024-12-02 01:00:00,0.006620999999999
2024-12-02 02:00:00,0.006156999999999991
2024-12-02 03:00:00,0.0046500000000000005
2024-12-02 04:00:00,0.004915
2024-12-02 05:00:00,0.006842
2024-12-02 06:00:00,0.009250999999999999
2024-12-02 07:00:00,0.012525000000000001
2024-12-02 08:00:00,0.012619999999999
2024-12-02 09:00:00,0.012394
2024-12-02 10:00:00,0.012143999999999001
2024-12-02 11:00:00,0.011597
2024-12-02 12:00:00,0.01151799999999999
2024-12-02 13:00:00,0.01263999999999999
2024-12-02 14:00:00,0.013405
2024-12-02 15:00:00,0.014193
2024-12-02 16:00:00,0.014475
2024-12-02 17:00:00,0.014706999999999991
2024-12-02 18:00:00,0.014828
2024-12-02 19:00:00,0.013877
2024-12-02 20:00:00,0.012113
2024-12-02 21:00:00,0.011341
2024-12-02 22:00:00,0.011253999999999991
2024-12-02 23:00:00,0.010263999999999999
2024-12-03 00:00:00,0.011092999999999993
2024-12-03 01:00:00,0.00909
2024-12-03 02:00:00,0.008799999999999001
2024-12-03 03:00:00,0.00868
2024-12-03 04:00:00,0.009495999999999
2024-12-03 05:00:00,0.010256000000000001
2024-12-03 06:00:00,0.011993999999999
2024-12-03 07:00:00,0.014199999999999999
2024-12-03 08:00:00,0.01556399999999899
2024-12-03 09:00:00,0.015109000000000001
2024-12-03 10:00:00,0.014229
2024-12-03 11:00:00,0.013113999999999001
2024-12-03 12:00:00,0.012712999999999999
2024-12-03 13:00:00,0.014162000000000001
2024-12-03 14:00:00,0.0148
2024-12-03 15:00:00,0.016597999999999998
2024-12-03 16:00:00,0.020010000000000003
2024-12-03 17:00:00,0.020914000000000002
2024-12-03 18:00:00,0.019788
2024-12-03 19:00:00,0.018983
2024-12-03 20:00:00,0.016844
2024-12-03 21:00:00,0.015313
2024-12-03 22:00:00,0.014208000000000002
2024-12-03 23:00:00,0.013081
2024-12-04 00:00:00,0.0121
2024-12-04 01:00:00,0.011666000000000001
2024-12-04 02:00:00,0.011279
2024-12-04 03:00:00,0.011
2024-12-04 04:00:00,0.011164
2024-12-04 05:00:00,0.011960000000000002
2024-12-04 06:00:00,0.014315
2024-12-04 07:00:00,0.020214
2024-12-04 08:00:00,0.026651000000000005
2024-12-04 09:00:00,0.024405000000000003
2024-12-04 10:00:00,0.020319000000000004
2024-12-04 11:00:00,0.019203
2024-12-04 12:00:00,0.018705
2024-12-04 13:00:00,0.019135000000000003
2024-12-04 14:00:00,0.02061599999999999
2024-12-04 15:00:00,0.022783
2024-12-04 16:00:00,0.025
2024-12-04 17:00:00,0.027969
2024-12-04 18:00:00,0.022524000000000002
2024-12-04 19:00:00,0.01939999999999899
2024-12-04 20:00:00,0.015880000000000002
2024-12-04 21:00:00,0.013300000000000001
2024-12-04 22:00:00,0.012
2024-12-04 23:00:00,0.0111
2024-12-05 00:00:00,0.011477000000000001
2024-12-05 01:00:00,0.010574
2024-12-05 02:00:00,0.01001
2024-12-05 03:00:00,0.008713999999999
2024-12-05 04:00:00,0.007693999999999
2024-12-05 05:00:00,0.00777
2024-12-05 06:00:00,0.009129999999999
2024-12-05 07:00:00,0.01001
2024-12-05 08:00:00,0.0128
2024-12-05 09:00:00,0.013178
2024-12-05 10:00:00,0.012492000000000001
2024-12-05 11:00:00,0.010731000000000001
2024-12-05 12:00:00,0.01035
2024-12-05 13:00:00,0.010432
2024-12-05 14:00:00,0.010736
2024-12-05 15:00:00,0.011626
2024-12-05 16:00:00,0.012464000000000001
2024-12-05 17:00:00,0.01379
2024-12-05 18:00:00,0.013000000000000001
2024-12-05 19:00:00,0.01152099999999899
2024-12-05 20:00:00,0.010191
2024-12-05 21:00:00,0.00839299999999999
2024-12-05 22:00:00,0.007995999999998999
2024-12-05 23:00:00,0.004512
2024-12-06 00:00:00,0.001209
2024-12-06 01:00:00,0.000597
2024-12-06 02:00:00,0.000416
2024-12-06 03:00:00,0.000222
2024-12-06 04:00:00,0.00027899999999999
2024-12-06 05:00:00,0.001053999999999
2024-12-06 06:00:00,0.00626999999999999
2024-12-06 07:00:00,0.009477000000000001
2024-12-06 08:00:00,0.011175000000000001
2024-12-06 09:00:00,0.0125
2024-12-06 10:00:00,0.010543
2024-12-06 11:00:00,0.00999
2024-12-06 12:00:00,0.00919
2024-12-06 13:00:00,0.010117000000000001
2024-12-06 14:00:00,0.0109
2024-12-06 15:00:00,0.011703
2024-12-06 16:00:00,0.013058
2024-12-06 17:00:00,0.014227
2024-12-06 18:00:00,0.015055
2024-12-06 19:00:00,0.01417
2024-12-06 20:00:00,0.012825
2024-12-06 21:00:00,0.011799
2024-12-06 22:00:00,0.011800000000000001
2024-12-06 23:00:00,0.010048999999999999
2024-12-07 00:00:00,0.008579000000000002
2024-12-07 01:00:00,0.007492
2024-12-07 02:00:00,0.00675
2024-12-07 03:00:00,0.006148
2024-12-07 04:00:00,0.00491
2024-12-07 05:00:00,0.003741
2024-12-07 06:00:00,0.00365
2024-12-07 07:00:00,0.004147999999999
2024-12-07 08:00:00,0.00541699999999999
2024-12-07 09:00:00,0.00591
2024-12-07 10:00:00,0.00588
2024-12-07 11:00:00,0.005795999999999999
2024-12-07 12:00:00,0.006314
2024-12-07 13:00:00,0.006665
2024-12-07 14:00:00,0.006573999999999
2024-12-07 15:00:00,0.007234
2024-12-07 16:00:00,0.00849999999999999
2024-12-07 17:00:00,0.00872
2024-12-07 18:00:00,0.008261000000000001
2024-12-07 19:00:00,0.008034999999999
2024-12-07 20:00:00,0.00789
2024-12-07 21:00:00,0.007903
2024-12-07 22:00:00,0.00764999999999899
2024-12-07 23:00:00,0.006873000000000001
2024-12-08 00:00:00,0.008215999999998988
2024-12-08 01:00:00,0.007585
2024-12-08 02:00:00,0.007580999999999
2024-12-08 03:00:00,0.007121000000000001
2024-12-08 04:00:00,0.007128
2024-12-08 05:00:00,0.007696
2024-12-08 06:00:00,0.007873999999999
2024-12-08 07:00:00,0.007929
2024-12-08 08:00:00,0.008867
2024-12-08 09:00:00,0.009873
2024-12-08 10:00:00,0.010081
2024-12-08 11:00:00,0.01064
2024-12-08 12:00:00,0.01087399999999899
2024-12-08 13:00:00,0.010615999999999
2024-12-08 14:00:00,0.009936999999999991
2024-12-08 15:00:00,0.01096599999999899
2024-12-08 16:00:00,0.00958
2024-12-08 17:00:00,0.010548
2024-12-08 18:00:00,0.009534999999999001
2024-12-08 19:00:00,0.009412
2024-12-08 20:00:00,0.008875000000000001
2024-12-08 21:00:00,0.008799999999999001
2024-12-08 22:00:00,0.00857499999999999
2024-12-08 23:00:00,0.007351000000000001
2024-12-09 00:00:00,0.006898999999998991
2024-12-09 01:00:00,0.0053189999999999895
2024-12-09 02:00:00,0.0034659999999990003
2024-12-09 03:00:00,0.00315
2024-12-09 04:00:00,0.003533
2024-12-09 05:00:00,0.006624
2024-12-09 06:00:00,0.007766999999999991
2024-12-09 07:00:00,0.011212
2024-12-09 08:00:00,0.012196
2024-12-09 09:00:00,0.012228
2024-12-09 10:00:00,0.012336
2024-12-09 11:00:00,0.01203099999999999
2024-12-09 12:00:00,0.012246
2024-12-09 13:00:00,0.01162
2024-12-09 14:00:00,0.011667
2024-12-09 15:00:00,0.011401
2024-12-09 16:00:00,0.011569000000000001
2024-12-09 17:00:00,0.01216
2024-12-09 18:00:00,0.011691000000000002
2024-12-09 19:00:00,0.012539
2024-12-09 20:00:00,0.011316000000000001
2024-12-09 21:00:00,0.010195000000000001
2024-12-09 22:00:00,0.009848
2024-12-09 23:00:00,0.009239
2024-12-10 00:00:00,0.007726999999999
2024-12-10 01:00:00,0.00849999999999999
2024-12-10 02:00:00,0.008493
2024-12-10 03:00:00,0.008369999999999002
2024-12-10 04:00:00,0.008720999999999
2024-12-10 05:00:00,0.008769
2024-12-10 06:00:00,0.01
2024-12-10 07:00:00,0.011279
2024-12-10 08:00:00,0.013422999999999
2024-12-10 09:00:00,0.015772999999999
2024-12-10 10:00:00,0.015313
2024-12-10 11:00:00,0.016300000000000002
2024-12-10 12:00:00,0.013522000000000001
2024-12-10 13:00:00,0.016915
2024-12-10 14:00:00,0.016948
2024-12-10 15:00:00,0.017660000000000002
2024-12-10 16:00:00,0.017996999999999003
2024-12-10 17:00:00,0.015989999999999
2024-12-10 18:00:00,0.0181
2024-12-10 19:00:00,0.017665
2024-12-10 20:00:00,0.015197999999999002
2024-12-10 21:00:00,0.012
2024-12-10 22:00:00,0.01072
2024-12-10 23:00:00,0.012137
2024-12-11 00:00:00,0.01
2024-12-11 01:00:00,0.010185000000000001
2024-12-11 02:00:00,0.009654
2024-12-11 03:00:00,0.009709999999999
2024-12-11 04:00:00,0.009651
2024-12-11 05:00:00,0.009709999999999
2024-12-11 06:00:00,0.01001
2024-12-11 07:00:00,0.012
2024-12-11 08:00:00,0.024767
2024-12-11 09:00:00,0.030010000000000002
2024-12-11 10:00:00,0.03221500000000001
2024-12-11 11:00:00,0.031932
2024-12-11 12:00:00,0.031187000000000003
2024-12-11 13:00:00,0.031945
2024-12-11 14:00:00,0.034213
2024-12-11 15:00:00,0.035539
2024-12-11 16:00:00,0.041194
2024-12-11 17:00:00,0.042313
2024-12-11 18:00:00,0.034931
2024-12-11 19:00:00,0.029832
2024-12-11 20:00:00,0.019313
2024-12-11 21:00:00,0.015468000000000003
2024-12-11 22:00:00,0.015
2024-12-11 23:00:00,0.013596
2024-12-12 00:00:00,0.012224
2024-12-12 01:00:00,0.01153
2024-12-12 02:00:00,0.010995999999999001
2024-12-12 03:00:00,0.010735
2024-12-12 04:00:00,0.011250999999999999
2024-12-12 05:00:00,0.012337
2024-12-12 06:00:00,0.016398
2024-12-12 07:00:00,0.023297000000000002
2024-12-12 08:00:00,0.05199
2024-12-12 09:00:00,0.058148000000000005
2024-12-12 10:00:00,0.05
2024-12-12 11:00:00,0.043369
2024-12-12 12:00:00,0.038111999999999986
2024-12-12 13:00:00,0.04001
2024-12-12 14:00:00,0.046619
2024-12-12 15:00:00,0.06378600000000001
2024-12-12 16:00:00,0.076767
2024-12-12 17:00:00,0.08729600000000001
2024-12-12 18:00:00,0.062827
2024-12-12 19:00:00,0.05175
2024-12-12 20:00:00,0.028536999999999993
2024-12-12 21:00:00,0.016939999999999
2024-12-12 22:00:00,0.015
2024-12-12 23:00:00,0.013474999999999999
2024-12-13 00:00:00,0.013007
2024-12-13 01:00:00,0.012289999999999999
2024-12-13 02:00:00,0.011896999999999
2024-12-13 03:00:00,0.011495
2024-12-13 04:00:00,0.01156399999999999
2024-12-13 05:00:00,0.01198999999999999
2024-12-13 06:00:00,0.015009999999999
2024-12-13 07:00:00,0.018748
2024-12-13 08:00:00,0.0253
2024-12-13 09:00:00,0.024574000000000002
2024-12-13 10:00:00,0.020842
2024-12-13 11:00:00,0.017427
2024-12-13 12:00:00,0.016596999999999
2024-12-13 13:00:00,0.0165
2024-12-13 14:00:00,0.01845
2024-12-13 15:00:00,0.021984000000000004
2024-12-13 16:00:00,0.024929
2024-12-13 17:00:00,0.028421000000000002
2024-12-13 18:00:00,0.026000000000000002
2024-12-13 19:00:00,0.02256
2024-12-13 20:00:00,0.0175
2024-12-13 21:00:00,0.014621999999999
2024-12-13 22:00:00,0.013509
2024-12-13 23:00:00,0.01165199999999999
2024-12-14 00:00:00,0.01169399999999999
2024-12-14 01:00:00,0.011136
2024-12-14 02:00:00,0.010804000000000001
2024-12-14 03:00:00,0.009901999999998988
2024-12-14 04:00:00,0.009343999999998999
2024-12-14 05:00:00,0.009154999999998999
2024-12-14 06:00:00,0.009272
2024-12-14 07:00:00,0.010211000000000001
2024-12-14 08:00:00,0.011395999999999
2024-12-14 09:00:00,0.012509999999999
2024-12-14 10:00:00,0.012111999999999989
2024-12-14 11:00:00,0.01082099999999999
2024-12-14 12:00:00,0.01031999999999999
2024-12-14 13:00:00,0.010296
2024-12-14 14:00:00,0.009663
2024-12-14 15:00:00,0.01001
2024-12-14 16:00:00,0.010567
2024-12-14 17:00:00,0.012
2024-12-14 18:00:00,0.011337
2024-12-14 19:00:00,0.00901
2024-12-14 20:00:00,0.00932
2024-12-14 21:00:00,0.008962
2024-12-14 22:00:00,0.008187999999999
2024-12-14 23:00:00,0.00802
2024-12-15 00:00:00,0.0095
2024-12-15 01:00:00,0.00873
2024-12-15 02:00:00,0.007815999999998999
2024-12-15 03:00:00,0.0070999999999999995
2024-12-15 04:00:00,0.0055879999999989905
2024-12-15 05:00:00,0.0053689999999990004
2024-12-15 06:00:00,0.004681
2024-12-15 07:00:00,0.005533000000000001
2024-12-15 08:00:00,0.006620999999999
2024-12-15 09:00:00,0.007065000000000001
2024-12-15 10:00:00,0.00701
2024-12-15 11:00:00,0.0064979999999999994
2024-12-15 12:00:00,0.007031
2024-12-15 13:00:00,0.008009999999999
2024-12-15 14:00:00,0.008022
2024-12-15 15:00:00,0.0083
2024-12-15 16:00:00,0.008009999999999
2024-12-15 17:00:00,0.009016999999999999
2024-12-15 18:00:00,0.008
2024-12-15 19:00:00,0.0073
2024-12-15 20:00:00,0.007792000000000001
2024-12-15 21:00:00,0.004052
2024-12-15 22:00:00,0.0010860000000000002
2024-12-15 23:00:00,0.00022899999999998998
2024-12-16 00:00:00,8.9999999999999e-06
2024-12-16 01:00:00,1e-05
2024-12-16 02:00:00,5e-06
2024-12-16 03:00:00,0.0
2024-12-16 04:00:00,4.6e-05
2024-12-16 05:00:00,0.00013799999999999
2024-12-16 06:00:00,0.000773
2024-12-16 07:00:00,0.005
2024-12-16 08:00:00,0.01078999999999899
2024-12-16 09:00:00,0.0109
2024-12-16 10:00:00,0.01001
2024-12-16 11:00:00,0.009758
2024-12-16 12:00:00,0.009309
2024-12-16 13:00:00,0.00817
2024-12-16 14:00:00,0.008009999999999
2024-12-16 15:00:00,0.009595000000000001
2024-12-16 16:00:00,0.010111
2024-12-16 17:00:00,0.01151399999999999
2024-12-16 18:00:00,0.00899
2024-12-16 19:00:00,0.0075
2024-12-16 20:00:00,0.0077989999999989994
2024-12-16 21:00:00,0.00701
2024-12-16 22:00:00,0.00569999999999999
2024-12-16 23:00:00,0.001761
2024-12-17 00:00:00,0.0040549999999989995
2024-12-17 01:00:00,0.002275
2024-12-17 02:00:00,0.001975
2024-12-17 03:00:00,0.002572
2024-12-17 04:00:00,0.006690000000000001
2024-12-17 05:00:00,0.006690000000000001
2024-12-17 06:00:00,0.010494999999999
2024-12-17 07:00:00,0.010568
2024-12-17 08:00:00,0.01161799999999999
2024-12-17 09:00:00,0.011134
2024-12-17 10:00:00,0.0108
2024-12-17 11:00:00,0.01023999999999999
2024-12-17 12:00:00,0.010273
2024-12-17 13:00:00,0.010621
2024-12-17 14:00:00,0.010958999999999988
2024-12-17 15:00:00,0.011606999999999
2024-12-17 16:00:00,0.011699
2024-12-17 17:00:00,0.012733000000000001
2024-12-17 18:00:00,0.01220699999999999
2024-12-17 19:00:00,0.010809999999999001
2024-12-17 20:00:00,0.009920999999998991
2024-12-17 21:00:00,0.009584
2024-12-17 22:00:00,0.009231
2024-12-17 23:00:00,0.0071200000000000005
2024-12-18 00:00:00,0.006871
2024-12-18 01:00:00,0.005212
2024-12-18 02:00:00,0.004569999999999999
2024-12-18 03:00:00,0.004
2024-12-18 04:00:00,0.0026219999999999902
2024-12-18 05:00:00,0.003267
2024-12-18 06:00:00,0.0045939999999989895
2024-12-18 07:00:00,0.00573399999999999
2024-12-18 08:00:00,0.007758
2024-12-18 09:00:00,0.007669
2024-12-18 10:00:00,0.006862
2024-12-18 11:00:00,0.006712
2024-12-18 12:00:00,0.0070480000000000004
2024-12-18 13:00:00,0.00699999999999999
2024-12-18 14:00:00,0.00699999999999999
2024-12-18 15:00:00,0.007307999999999
2024-12-18 16:00:00,0.007869
2024-12-18 17:00:00,0.009445999999999
2024-12-18 18:00:00,0.00899
2024-12-18 19:00:00,0.00852
2024-12-18 20:00:00,0.007731000000000001
2024-12-18 21:00:00,0.00649
2024-12-18 22:00:00,0.00451
2024-12-18 23:00:00,0.0023579999999989902
2024-12-19 00:00:00,0.001366
2024-12-19 01:00:00,0.0014409999999999998
2024-12-19 02:00:00,0.000569
2024-12-19 03:00:00,0.00016
2024-12-19 04:00:00,2.6e-05
2024-12-19 05:00:00,6e-06
2024-12-19 06:00:00,0.0007009999999999899
2024-12-19 07:00:00,0.0055780000000000005
2024-12-19 08:00:00,0.009215
2024-12-19 09:00:00,0.01311
2024-12-19 10:00:00,0.011090000000000001
2024-12-19 11:00:00,0.0096
2024-12-19 12:00:00,0.008009999999999
2024-12-19 13:00:00,0.0077
2024-12-19 14:00:00,0.008003
2024-12-19 15:00:00,0.009000000000000001
2024-12-19 16:00:00,0.011090000000000001
2024-12-19 17:00:00,0.01478
2024-12-19 18:00:00,0.012999
2024-12-19 19:00:00,0.009154
2024-12-19 20:00:00,0.00852899999999999
2024-12-19 21:00:00,0.007906999999999
2024-12-19 22:00:00,0.007904999999999
2024-12-19 23:00:00,0.00649
2024-12-20 00:00:00,0.004865
2024-12-20 01:00:00,0.0032400000000000003
2024-12-20 02:00:00,0.001752
2024-12-20 03:00:00,0.001814
2024-12-20 04:00:00,0.00236
2024-12-20 05:00:00,0.0048979999999989995
2024-12-20 06:00:00,0.007492
2024-12-20 07:00:00,0.011800000000000001
2024-12-20 08:00:00,0.016900000000000002
2024-12-20 09:00:00,0.015003
2024-12-20 10:00:00,0.012292
2024-12-20 11:00:00,0.009787
2024-12-20 12:00:00,0.008796999999999
2024-12-20 13:00:00,0.008428
2024-12-20 14:00:00,0.008876000000000002
2024-12-20 15:00:00,0.009938
2024-12-20 16:00:00,0.010558
2024-12-20 17:00:00,0.011014
2024-12-20 18:00:00,0.010172
2024-12-20 19:00:00,0.009932999999999992
2024-12-20 20:00:00,0.00903399999999999
2024-12-20 21:00:00,0.0072440000000000004
2024-12-20 22:00:00,0.007042
2024-12-20 23:00:00,0.0058330000000000005
2024-12-21 00:00:00,0.002881
2024-12-21 01:00:00,0.002451
2024-12-21 02:00:00,0.002426
2024-12-21 03:00:00,0.001941
2024-12-21 04:00:00,0.001811
2024-12-21 05:00:00,0.0026160000000000003
2024-12-21 06:00:00,0.004172999999999
2024-12-21 07:00:00,0.004059999999999999
2024-12-21 08:00:00,0.005165
2024-12-21 09:00:00,0.00619199999999999
2024-12-21 10:00:00,0.00559999999999999
2024-12-21 11:00:00,0.004052
2024-12-21 12:00:00,0.0034639999999999996
2024-12-21 13:00:00,0.003144
2024-12-21 14:00:00,0.00284499999999999
2024-12-21 15:00:00,0.0031090000000000002
2024-12-21 16:00:00,0.0032559999999999998
2024-12-21 17:00:00,0.0049900000000000005
2024-12-21 18:00:00,0.00601
2024-12-21 19:00:00,0.0055
2024-12-21 20:00:00,0.002804
2024-12-21 21:00:00,0.000941
2024-12-21 22:00:00,0.00073599999999999
2024-12-21 23:00:00,0.000398
2024-12-22 00:00:00,0.0002699999999999899
2024-12-22 01:00:00,0.000161
2024-12-22 02:00:00,0.0
2024-12-22 03:00:00,-7.399999999999001e-05
2024-12-22 04:00:00,-0.0002
2024-12-22 05:00:00,-0.000124
2024-12-22 06:00:00,-6.6e-05
2024-12-22 07:00:00,0.00022899999999998998
2024-12-22 08:00:00,0.0006450000000000001
2024-12-22 09:00:00,0.002241
2024-12-22 10:00:00,0.002066
2024-12-22 11:00:00,0.002354
2024-12-22 12:00:00,0.002262
2024-12-22 13:00:00,0.002255
2024-12-22 14:00:00,0.00280699999999999
2024-12-22 15:00:00,0.004177
2024-12-22 16:00:00,0.0059900000000000005
2024-12-22 17:00:00,0.00923
2024-12-22 18:00:00,0.00861999999999899
2024-12-22 19:00:00,0.007123
2024-12-22 20:00:00,0.005489999999999999
2024-12-22 21:00:00,0.00399099999999899
2024-12-22 22:00:00,0.003791
2024-12-22 23:00:00,0.0026320000000000002
2024-12-23 00:00:00,0.0019370000000000001
2024-12-23 01:00:00,0.001326
2024-12-23 02:00:00,0.001113
2024-12-23 03:00:00,0.000773
2024-12-23 04:00:00,0.00064
2024-12-23 05:00:00,0.00063
2024-12-23 06:00:00,0.0017450000000000002
2024-12-23 07:00:00,0.005337
2024-12-23 08:00:00,0.006694
2024-12-23 09:00:00,0.006736000000000001
2024-12-23 10:00:00,0.00559999999999999
2024-12-23 11:00:00,0.005489999999999999
2024-12-23 12:00:00,0.005697
2024-12-23 13:00:00,0.005770000000000001
2024-12-23 14:00:00,0.006455
2024-12-23 15:00:00,0.007634
2024-12-23 16:00:00,0.011727000000000001
2024-12-23 17:00:00,0.013032
2024-12-23 18:00:00,0.012989999999999
2024-12-23 19:00:00,0.013596
2024-12-23 20:00:00,0.014580000000000003
2024-12-23 21:00:00,0.011019999999999988
2024-12-23 22:00:00,0.010582000000000001
2024-12-23 23:00:00,0.011891
2024-12-24 00:00:00,0.008603
2024-12-24 01:00:00,0.008283999999999
2024-12-24 02:00:00,0.008189
2024-12-24 03:00:00,0.0078
2024-12-24 04:00:00,0.007877999999999991
2024-12-24 05:00:00,0.008059999999999
2024-12-24 06:00:00,0.008506999999999
2024-12-24 07:00:00,0.010082999999999991
2024-12-24 08:00:00,0.011509
2024-12-24 09:00:00,0.012095000000000002
2024-12-24 10:00:00,0.012
2024-12-24 11:00:00,0.011816
2024-12-24 12:00:00,0.011749
2024-12-24 13:00:00,0.011538
2024-12-24 14:00:00,0.011798
2024-12-24 15:00:00,0.011949999999998991
2024-12-24 16:00:00,0.012021
2024-12-24 17:00:00,0.011800000000000001
2024-12-24 18:00:00,0.011098
2024-12-24 19:00:00,0.010565999999999002
2024-12-24 20:00:00,0.010256000000000001
2024-12-24 21:00:00,0.009462999999999002
2024-12-24 22:00:00,0.009904
2024-12-24 23:00:00,0.009000000000000001
2024-12-25 00:00:00,0.009137000000000001
2024-12-25 01:00:00,0.008644
2024-12-25 02:00:00,0.008506999999999
2024-12-25 03:00:00,0.00808099999999999
2024-12-25 04:00:00,0.007598999999999
2024-12-25 05:00:00,0.00808099999999999
2024-12-25 06:00:00,0.008300999999999
2024-12-25 07:00:00,0.008494
2024-12-25 08:00:00,0.009021000000000001
2024-12-25 09:00:00,0.009924
2024-12-25 10:00:00,0.009356
2024-12-25 11:00:00,0.009255000000000001
2024-12-25 12:00:00,0.009441000000000001
2024-12-25 13:00:00,0.009103
2024-12-25 14:00:00,0.009917
2024-12-25 15:00:00,0.011
2024-12-25 16:00:00,0.011670999999999999
2024-12-25 17:00:00,0.012052
2024-12-25 18:00:00,0.01191
2024-12-25 19:00:00,0.011800000000000001
2024-12-25 20:00:00,0.011832
2024-12-25 21:00:00,0.011301
2024-12-25 22:00:00,0.011406999999999
2024-12-25 23:00:00,0.010463
2024-12-26 00:00:00,0.010217
2024-12-26 01:00:00,0.009506
2024-12-26 02:00:00,0.009461
2024-12-26 03:00:00,0.008964
2024-12-26 04:00:00,0.009087
2024-12-26 05:00:00,0.009509999999999
2024-12-26 06:00:00,0.0099
2024-12-26 07:00:00,0.011262000000000001
2024-12-26 08:00:00,0.011918
2024-12-26 09:00:00,0.011823
2024-12-26 10:00:00,0.011325
2024-12-26 11:00:00,0.010601000000000001
2024-12-26 12:00:00,0.010771000000000001
2024-12-26 13:00:00,0.01038999999999999
2024-12-26 14:00:00,0.010964
2024-12-26 15:00:00,0.012074999999999999
2024-12-26 16:00:00,0.012866
2024-12-26 17:00:00,0.01379
2024-12-26 18:00:00,0.013805
2024-12-26 19:00:00,0.013571
2024-12-26 20:00:00,0.012913
2024-12-26 21:00:00,0.012085
2024-12-26 22:00:00,0.01235
2024-12-26 23:00:00,0.01169799999999999
2024-12-27 00:00:00,0.010679000000000001
2024-12-27 01:00:00,0.010152
2024-12-27 02:00:00,0.010103
2024-12-27 03:00:00,0.009974
2024-12-27 04:00:00,0.009958
2024-12-27 05:00:00,0.01062
2024-12-27 06:00:00,0.01157
2024-12-27 07:00:00,0.01242899999999999
2024-12-27 08:00:00,0.013185
2024-12-27 09:00:00,0.013015
2024-12-27 10:00:00,0.01201
2024-12-27 11:00:00,0.010794000000000002
2024-12-27 12:00:00,0.010781
2024-12-27 13:00:00,0.010794000000000002
2024-12-27 14:00:00,0.01201199999999999
2024-12-27 15:00:00,0.013363999999999002
2024-12-27 16:00:00,0.014421
2024-12-27 17:00:00,0.015155
2024-12-27 18:00:00,0.015839999999999993
2024-12-27 19:00:00,0.014643000000000002
2024-12-27 20:00:00,0.013313999999998999
2024-12-27 21:00:00,0.012542
2024-12-27 22:00:00,0.012676000000000002
2024-12-27 23:00:00,0.01139999999999999
2024-12-28 00:00:00,0.01263999999999999
2024-12-28 01:00:00,0.011663
2024-12-28 02:00:00,0.011015
2024-12-28 03:00:00,0.010592
2024-12-28 04:00:00,0.010293
2024-12-28 05:00:00,0.010558
2024-12-28 06:00:00,0.010970999999999
2024-12-28 07:00:00,0.012423999999999
2024-12-28 08:00:00,0.0128
2024-12-28 09:00:00,0.012830000000000001
2024-12-28 10:00:00,0.012283
2024-12-28 11:00:00,0.01134
2024-12-28 12:00:00,0.010897
2024-12-28 13:00:00,0.011001
2024-12-28 14:00:00,0.011724
2024-12-28 15:00:00,0.01341
2024-12-28 16:00:00,0.014002
2024-12-28 17:00:00,0.015049
2024-12-28 18:00:00,0.01478
2024-12-28 19:00:00,0.014088
2024-12-28 20:00:00,0.012959
2024-12-28 21:00:00,0.01258999999999999
2024-12-28 22:00:00,0.012125
2024-12-28 23:00:00,0.01149999999999999
2024-12-29 00:00:00,0.012739
2024-12-29 01:00:00,0.011409
2024-12-29 02:00:00,0.010771000000000001
2024-12-29 03:00:00,0.010169999999999993
2024-12-29 04:00:00,0.009773
2024-12-29 05:00:00,0.00986099999999999
2024-12-29 06:00:00,0.009816
2024-12-29 07:00:00,0.010356
2024-12-29 08:00:00,0.011070999999999
2024-12-29 09:00:00,0.011817000000000001
2024-12-29 10:00:00,0.012869999999998999
2024-12-29 11:00:00,0.012119999999999999
2024-12-29 12:00:00,0.012276999999998999
2024-12-29 13:00:00,0.012400000000000001
2024-12-29 14:00:00,0.012869999999998999
2024-12-29 15:00:00,0.012000999999999989
2024-12-29 16:00:00,0.012287999999999001
2024-12-29 17:00:00,0.014493
2024-12-29 18:00:00,0.013810000000000001
2024-12-29 19:00:00,0.01099
2024-12-29 20:00:00,0.009507999999999002
2024-12-29 21:00:00,0.009285999999999999
2024-12-29 22:00:00,0.008612999999999999
2024-12-29 23:00:00,0.007373
2024-12-30 00:00:00,0.007553
2024-12-30 01:00:00,0.00762
2024-12-30 02:00:00,0.00652
2024-12-30 03:00:00,0.004
2024-12-30 04:00:00,0.0034900000000000005
2024-12-30 05:00:00,0.006702999999999989
2024-12-30 06:00:00,0.007363000000000001
2024-12-30 07:00:00,0.008155999999999
2024-12-30 08:00:00,0.010830000000000001
2024-12-30 09:00:00,0.013358
2024-12-30 10:00:00,0.0135
2024-12-30 11:00:00,0.012489999999999989
2024-12-30 12:00:00,0.00851
2024-12-30 13:00:00,0.008085999999999
2024-12-30 14:00:00,0.00844
2024-12-30 15:00:00,0.01033999999999999
2024-12-30 16:00:00,0.0136
2024-12-30 17:00:00,0.015
2024-12-30 18:00:00,0.010993000000000001
2024-12-30 19:00:00,0.008742
2024-12-30 20:00:00,0.007584
2024-12-30 21:00:00,0.006851
2024-12-30 22:00:00,0.006795
2024-12-30 23:00:00,0.0036469999999990004
2024-12-31 00:00:00,0.0076299999999989996
2024-12-31 01:00:00,0.005489999999999999
2024-12-31 02:00:00,0.005643
2024-12-31 03:00:00,0.0034900000000000005
2024-12-31 04:00:00,0.003087999999999
2024-12-31 05:00:00,0.003021
2024-12-31 06:00:00,0.004
2024-12-31 07:00:00,0.0070290000000000005
2024-12-31 08:00:00,0.0099
2024-12-31 09:00:00,0.014798999999999991
2024-12-31 10:00:00,0.01498999999999999
2024-12-31 11:00:00,0.01369999999999999
2024-12-31 12:00:00,0.01217
2024-12-31 13:00:00,0.0099
2024-12-31 14:00:00,0.008400000000000001
2024-12-31 15:00:00,0.008431999999999001
2024-12-31 16:00:00,0.00949
2024-12-31 17:00:00,0.01217
2024-12-31 18:00:00,0.0099
2024-12-31 19:00:00,0.007056
2024-12-31 20:00:00,0.0059900000000000005
2024-12-31 21:00:00,0.00182
2024-12-31 22:00:00,0.000906
2024-12-31 23:00:00,5.2e-05
