techs,demand_electricity,demand_electricity,demand_electricity,demand_electricity
nodes,X1,X2,X3,X4
2024-01-01 00:00,542.00892351,5000.0,8000.0,12000.0
2024-01-01 01:00,553.74573933,5000.0,8000.0,12000.0
2024-01-01 02:00,550.95125934,5000.0,8000.0,12000.0
2024-01-01 03:00,554.09763519,5000.0,8000.0,12000.0
2024-01-01 04:00,555.5673255300001,5000.0,8000.0,12000.0
2024-01-01 05:00,555.2775262199999,5000.0,8000.0,12000.0
2024-01-01 06:00,560.2818071100003,5000.0,8000.0,12000.0
2024-01-01 07:00,574.0261565400002,5000.0,8000.0,12000.0
2024-01-01 08:00,581.4451890300004,5000.0,8000.0,12000.0
2024-01-01 09:00,622.0225461900002,5000.0,8000.0,12000.0
2024-01-01 10:00,676.9400919300002,5000.0,8000.0,12000.0
2024-01-01 11:00,634.0705775400002,5000.0,8000.0,12000.0
2024-01-01 12:00,619.7324927700002,5000.0,8000.0,12000.0
2024-01-01 13:00,639.2594161800001,5000.0,8000.0,12000.0
2024-01-01 14:00,620.4433701000002,5000.0,8000.0,12000.0
2024-01-01 15:00,620.08971474,5000.0,8000.0,12000.0
2024-01-01 16:00,584.05800099,5000.0,8000.0,12000.0
2024-01-01 17:00,741.5868653800003,5000.0,8000.0,12000.0
2024-01-01 18:00,1014.8712910200006,5000.0,8000.0,12000.0
2024-01-01 19:00,979.4808770700005,5000.0,8000.0,12000.0
2024-01-01 20:00,936.2588106300005,5000.0,8000.0,12000.0
2024-01-01 21:00,887.5725058500005,5000.0,8000.0,12000.0
2024-01-01 22:00,791.1023466000005,5000.0,8000.0,12000.0
2024-01-01 23:00,546.1281952200001,5000.0,8000.0,12000.0
2024-01-02 00:00,542.11242558,5000.0,8000.0,12000.0
2024-01-02 01:00,552.46234899,5000.0,8000.0,12000.0
2024-01-02 02:00,553.84923657,5000.0,8000.0,12000.0
2024-01-02 03:00,553.5180400200001,5000.0,8000.0,12000.0
2024-01-02 04:00,555.44312622,5000.0,8000.0,12000.0
2024-01-02 05:00,553.06264347,5000.0,8000.0,12000.0
2024-01-02 06:00,560.9856816300003,5000.0,8000.0,12000.0
2024-01-02 07:00,572.5910607300003,5000.0,8000.0,12000.0
2024-01-02 08:00,582.6871966200003,5000.0,8000.0,12000.0
2024-01-02 09:00,619.0004124300001,5000.0,8000.0,12000.0
2024-01-02 10:00,629.1509327400003,5000.0,8000.0,12000.0
2024-01-02 11:00,677.7129961200002,5000.0,8000.0,12000.0
2024-01-02 12:00,644.6346514200002,5000.0,8000.0,12000.0
2024-01-02 13:00,621.8784314100002,5000.0,8000.0,12000.0
2024-01-02 14:00,640.3427969100002,5000.0,8000.0,12000.0
2024-01-02 15:00,566.30432445,5000.0,8000.0,12000.0
2024-01-02 16:00,572.21072376,5000.0,8000.0,12000.0
2024-01-02 17:00,816.1757722200002,5000.0,8000.0,12000.0
2024-01-02 18:00,920.6173489800004,5000.0,8000.0,12000.0
2024-01-02 19:00,921.2033984100004,5000.0,8000.0,12000.0
2024-01-02 20:00,971.8211077200006,5000.0,8000.0,12000.0
2024-01-02 21:00,944.4146423700006,5000.0,8000.0,12000.0
2024-01-02 22:00,848.2756265400004,5000.0,8000.0,12000.0
2024-01-02 23:00,540.3943386899999,5000.0,8000.0,12000.0
2024-01-03 00:00,540.2701386900001,5000.0,8000.0,12000.0
2024-01-03 01:00,550.3095621,5000.0,8000.0,12000.0
2024-01-03 02:00,553.80783795,5000.0,8000.0,12000.0
2024-01-03 03:00,553.22824209,5000.0,8000.0,12000.0
2024-01-03 04:00,553.1868420899999,5000.0,8000.0,12000.0
2024-01-03 05:00,553.68363933,5000.0,8000.0,12000.0
2024-01-03 06:00,567.3472787700003,5000.0,8000.0,12000.0
2024-01-03 07:00,573.7709448600002,5000.0,8000.0,12000.0
2024-01-03 08:00,583.0184104200004,5000.0,8000.0,12000.0
2024-01-03 09:00,608.8506373200003,5000.0,8000.0,12000.0
2024-01-03 10:00,682.7360374200001,5000.0,8000.0,12000.0
2024-01-03 11:00,665.9828864100001,5000.0,8000.0,12000.0
2024-01-03 12:00,677.6164506300003,5000.0,8000.0,12000.0
2024-01-03 13:00,637.7207479200002,5000.0,8000.0,12000.0
2024-01-03 14:00,604.1939142600003,5000.0,8000.0,12000.0
2024-01-03 15:00,571.57591479,5000.0,8000.0,12000.0
2024-01-03 16:00,567.74643135,5000.0,8000.0,12000.0
2024-01-03 17:00,782.3727274200003,5000.0,8000.0,12000.0
2024-01-03 18:00,915.9324173400006,5000.0,8000.0,12000.0
2024-01-03 19:00,956.6488709100005,5000.0,8000.0,12000.0
2024-01-03 20:00,1008.6948988500005,5000.0,8000.0,12000.0
2024-01-03 21:00,857.2262451300005,5000.0,8000.0,12000.0
2024-01-03 22:00,833.7510741000004,5000.0,8000.0,12000.0
2024-01-03 23:00,543.35441385,5000.0,8000.0,12000.0
2024-01-04 00:00,542.09172213,5000.0,8000.0,12000.0
2024-01-04 01:00,551.3238552,5000.0,8000.0,12000.0
2024-01-04 02:00,552.35884899,5000.0,8000.0,12000.0
2024-01-04 03:00,554.32533519,5000.0,8000.0,12000.0
2024-01-04 04:00,556.22971932,5000.0,8000.0,12000.0
2024-01-04 05:00,556.0848207,5000.0,8000.0,12000.0
2024-01-04 06:00,566.7815167200002,5000.0,8000.0,12000.0
2024-01-04 07:00,575.6960793600002,5000.0,8000.0,12000.0
2024-01-04 08:00,592.5058324500004,5000.0,8000.0,12000.0
2024-01-04 09:00,626.5766158800002,5000.0,8000.0,12000.0
2024-01-04 10:00,643.4958940500002,5000.0,8000.0,12000.0
2024-01-04 11:00,647.2287912900002,5000.0,8000.0,12000.0
2024-01-04 12:00,667.6044174600003,5000.0,8000.0,12000.0
2024-01-04 13:00,638.5350051900002,5000.0,8000.0,12000.0
2024-01-04 14:00,633.3325376700002,5000.0,8000.0,12000.0
2024-01-04 15:00,598.7411671799999,5000.0,8000.0,12000.0
2024-01-04 16:00,579.4902051299999,5000.0,8000.0,12000.0
2024-01-04 17:00,872.3347901100003,5000.0,8000.0,12000.0
2024-01-04 18:00,868.9228139400005,5000.0,8000.0,12000.0
2024-01-04 19:00,918.1054543500005,5000.0,8000.0,12000.0
2024-01-04 20:00,956.9518595700006,5000.0,8000.0,12000.0
2024-01-04 21:00,981.3364768200006,5000.0,8000.0,12000.0
2024-01-04 22:00,757.1060817900004,5000.0,8000.0,12000.0
2024-01-04 23:00,542.27802351,5000.0,8000.0,12000.0
2024-01-05 00:00,544.90690488,5000.0,8000.0,12000.0
2024-01-05 01:00,551.4273558900001,5000.0,8000.0,12000.0
2024-01-05 02:00,554.26323381,5000.0,8000.0,12000.0
2024-01-05 03:00,551.86205037,5000.0,8000.0,12000.0
2024-01-05 04:00,552.1311510600001,5000.0,8000.0,12000.0
2024-01-05 05:00,553.99413726,5000.0,8000.0,12000.0
2024-01-05 06:00,563.4280739400002,5000.0,8000.0,12000.0
2024-01-05 07:00,569.0306786700003,5000.0,8000.0,12000.0
2024-01-05 08:00,579.9618084000005,5000.0,8000.0,12000.0
2024-01-05 09:00,622.0502690100002,5000.0,8000.0,12000.0
2024-01-05 10:00,638.0380761600002,5000.0,8000.0,12000.0
2024-01-05 11:00,675.1530160800002,5000.0,8000.0,12000.0
2024-01-05 12:00,688.7942891700002,5000.0,8000.0,12000.0
2024-01-05 13:00,667.7149209600001,5000.0,8000.0,12000.0
2024-01-05 14:00,646.6633183500003,5000.0,8000.0,12000.0
2024-01-05 15:00,589.55037477,5000.0,8000.0,12000.0
2024-01-05 16:00,593.8973713199999,5000.0,8000.0,12000.0
2024-01-05 17:00,812.2220908500003,5000.0,8000.0,12000.0
2024-01-05 18:00,911.2472538600006,5000.0,8000.0,12000.0
2024-01-05 19:00,986.5740708600006,5000.0,8000.0,12000.0
2024-01-05 20:00,877.2086692800004,5000.0,8000.0,12000.0
2024-01-05 21:00,904.3051031400005,5000.0,8000.0,12000.0
2024-01-05 22:00,837.0355403400005,5000.0,8000.0,12000.0
2024-01-05 23:00,544.6378055700001,5000.0,8000.0,12000.0
2024-01-06 00:00,543.2923152300001,5000.0,8000.0,12000.0
2024-01-06 01:00,550.5786621000001,5000.0,8000.0,12000.0
2024-01-06 02:00,553.8078372599999,5000.0,8000.0,12000.0
2024-01-06 03:00,554.1597358800001,5000.0,8000.0,12000.0
2024-01-06 04:00,553.20754209,5000.0,8000.0,12000.0
2024-01-06 05:00,554.92562967,5000.0,8000.0,12000.0
2024-01-06 06:00,560.3439471300003,5000.0,8000.0,12000.0
2024-01-06 07:00,571.5353634900002,5000.0,8000.0,12000.0
2024-01-06 08:00,584.9503117500004,5000.0,8000.0,12000.0
2024-01-06 09:00,628.8328606800002,5000.0,8000.0,12000.0
2024-01-06 10:00,650.8512650700001,5000.0,8000.0,12000.0
2024-01-06 11:00,651.2445340200001,5000.0,8000.0,12000.0
2024-01-06 12:00,617.8625775900002,5000.0,8000.0,12000.0
2024-01-06 13:00,660.1249251000003,5000.0,8000.0,12000.0
2024-01-06 14:00,650.4995886300002,5000.0,8000.0,12000.0
2024-01-06 15:00,580.33890996,5000.0,8000.0,12000.0
2024-01-06 16:00,576.5439106499999,5000.0,8000.0,12000.0
2024-01-06 17:00,860.1425135700002,5000.0,8000.0,12000.0
2024-01-06 18:00,911.8614628800005,5000.0,8000.0,12000.0
2024-01-06 19:00,1013.1803597700005,5000.0,8000.0,12000.0
2024-01-06 20:00,952.7360699700005,5000.0,8000.0,12000.0
2024-01-06 21:00,790.7864742600005,5000.0,8000.0,12000.0
2024-01-06 22:00,812.7612437400004,5000.0,8000.0,12000.0
2024-01-06 23:00,542.2987235100001,5000.0,8000.0,12000.0
2024-01-07 00:00,542.2159228200001,5000.0,8000.0,12000.0
2024-01-07 01:00,550.30956279,5000.0,8000.0,12000.0
2024-01-07 02:00,551.86205175,5000.0,8000.0,12000.0
2024-01-07 03:00,553.1454420900001,5000.0,8000.0,12000.0
2024-01-07 04:00,553.89063726,5000.0,8000.0,12000.0
2024-01-07 05:00,553.00054347,5000.0,8000.0,12000.0
2024-01-07 06:00,567.6853877400002,5000.0,8000.0,12000.0
2024-01-07 07:00,575.9651655600003,5000.0,8000.0,12000.0
2024-01-07 08:00,589.1249180100003,5000.0,8000.0,12000.0
2024-01-07 09:00,609.9615345600002,5000.0,8000.0,12000.0
2024-01-07 10:00,650.6236823700002,5000.0,8000.0,12000.0
2024-01-07 11:00,619.3874962200002,5000.0,8000.0,12000.0
2024-01-07 12:00,656.9371257900002,5000.0,8000.0,12000.0
2024-01-07 13:00,637.7413099200002,5000.0,8000.0,12000.0
2024-01-07 14:00,624.0450838500002,5000.0,8000.0,12000.0
2024-01-07 15:00,602.17735407,5000.0,8000.0,12000.0
2024-01-07 16:00,604.3232457899999,5000.0,8000.0,12000.0
2024-01-07 17:00,782.5866115500004,5000.0,8000.0,12000.0
2024-01-07 18:00,1022.3095924500007,5000.0,8000.0,12000.0
2024-01-07 19:00,833.6565303000004,5000.0,8000.0,12000.0
2024-01-07 20:00,1036.7983476900006,5000.0,8000.0,12000.0
2024-01-07 21:00,888.9318465600006,5000.0,8000.0,12000.0
2024-01-07 22:00,819.4749451200005,5000.0,8000.0,12000.0
2024-01-07 23:00,542.05032627,5000.0,8000.0,12000.0
2024-01-08 00:00,544.20310902,5000.0,8000.0,12000.0
2024-01-08 01:00,551.9862517500001,5000.0,8000.0,12000.0
2024-01-08 02:00,551.46875451,5000.0,8000.0,12000.0
2024-01-08 03:00,554.42883381,5000.0,8000.0,12000.0
2024-01-08 04:00,554.94632967,5000.0,8000.0,12000.0
2024-01-08 05:00,554.63583105,5000.0,8000.0,12000.0
2024-01-08 06:00,561.9376739400002,5000.0,8000.0,12000.0
2024-01-08 07:00,570.2658104100003,5000.0,8000.0,12000.0
2024-01-08 08:00,577.0499849400004,5000.0,8000.0,12000.0
2024-01-08 09:00,609.6923621100002,5000.0,8000.0,12000.0
2024-01-08 10:00,642.4197245100003,5000.0,8000.0,12000.0
2024-01-08 11:00,647.4428258400002,5000.0,8000.0,12000.0
2024-01-08 12:00,659.6350665000002,5000.0,8000.0,12000.0
2024-01-08 13:00,655.3916003100002,5000.0,8000.0,12000.0
2024-01-08 14:00,625.3285500900002,5000.0,8000.0,12000.0
2024-01-08 15:00,592.3586720099999,5000.0,8000.0,12000.0
2024-01-08 16:00,581.2634996099999,5000.0,8000.0,12000.0
2024-01-08 17:00,766.3854377700003,5000.0,8000.0,12000.0
2024-01-08 18:00,947.5480758900005,5000.0,8000.0,12000.0
2024-01-08 19:00,1040.6976046200004,5000.0,8000.0,12000.0
2024-01-08 20:00,983.6407801200005,5000.0,8000.0,12000.0
2024-01-08 21:00,875.8423830300005,5000.0,8000.0,12000.0
2024-01-08 22:00,753.7525824300005,5000.0,8000.0,12000.0
2024-01-08 23:00,542.77482006,5000.0,8000.0,12000.0
2024-01-09 00:00,542.58852075,5000.0,8000.0,12000.0
2024-01-09 01:00,550.04046693,5000.0,8000.0,12000.0
2024-01-09 02:00,551.92415175,5000.0,8000.0,12000.0
2024-01-09 03:00,552.6693448499999,5000.0,8000.0,12000.0
2024-01-09 04:00,554.90492967,5000.0,8000.0,12000.0
2024-01-09 05:00,555.2361275999999,5000.0,8000.0,12000.0
2024-01-09 06:00,564.7735953300003,5000.0,8000.0,12000.0
2024-01-09 07:00,569.8103717700002,5000.0,8000.0,12000.0
2024-01-09 08:00,590.1045641400003,5000.0,8000.0,12000.0
2024-01-09 09:00,618.4000793100001,5000.0,8000.0,12000.0
2024-01-09 10:00,649.7749478700002,5000.0,8000.0,12000.0
2024-01-09 11:00,671.0337443700002,5000.0,8000.0,12000.0
2024-01-09 12:00,639.3836327400002,5000.0,8000.0,12000.0
2024-01-09 13:00,660.8287464900002,5000.0,8000.0,12000.0
2024-01-09 14:00,661.4706196800001,5000.0,8000.0,12000.0
2024-01-09 15:00,586.40398719,5000.0,8000.0,12000.0
2024-01-09 16:00,561.1017368699999,5000.0,8000.0,12000.0
2024-01-09 17:00,844.9625342700002,5000.0,8000.0,12000.0
2024-01-09 18:00,980.4612856500005,5000.0,8000.0,12000.0
2024-01-09 19:00,994.0606398600005,5000.0,8000.0,12000.0
2024-01-09 20:00,929.6484615900006,5000.0,8000.0,12000.0
2024-01-09 21:00,855.5221059000006,5000.0,8000.0,12000.0
2024-01-09 22:00,738.1655535000004,5000.0,8000.0,12000.0
2024-01-09 23:00,543.45791592,5000.0,8000.0,12000.0
2024-01-10 00:00,541.49142903,5000.0,8000.0,12000.0
2024-01-10 01:00,551.40665451,5000.0,8000.0,12000.0
2024-01-10 02:00,552.23464968,5000.0,8000.0,12000.0
2024-01-10 03:00,551.98624968,5000.0,8000.0,12000.0
2024-01-10 04:00,553.16614209,5000.0,8000.0,12000.0
2024-01-10 05:00,553.3317407100001,5000.0,8000.0,12000.0
2024-01-10 06:00,563.0693781300002,5000.0,8000.0,12000.0
2024-01-10 07:00,566.9125884300003,5000.0,8000.0,12000.0
2024-01-10 08:00,589.1455083000003,5000.0,8000.0,12000.0
2024-01-10 09:00,633.5317192800002,5000.0,8000.0,12000.0
2024-01-10 10:00,673.8212408700001,5000.0,8000.0,12000.0
2024-01-10 11:00,663.0711912900002,5000.0,8000.0,12000.0
2024-01-10 12:00,710.9089768500002,5000.0,8000.0,12000.0
2024-01-10 13:00,666.8110395900002,5000.0,8000.0,12000.0
2024-01-10 14:00,615.9721004100003,5000.0,8000.0,12000.0
2024-01-10 15:00,592.4345795999999,5000.0,8000.0,12000.0
2024-01-10 16:00,570.6582182399999,5000.0,8000.0,12000.0
2024-01-10 17:00,784.4703108600003,5000.0,8000.0,12000.0
2024-01-10 18:00,896.1226056600004,5000.0,8000.0,12000.0
2024-01-10 19:00,855.0944880600003,5000.0,8000.0,12000.0
2024-01-10 20:00,1018.1340505500006,5000.0,8000.0,12000.0
2024-01-10 21:00,962.3616389700005,5000.0,8000.0,12000.0
2024-01-10 22:00,782.0150466000006,5000.0,8000.0,12000.0
2024-01-10 23:00,543.10601661,5000.0,8000.0,12000.0
2024-01-11 00:00,542.34012282,5000.0,8000.0,12000.0
2024-01-11 01:00,551.7792524399999,5000.0,8000.0,12000.0
2024-01-11 02:00,552.6486455400001,5000.0,8000.0,12000.0
2024-01-11 03:00,552.4002489899999,5000.0,8000.0,12000.0
2024-01-11 04:00,553.31104209,5000.0,8000.0,12000.0
2024-01-11 05:00,555.2775276,5000.0,8000.0,12000.0
2024-01-11 06:00,565.5809567400003,5000.0,8000.0,12000.0
2024-01-11 07:00,572.8119193800002,5000.0,8000.0,12000.0
2024-01-11 08:00,580.0376049000004,5000.0,8000.0,12000.0
2024-01-11 09:00,591.4351484100002,5000.0,8000.0,12000.0
2024-01-11 10:00,615.3095713800002,5000.0,8000.0,12000.0
2024-01-11 11:00,682.9087527000003,5000.0,8000.0,12000.0
2024-01-11 12:00,667.1075553600001,5000.0,8000.0,12000.0
2024-01-11 13:00,670.4818106100003,5000.0,8000.0,12000.0
2024-01-11 14:00,626.0668604400001,5000.0,8000.0,12000.0
2024-01-11 15:00,576.62670513,5000.0,8000.0,12000.0
2024-01-11 16:00,589.46067822,5000.0,8000.0,12000.0
2024-01-11 17:00,791.1288046500001,5000.0,8000.0,12000.0
2024-01-11 18:00,919.0650621900005,5000.0,8000.0,12000.0
2024-01-11 19:00,997.3930335000005,5000.0,8000.0,12000.0
2024-01-11 20:00,971.8419360600005,5000.0,8000.0,12000.0
2024-01-11 21:00,848.4151700700005,5000.0,8000.0,12000.0
2024-01-11 22:00,834.3029561100005,5000.0,8000.0,12000.0
2024-01-11 23:00,545.36229867,5000.0,8000.0,12000.0
2024-01-12 00:00,542.62992006,5000.0,8000.0,12000.0
2024-01-12 01:00,549.12967176,5000.0,8000.0,12000.0
2024-01-12 02:00,553.6422386400001,5000.0,8000.0,12000.0
2024-01-12 03:00,553.6008400200001,5000.0,8000.0,12000.0
2024-01-12 04:00,553.0626448500001,5000.0,8000.0,12000.0
2024-01-12 05:00,554.69793105,5000.0,8000.0,12000.0
2024-01-12 06:00,564.4010739900002,5000.0,8000.0,12000.0
2024-01-12 07:00,574.0608131700003,5000.0,8000.0,12000.0
2024-01-12 08:00,581.7970876500004,5000.0,8000.0,12000.0
2024-01-12 09:00,602.8338131700002,5000.0,8000.0,12000.0
2024-01-12 10:00,638.9764554600002,5000.0,8000.0,12000.0
2024-01-12 11:00,667.5698519100001,5000.0,8000.0,12000.0
2024-01-12 12:00,668.91531465,5000.0,8000.0,12000.0
2024-01-12 13:00,649.6300768500003,5000.0,8000.0,12000.0
2024-01-12 14:00,602.1170632500002,5000.0,8000.0,12000.0
2024-01-12 15:00,607.1729382,5000.0,8000.0,12000.0
2024-01-12 16:00,590.04029064,5000.0,8000.0,12000.0
2024-01-12 17:00,786.5403219000002,5000.0,8000.0,12000.0
2024-01-12 18:00,933.3412546500006,5000.0,8000.0,12000.0
2024-01-12 19:00,964.9563853500005,5000.0,8000.0,12000.0
2024-01-12 20:00,984.2481809100005,5000.0,8000.0,12000.0
2024-01-12 21:00,898.6884279300006,5000.0,8000.0,12000.0
2024-01-12 22:00,774.9561409800004,5000.0,8000.0,12000.0
2024-01-12 23:00,541.51212696,5000.0,8000.0,12000.0
2024-01-13 00:00,540.91183386,5000.0,8000.0,12000.0
2024-01-13 01:00,550.82706003,5000.0,8000.0,12000.0
2024-01-13 02:00,549.626469,5000.0,8000.0,12000.0
2024-01-13 03:00,551.98624968,5000.0,8000.0,12000.0
2024-01-13 04:00,554.40813381,5000.0,8000.0,12000.0
2024-01-13 05:00,553.62153933,5000.0,8000.0,12000.0
2024-01-13 06:00,563.3454360900002,5000.0,8000.0,12000.0
2024-01-13 07:00,566.3191987800002,5000.0,8000.0,12000.0
2024-01-13 08:00,582.8459269800004,5000.0,8000.0,12000.0
2024-01-13 09:00,604.1448352500003,5000.0,8000.0,12000.0
2024-01-13 10:00,648.6363926700001,5000.0,8000.0,12000.0
2024-01-13 11:00,678.8376492000002,5000.0,8000.0,12000.0
2024-01-13 12:00,649.2298616700002,5000.0,8000.0,12000.0
2024-01-13 13:00,658.7311713300002,5000.0,8000.0,12000.0
2024-01-13 14:00,641.8884590100002,5000.0,8000.0,12000.0
2024-01-13 15:00,586.0934837399999,5000.0,8000.0,12000.0
2024-01-13 16:00,578.4965947799999,5000.0,8000.0,12000.0
2024-01-13 17:00,839.9255446200003,5000.0,8000.0,12000.0
2024-01-13 18:00,896.9091725400006,5000.0,8000.0,12000.0
2024-01-13 19:00,896.1772350300005,5000.0,8000.0,12000.0
2024-01-13 20:00,1041.3727861933337,5000.0,8000.0,12000.0
2024-01-13 21:00,889.1042596200006,5000.0,8000.0,12000.0
2024-01-13 22:00,779.6966562600005,5000.0,8000.0,12000.0
2024-01-13 23:00,543.70631454,5000.0,8000.0,12000.0
2024-01-14 00:00,542.96111592,5000.0,8000.0,12000.0
2024-01-14 01:00,550.84775934,5000.0,8000.0,12000.0
2024-01-14 02:00,551.4894552000001,5000.0,8000.0,12000.0
2024-01-14 03:00,552.56584761,5000.0,8000.0,12000.0
2024-01-14 04:00,555.2154269099999,5000.0,8000.0,12000.0
2024-01-14 05:00,553.84923795,5000.0,8000.0,12000.0
2024-01-14 06:00,565.5602374200002,5000.0,8000.0,12000.0
2024-01-14 07:00,577.0966517100002,5000.0,8000.0,12000.0
2024-01-14 08:00,579.2026434900004,5000.0,8000.0,12000.0
2024-01-14 09:00,611.1965552100003,5000.0,8000.0,12000.0
2024-01-14 10:00,652.46586162,5000.0,8000.0,12000.0
2024-01-14 11:00,669.8607229800001,5000.0,8000.0,12000.0
2024-01-14 12:00,675.6152174100001,5000.0,8000.0,12000.0
2024-01-14 13:00,652.5143348100003,5000.0,8000.0,12000.0
2024-01-14 14:00,628.9785431400002,5000.0,8000.0,12000.0
2024-01-14 15:00,627.56240991,5000.0,8000.0,12000.0
2024-01-14 16:00,602.94325407,5000.0,8000.0,12000.0
2024-01-14 17:00,872.2382163300002,5000.0,8000.0,12000.0
2024-01-14 18:00,1003.1896558800005,5000.0,8000.0,12000.0
2024-01-14 19:00,889.3119958500006,5000.0,8000.0,12000.0
2024-01-14 20:00,835.1809072800006,5000.0,8000.0,12000.0
2024-01-14 21:00,886.7308528200005,5000.0,8000.0,12000.0
2024-01-14 22:00,771.1820314200005,5000.0,8000.0,12000.0
2024-01-14 23:00,541.28442972,5000.0,8000.0,12000.0
2024-01-15 00:00,540.22873731,5000.0,8000.0,12000.0
2024-01-15 01:00,549.626469,5000.0,8000.0,12000.0
2024-01-15 02:00,552.06905037,5000.0,8000.0,12000.0
2024-01-15 03:00,554.11833519,5000.0,8000.0,12000.0
2024-01-15 04:00,554.71863174,5000.0,8000.0,12000.0
2024-01-15 05:00,555.1533289800001,5000.0,8000.0,12000.0
2024-01-15 06:00,563.9939408700003,5000.0,8000.0,12000.0
2024-01-15 07:00,566.4295815300003,5000.0,8000.0,12000.0
2024-01-15 08:00,578.9819476800004,5000.0,8000.0,12000.0
2024-01-15 09:00,626.7835772400001,5000.0,8000.0,12000.0
2024-01-15 10:00,636.6580251000001,5000.0,8000.0,12000.0
2024-01-15 11:00,618.9527651700002,5000.0,8000.0,12000.0
2024-01-15 12:00,654.1565713800003,5000.0,8000.0,12000.0
2024-01-15 13:00,646.0353148500002,5000.0,8000.0,12000.0
2024-01-15 14:00,635.1196563000002,5000.0,8000.0,12000.0
2024-01-15 15:00,602.9294471699999,5000.0,8000.0,12000.0
2024-01-15 16:00,578.88299892,5000.0,8000.0,12000.0
2024-01-15 17:00,678.9970440300002,5000.0,8000.0,12000.0
2024-01-15 18:00,999.6085448400005,5000.0,8000.0,12000.0
2024-01-15 19:00,1021.5843858900005,5000.0,8000.0,12000.0
2024-01-15 20:00,985.6831000800005,5000.0,8000.0,12000.0
2024-01-15 21:00,896.5286817000004,5000.0,8000.0,12000.0
2024-01-15 22:00,831.9502017000005,5000.0,8000.0,12000.0
2024-01-15 23:00,541.71912696,5000.0,8000.0,12000.0
2024-01-16 00:00,540.20803593,5000.0,8000.0,12000.0
2024-01-16 01:00,550.74426141,5000.0,8000.0,12000.0
2024-01-16 02:00,552.1104503700001,5000.0,8000.0,12000.0
2024-01-16 03:00,552.91774347,5000.0,8000.0,12000.0
2024-01-16 04:00,554.9256289799999,5000.0,8000.0,12000.0
2024-01-16 05:00,555.15332829,5000.0,8000.0,12000.0
2024-01-16 06:00,560.3853036600002,5000.0,8000.0,12000.0
2024-01-16 07:00,573.4397158800002,5000.0,8000.0,12000.0
2024-01-16 08:00,578.2849628100005,5000.0,8000.0,12000.0
2024-01-16 09:00,596.5135339200002,5000.0,8000.0,12000.0
2024-01-16 10:00,650.5270320000002,5000.0,8000.0,12000.0
2024-01-16 11:00,620.2776914400002,5000.0,8000.0,12000.0
2024-01-16 12:00,641.2121755200002,5000.0,8000.0,12000.0
2024-01-16 13:00,633.0702534900003,5000.0,8000.0,12000.0
2024-01-16 14:00,630.4275348600003,5000.0,8000.0,12000.0
2024-01-16 15:00,581.09789547,5000.0,8000.0,12000.0
2024-01-16 16:00,607.39374372,5000.0,8000.0,12000.0
2024-01-16 17:00,813.6986777400002,5000.0,8000.0,12000.0
2024-01-16 18:00,917.3055173400005,5000.0,8000.0,12000.0
2024-01-16 19:00,1012.9319397600005,5000.0,8000.0,12000.0
2024-01-16 20:00,923.5484386200005,5000.0,8000.0,12000.0
2024-01-16 21:00,1038.3373305900006,5000.0,8000.0,12000.0
2024-01-16 22:00,737.6963514300005,5000.0,8000.0,12000.0
2024-01-16 23:00,542.9197173,5000.0,8000.0,12000.0
2024-01-17 00:00,542.54712144,5000.0,8000.0,12000.0
2024-01-17 01:00,551.22035727,5000.0,8000.0,12000.0
2024-01-17 02:00,552.31744968,5000.0,8000.0,12000.0
2024-01-17 03:00,553.1661427800001,5000.0,8000.0,12000.0
2024-01-17 04:00,552.71074692,5000.0,8000.0,12000.0
2024-01-17 05:00,553.89063657,5000.0,8000.0,12000.0
2024-01-17 06:00,570.4108249500002,5000.0,8000.0,12000.0
2024-01-17 07:00,577.1863855200003,5000.0,8000.0,12000.0
2024-01-17 08:00,579.8374773000004,5000.0,8000.0,12000.0
2024-01-17 09:00,600.9501842400002,5000.0,8000.0,12000.0
2024-01-17 10:00,638.0656044000002,5000.0,8000.0,12000.0
2024-01-17 11:00,637.3480326900002,5000.0,8000.0,12000.0
2024-01-17 12:00,633.3667892700001,5000.0,8000.0,12000.0
2024-01-17 13:00,643.2820533900001,5000.0,8000.0,12000.0
2024-01-17 14:00,627.4468776900002,5000.0,8000.0,12000.0
2024-01-17 15:00,598.3409664899999,5000.0,8000.0,12000.0
2024-01-17 16:00,593.0555740799999,5000.0,8000.0,12000.0
2024-01-17 17:00,789.6314736000003,5000.0,8000.0,12000.0
2024-01-17 18:00,924.4056270000004,5000.0,8000.0,12000.0
2024-01-17 19:00,1040.4008411400005,5000.0,8000.0,12000.0
2024-01-17 20:00,987.6015581400005,5000.0,8000.0,12000.0
2024-01-17 21:00,876.5394624300005,5000.0,8000.0,12000.0
2024-01-17 22:00,775.5290486700004,5000.0,8000.0,12000.0
2024-01-17 23:00,541.45002834,5000.0,8000.0,12000.0
2024-01-18 00:00,540.33223593,5000.0,8000.0,12000.0
2024-01-18 01:00,547.99118418,5000.0,8000.0,12000.0
2024-01-18 02:00,552.2760489899999,5000.0,8000.0,12000.0
2024-01-18 03:00,554.2218345,5000.0,8000.0,12000.0
2024-01-18 04:00,554.28393381,5000.0,8000.0,12000.0
2024-01-18 05:00,554.13903657,5000.0,8000.0,12000.0
2024-01-18 06:00,566.9126256900003,5000.0,8000.0,12000.0
2024-01-18 07:00,570.9489635400002,5000.0,8000.0,12000.0
2024-01-18 08:00,580.2791973600004,5000.0,8000.0,12000.0
2024-01-18 09:00,605.8836407700002,5000.0,8000.0,12000.0
2024-01-18 10:00,661.1253685200002,5000.0,8000.0,12000.0
2024-01-18 11:00,669.3226485600002,5000.0,8000.0,12000.0
2024-01-18 12:00,682.4877278100001,5000.0,8000.0,12000.0
2024-01-18 13:00,687.8489884800001,5000.0,8000.0,12000.0
2024-01-18 14:00,648.2364624600002,5000.0,8000.0,12000.0
2024-01-18 15:00,589.48138167,5000.0,8000.0,12000.0
2024-01-18 16:00,573.1008175499999,5000.0,8000.0,12000.0
2024-01-18 17:00,697.7581412700002,5000.0,8000.0,12000.0
2024-01-18 18:00,841.0262367600005,5000.0,8000.0,12000.0
2024-01-18 19:00,947.2028854500004,5000.0,8000.0,12000.0
2024-01-18 20:00,964.4589139800005,5000.0,8000.0,12000.0
2024-01-18 21:00,949.2306567600006,5000.0,8000.0,12000.0
2024-01-18 22:00,893.9465085000005,5000.0,8000.0,12000.0
2024-01-18 23:00,541.73982489,5000.0,8000.0,12000.0
2024-01-19 00:00,542.25732213,5000.0,8000.0,12000.0
2024-01-19 01:00,551.63435313,5000.0,8000.0,12000.0
2024-01-19 02:00,551.82065244,5000.0,8000.0,12000.0
2024-01-19 03:00,552.97984278,5000.0,8000.0,12000.0
2024-01-19 04:00,555.09122898,5000.0,8000.0,12000.0
2024-01-19 05:00,553.6836386399999,5000.0,8000.0,12000.0
2024-01-19 06:00,565.8086339700003,5000.0,8000.0,12000.0
2024-01-19 07:00,571.8045387000002,5000.0,8000.0,12000.0
2024-01-19 08:00,583.8740256000003,5000.0,8000.0,12000.0
2024-01-19 09:00,621.6568737900002,5000.0,8000.0,12000.0
2024-01-19 10:00,640.5909933600001,5000.0,8000.0,12000.0
2024-01-19 11:00,620.6777610300002,5000.0,8000.0,12000.0
2024-01-19 12:00,646.8562954800002,5000.0,8000.0,12000.0
2024-01-19 13:00,660.7185017400002,5000.0,8000.0,12000.0
2024-01-19 14:00,645.1660135200002,5000.0,8000.0,12000.0
2024-01-19 15:00,595.31876787,5000.0,8000.0,12000.0
2024-01-19 16:00,599.1413582099999,5000.0,8000.0,12000.0
2024-01-19 17:00,820.1432625600002,5000.0,8000.0,12000.0
2024-01-19 18:00,950.2046952600006,5000.0,8000.0,12000.0
2024-01-19 19:00,1048.1425121133336,5000.0,8000.0,12000.0
2024-01-19 20:00,895.8591188100006,5000.0,8000.0,12000.0
2024-01-19 21:00,840.8457962400006,5000.0,8000.0,12000.0
2024-01-19 22:00,803.7085230900004,5000.0,8000.0,12000.0
2024-01-19 23:00,538.2622545600001,5000.0,8000.0,12000.0
2024-01-20 00:00,542.11242351,5000.0,8000.0,12000.0
2024-01-20 01:00,552.1725496800001,5000.0,8000.0,12000.0
2024-01-20 02:00,551.6964524399999,5000.0,8000.0,12000.0
2024-01-20 03:00,553.86993726,5000.0,8000.0,12000.0
2024-01-20 04:00,553.72503864,5000.0,8000.0,12000.0
2024-01-20 05:00,555.2568276,5000.0,8000.0,12000.0
2024-01-20 06:00,568.8375676800002,5000.0,8000.0,12000.0
2024-01-20 07:00,572.7151696500002,5000.0,8000.0,12000.0
2024-01-20 08:00,592.3608482700004,5000.0,8000.0,12000.0
2024-01-20 09:00,628.0048054800002,5000.0,8000.0,12000.0
2024-01-20 10:00,638.4933995700001,5000.0,8000.0,12000.0
2024-01-20 11:00,665.4171685200001,5000.0,8000.0,12000.0
2024-01-20 12:00,650.2372713300002,5000.0,8000.0,12000.0
2024-01-20 13:00,639.8527644300001,5000.0,8000.0,12000.0
2024-01-20 14:00,614.9372273700003,5000.0,8000.0,12000.0
2024-01-20 15:00,609.9191368200001,5000.0,8000.0,12000.0
2024-01-20 16:00,594.81506787,5000.0,8000.0,12000.0
2024-01-20 17:00,827.0984411700002,5000.0,8000.0,12000.0
2024-01-20 18:00,979.3364793900005,5000.0,8000.0,12000.0
2024-01-20 19:00,928.9109695800005,5000.0,8000.0,12000.0
2024-01-20 20:00,850.4506217700006,5000.0,8000.0,12000.0
2024-01-20 21:00,920.8581858900005,5000.0,8000.0,12000.0
2024-01-20 22:00,819.2266769100005,5000.0,8000.0,12000.0
2024-01-20 23:00,541.07743317,5000.0,8000.0,12000.0
2024-01-21 00:00,544.18240902,5000.0,8000.0,12000.0
2024-01-21 01:00,552.46234761,5000.0,8000.0,12000.0
2024-01-21 02:00,553.58014071,5000.0,8000.0,12000.0
2024-01-21 03:00,553.45594071,5000.0,8000.0,12000.0
2024-01-21 04:00,552.23464899,5000.0,8000.0,12000.0
2024-01-21 05:00,552.08975106,5000.0,8000.0,12000.0
2024-01-21 06:00,560.6820243600002,5000.0,8000.0,12000.0
2024-01-21 07:00,574.3920338700002,5000.0,8000.0,12000.0
2024-01-21 08:00,583.6393545300003,5000.0,8000.0,12000.0
2024-01-21 09:00,602.8201104600001,5000.0,8000.0,12000.0
2024-01-21 10:00,649.1952961200002,5000.0,8000.0,12000.0
2024-01-21 11:00,684.8681871000002,5000.0,8000.0,12000.0
2024-01-21 12:00,663.7473754200001,5000.0,8000.0,12000.0
2024-01-21 13:00,665.5483354500001,5000.0,8000.0,12000.0
2024-01-21 14:00,624.0174824700002,5000.0,8000.0,12000.0
2024-01-21 15:00,595.5740644199999,5000.0,8000.0,12000.0
2024-01-21 16:00,563.77203342,5000.0,8000.0,12000.0
2024-01-21 17:00,831.4661667000003,5000.0,8000.0,12000.0
2024-01-21 18:00,1003.9212263100005,5000.0,8000.0,12000.0
2024-01-21 19:00,891.0920958000005,5000.0,8000.0,12000.0
2024-01-21 20:00,990.3198538500006,5000.0,8000.0,12000.0
2024-01-21 21:00,864.5471334000006,5000.0,8000.0,12000.0
2024-01-21 22:00,737.0547273300004,5000.0,8000.0,12000.0
2024-01-21 23:00,541.84332489,5000.0,8000.0,12000.0
2024-01-22 00:00,540.9946324800001,5000.0,8000.0,12000.0
2024-01-22 01:00,549.85416624,5000.0,8000.0,12000.0
2024-01-22 02:00,553.02124278,5000.0,8000.0,12000.0
2024-01-22 03:00,552.79354416,5000.0,8000.0,12000.0
2024-01-22 04:00,555.2361275999999,5000.0,8000.0,12000.0
2024-01-22 05:00,554.2425344999999,5000.0,8000.0,12000.0
2024-01-22 06:00,562.2414029700002,5000.0,8000.0,12000.0
2024-01-22 07:00,571.0109717700002,5000.0,8000.0,12000.0
2024-01-22 08:00,583.1771345700004,5000.0,8000.0,12000.0
2024-01-22 09:00,619.5248586600003,5000.0,8000.0,12000.0
2024-01-22 10:00,642.8819665500001,5000.0,8000.0,12000.0
2024-01-22 11:00,647.1598809900001,5000.0,8000.0,12000.0
2024-01-22 12:00,689.5808581200001,5000.0,8000.0,12000.0
2024-01-22 13:00,658.3861575300002,5000.0,8000.0,12000.0
2024-01-22 14:00,641.3916272700002,5000.0,8000.0,12000.0
2024-01-22 15:00,587.92887822,5000.0,8000.0,12000.0
2024-01-22 16:00,597.0299623499999,5000.0,8000.0,12000.0
2024-01-22 17:00,798.3944922300002,5000.0,8000.0,12000.0
2024-01-22 18:00,907.9285305000006,5000.0,8000.0,12000.0
2024-01-22 19:00,933.8577907200004,5000.0,8000.0,12000.0
2024-01-22 20:00,955.0403580900004,5000.0,8000.0,12000.0
2024-01-22 21:00,938.7638038800004,5000.0,8000.0,12000.0
2024-01-22 22:00,797.9885190000005,5000.0,8000.0,12000.0
2024-01-22 23:00,542.62992282,5000.0,8000.0,12000.0
2024-01-23 00:00,544.41010695,5000.0,8000.0,12000.0
2024-01-23 01:00,550.16466624,5000.0,8000.0,12000.0
2024-01-23 02:00,551.7378538199999,5000.0,8000.0,12000.0
2024-01-23 03:00,552.3381483,5000.0,8000.0,12000.0
2024-01-23 04:00,554.13903657,5000.0,8000.0,12000.0
2024-01-23 05:00,554.4288324299999,5000.0,8000.0,12000.0
2024-01-23 06:00,565.3876132200003,5000.0,8000.0,12000.0
2024-01-23 07:00,567.9680724600003,5000.0,8000.0,12000.0
2024-01-23 08:00,574.2555104700004,5000.0,8000.0,12000.0
2024-01-23 09:00,598.1074263300002,5000.0,8000.0,12000.0
2024-01-23 10:00,651.0996678300002,5000.0,8000.0,12000.0
2024-01-23 11:00,689.3600194800001,5000.0,8000.0,12000.0
2024-01-23 12:00,677.6507933100002,5000.0,8000.0,12000.0
2024-01-23 13:00,664.3753092300001,5000.0,8000.0,12000.0
2024-01-23 14:00,609.0445604400003,5000.0,8000.0,12000.0
2024-01-23 15:00,590.46118374,5000.0,8000.0,12000.0
2024-01-23 16:00,616.10843475,5000.0,8000.0,12000.0
2024-01-23 17:00,781.3860308700002,5000.0,8000.0,12000.0
2024-01-23 18:00,856.5442794900006,5000.0,8000.0,12000.0
2024-01-23 19:00,969.0067267500004,5000.0,8000.0,12000.0
2024-01-23 20:00,968.9716554300006,5000.0,8000.0,12000.0
2024-01-23 21:00,863.5122858900005,5000.0,8000.0,12000.0
2024-01-23 22:00,843.2730568500006,5000.0,8000.0,12000.0
2024-01-23 23:00,546.33519315,5000.0,8000.0,12000.0
2024-01-24 00:00,543.83051316,5000.0,8000.0,12000.0
2024-01-24 01:00,549.33667107,5000.0,8000.0,12000.0
2024-01-24 02:00,551.03405865,5000.0,8000.0,12000.0
2024-01-24 03:00,551.28245658,5000.0,8000.0,12000.0
2024-01-24 04:00,553.70433864,5000.0,8000.0,12000.0
2024-01-24 05:00,554.2218338099999,5000.0,8000.0,12000.0
2024-01-24 06:00,568.0303208100001,5000.0,8000.0,12000.0
2024-01-24 07:00,573.7639358400003,5000.0,8000.0,12000.0
2024-01-24 08:00,584.6536214100004,5000.0,8000.0,12000.0
2024-01-24 09:00,604.9038600900002,5000.0,8000.0,12000.0
2024-01-24 10:00,658.6207761600001,5000.0,8000.0,12000.0
2024-01-24 11:00,670.4818340700002,5000.0,8000.0,12000.0
2024-01-24 12:00,620.5328879400003,5000.0,8000.0,12000.0
2024-01-24 13:00,663.2989182000002,5000.0,8000.0,12000.0
2024-01-24 14:00,628.7783341200001,5000.0,8000.0,12000.0
2024-01-24 15:00,596.63667546,5000.0,8000.0,12000.0
2024-01-24 16:00,578.9451044399999,5000.0,8000.0,12000.0
2024-01-24 17:00,854.2154184000002,5000.0,8000.0,12000.0
2024-01-24 18:00,905.0441655900005,5000.0,8000.0,12000.0
2024-01-24 19:00,941.8068922500005,5000.0,8000.0,12000.0
2024-01-24 20:00,900.0821603100005,5000.0,8000.0,12000.0
2024-01-24 21:00,925.3569714000006,5000.0,8000.0,12000.0
2024-01-24 22:00,838.6295072700005,5000.0,8000.0,12000.0
2024-01-24 23:00,544.28590833,5000.0,8000.0,12000.0
2024-01-25 00:00,543.23021592,5000.0,8000.0,12000.0
2024-01-25 01:00,550.12326693,5000.0,8000.0,12000.0
2024-01-25 02:00,552.23464968,5000.0,8000.0,12000.0
2024-01-25 03:00,553.5801393300001,5000.0,8000.0,12000.0
2024-01-25 04:00,554.49093243,5000.0,8000.0,12000.0
2024-01-25 05:00,554.2011345,5000.0,8000.0,12000.0
2024-01-25 06:00,568.6513304700003,5000.0,8000.0,12000.0
2024-01-25 07:00,573.0119400300002,5000.0,8000.0,12000.0
2024-01-25 08:00,582.0661400400004,5000.0,8000.0,12000.0
2024-01-25 09:00,602.0127621600002,5000.0,8000.0,12000.0
2024-01-25 10:00,624.9556885800001,5000.0,8000.0,12000.0
2024-01-25 11:00,641.3225396400002,5000.0,8000.0,12000.0
2024-01-25 12:00,655.2189871500001,5000.0,8000.0,12000.0
2024-01-25 13:00,652.8385906500002,5000.0,8000.0,12000.0
2024-01-25 14:00,644.1862894200002,5000.0,8000.0,12000.0
2024-01-25 15:00,582.9953920199999,5000.0,8000.0,12000.0
2024-01-25 16:00,592.87617339,5000.0,8000.0,12000.0
2024-01-25 17:00,781.6481887800002,5000.0,8000.0,12000.0
2024-01-25 18:00,898.1580787500005,5000.0,8000.0,12000.0
2024-01-25 19:00,1086.1683444900004,5000.0,8000.0,12000.0
2024-01-25 20:00,965.3420808600005,5000.0,8000.0,12000.0
2024-01-25 21:00,882.1837335000005,5000.0,8000.0,12000.0
2024-01-25 22:00,773.5832424600005,5000.0,8000.0,12000.0
2024-01-25 23:00,542.2987228200001,5000.0,8000.0,12000.0
2024-01-26 00:00,538.65555042,5000.0,8000.0,12000.0
2024-01-26 01:00,549.9369662400001,5000.0,8000.0,12000.0
2024-01-26 02:00,553.37314071,5000.0,8000.0,12000.0
2024-01-26 03:00,553.8078365700001,5000.0,8000.0,12000.0
2024-01-26 04:00,554.3046338099999,5000.0,8000.0,12000.0
2024-01-26 05:00,555.2982276,5000.0,8000.0,12000.0
2024-01-26 06:00,568.6031305200003,5000.0,8000.0,12000.0
2024-01-26 07:00,576.1651013400002,5000.0,8000.0,12000.0
2024-01-26 08:00,581.9351069700004,5000.0,8000.0,12000.0
2024-01-26 09:00,605.5110504300003,5000.0,8000.0,12000.0
2024-01-26 10:00,663.5678829600001,5000.0,8000.0,12000.0
2024-01-26 11:00,718.4780933100002,5000.0,8000.0,12000.0
2024-01-26 12:00,630.8207955300002,5000.0,8000.0,12000.0
2024-01-26 13:00,637.3274644800002,5000.0,8000.0,12000.0
2024-01-26 14:00,627.0396279600002,5000.0,8000.0,12000.0
2024-01-26 15:00,577.2822030599999,5000.0,8000.0,12000.0
2024-01-26 16:00,603.1571457900001,5000.0,8000.0,12000.0
2024-01-26 17:00,844.1138315100002,5000.0,8000.0,12000.0
2024-01-26 18:00,858.4764023100005,5000.0,8000.0,12000.0
2024-01-26 19:00,888.9184881600005,5000.0,8000.0,12000.0
2024-01-26 20:00,964.2863567100005,5000.0,8000.0,12000.0
2024-01-26 21:00,940.1712265500006,5000.0,8000.0,12000.0
2024-01-26 22:00,851.2563727200005,5000.0,8000.0,12000.0
2024-01-26 23:00,541.30512834,5000.0,8000.0,12000.0
2024-01-27 00:00,543.97540902,5000.0,8000.0,12000.0
2024-01-27 01:00,551.46875589,5000.0,8000.0,12000.0
2024-01-27 02:00,552.17255106,5000.0,8000.0,12000.0
2024-01-27 03:00,553.12474278,5000.0,8000.0,12000.0
2024-01-27 04:00,555.09122829,5000.0,8000.0,12000.0
2024-01-27 05:00,554.76002967,5000.0,8000.0,12000.0
2024-01-27 06:00,564.5389656600003,5000.0,8000.0,12000.0
2024-01-27 07:00,568.6788828600002,5000.0,8000.0,12000.0
2024-01-27 08:00,580.6655621700004,5000.0,8000.0,12000.0
2024-01-27 09:00,618.0413124300002,5000.0,8000.0,12000.0
2024-01-27 10:00,631.6073334300002,5000.0,8000.0,12000.0
2024-01-27 11:00,691.0782312600002,5000.0,8000.0,12000.0
2024-01-27 12:00,683.2327905000002,5000.0,8000.0,12000.0
2024-01-27 13:00,628.4954327400002,5000.0,8000.0,12000.0
2024-01-27 14:00,635.3956563000003,5000.0,8000.0,12000.0
2024-01-27 15:00,583.02299892,5000.0,8000.0,12000.0
2024-01-27 16:00,589.2881802899999,5000.0,8000.0,12000.0
2024-01-27 17:00,841.9196556533336,5000.0,8000.0,12000.0
2024-01-27 18:00,979.6952614500005,5000.0,8000.0,12000.0
2024-01-27 19:00,874.1594205900004,5000.0,8000.0,12000.0
2024-01-27 20:00,915.5448036300005,5000.0,8000.0,12000.0
2024-01-27 21:00,892.3197431100006,5000.0,8000.0,12000.0
2024-01-27 22:00,803.3015107200005,5000.0,8000.0,12000.0
2024-01-27 23:00,544.53430557,5000.0,8000.0,12000.0
2024-01-28 00:00,539.75264283,5000.0,8000.0,12000.0
2024-01-28 01:00,550.86846003,5000.0,8000.0,12000.0
2024-01-28 02:00,552.6072469200001,5000.0,8000.0,12000.0
2024-01-28 03:00,553.89063657,5000.0,8000.0,12000.0
2024-01-28 04:00,553.70433795,5000.0,8000.0,12000.0
2024-01-28 05:00,554.28393381,5000.0,8000.0,12000.0
2024-01-28 06:00,565.4222084400003,5000.0,8000.0,12000.0
2024-01-28 07:00,572.1633324900001,5000.0,8000.0,12000.0
2024-01-28 08:00,580.7345725200004,5000.0,8000.0,12000.0
2024-01-28 09:00,600.5224215000002,5000.0,8000.0,12000.0
2024-01-28 10:00,626.1080044500002,5000.0,8000.0,12000.0
2024-01-28 11:00,687.8627463900001,5000.0,8000.0,12000.0
2024-01-28 12:00,634.1604679800002,5000.0,8000.0,12000.0
2024-01-28 13:00,636.0648065700002,5000.0,8000.0,12000.0
2024-01-28 14:00,618.1248769500002,5000.0,8000.0,12000.0
2024-01-28 15:00,582.78149202,5000.0,8000.0,12000.0
2024-01-28 16:00,579.22799823,5000.0,8000.0,12000.0
2024-01-28 17:00,818.7011625600003,5000.0,8000.0,12000.0
2024-01-28 18:00,917.0847815100004,5000.0,8000.0,12000.0
2024-01-28 19:00,1050.7576383300004,5000.0,8000.0,12000.0
2024-01-28 20:00,876.2562298500004,5000.0,8000.0,12000.0
2024-01-28 21:00,925.2394650900006,5000.0,8000.0,12000.0
2024-01-28 22:00,854.9063788800005,5000.0,8000.0,12000.0
2024-01-28 23:00,542.42292213,5000.0,8000.0,12000.0
2024-01-29 00:00,542.23662075,5000.0,8000.0,12000.0
2024-01-29 01:00,550.9512600300001,5000.0,8000.0,12000.0
2024-01-29 02:00,550.4544621,5000.0,8000.0,12000.0
2024-01-29 03:00,553.74573726,5000.0,8000.0,12000.0
2024-01-29 04:00,554.40813312,5000.0,8000.0,12000.0
2024-01-29 05:00,554.49093243,5000.0,8000.0,12000.0
2024-01-29 06:00,566.9608566900002,5000.0,8000.0,12000.0
2024-01-29 07:00,573.1016469300001,5000.0,8000.0,12000.0
2024-01-29 08:00,577.7951463000004,5000.0,8000.0,12000.0
2024-01-29 09:00,613.7356958700002,5000.0,8000.0,12000.0
2024-01-29 10:00,689.2151567400001,5000.0,8000.0,12000.0
2024-01-29 11:00,664.1062333800002,5000.0,8000.0,12000.0
2024-01-29 12:00,645.9455451600003,5000.0,8000.0,12000.0
2024-01-29 13:00,635.2989065700002,5000.0,8000.0,12000.0
2024-01-29 14:00,607.2230011500002,5000.0,8000.0,12000.0
2024-01-29 15:00,590.70958443,5000.0,8000.0,12000.0
2024-01-29 16:00,556.60984791,5000.0,8000.0,12000.0
2024-01-29 17:00,772.0158053400003,5000.0,8000.0,12000.0
2024-01-29 18:00,952.1296096500006,5000.0,8000.0,12000.0
2024-01-29 19:00,962.2722991500005,5000.0,8000.0,12000.0
2024-01-29 20:00,965.5907472000005,5000.0,8000.0,12000.0
2024-01-29 21:00,919.1468699700005,5000.0,8000.0,12000.0
2024-01-29 22:00,829.3695299400005,5000.0,8000.0,12000.0
2024-01-29 23:00,540.53923593,5000.0,8000.0,12000.0
2024-01-30 00:00,544.82410626,5000.0,8000.0,12000.0
2024-01-30 01:00,551.15825727,5000.0,8000.0,12000.0
2024-01-30 02:00,552.1932482999999,5000.0,8000.0,12000.0
2024-01-30 03:00,554.11833519,5000.0,8000.0,12000.0
2024-01-30 04:00,555.19472691,5000.0,8000.0,12000.0
2024-01-30 05:00,554.8014303599999,5000.0,8000.0,12000.0
2024-01-30 06:00,561.8205222900002,5000.0,8000.0,12000.0
2024-01-30 07:00,570.3624428400002,5000.0,8000.0,12000.0
2024-01-30 08:00,595.4037393000003,5000.0,8000.0,12000.0
2024-01-30 09:00,620.3596496400002,5000.0,8000.0,12000.0
2024-01-30 10:00,642.9231671400001,5000.0,8000.0,12000.0
2024-01-30 11:00,640.6393437300002,5000.0,8000.0,12000.0
2024-01-30 12:00,686.6692492500002,5000.0,8000.0,12000.0
2024-01-30 13:00,655.0879126800003,5000.0,8000.0,12000.0
2024-01-30 14:00,620.9125314600002,5000.0,8000.0,12000.0
2024-01-30 15:00,604.39224786,5000.0,8000.0,12000.0
2024-01-30 16:00,582.40889409,5000.0,8000.0,12000.0
2024-01-30 17:00,747.0792577800003,5000.0,8000.0,12000.0
2024-01-30 18:00,872.4349988100005,5000.0,8000.0,12000.0
2024-01-30 19:00,946.0918785000005,5000.0,8000.0,12000.0
2024-01-30 20:00,1024.0335450300006,5000.0,8000.0,12000.0
2024-01-30 21:00,883.0875251700005,5000.0,8000.0,12000.0
2024-01-30 22:00,828.6036402900005,5000.0,8000.0,12000.0
2024-01-30 23:00,543.45791385,5000.0,8000.0,12000.0
2024-01-31 00:00,541.92612834,5000.0,8000.0,12000.0
2024-01-31 01:00,550.68216072,5000.0,8000.0,12000.0
2024-01-31 02:00,552.91774416,5000.0,8000.0,12000.0
2024-01-31 03:00,554.2632351899999,5000.0,8000.0,12000.0
2024-01-31 04:00,553.14544278,5000.0,8000.0,12000.0
2024-01-31 05:00,553.7457379499999,5000.0,8000.0,12000.0
2024-01-31 06:00,564.8357394900003,5000.0,8000.0,12000.0
2024-01-31 07:00,570.0174145500002,5000.0,8000.0,12000.0
2024-01-31 08:00,588.4693034700005,5000.0,8000.0,12000.0
2024-01-31 09:00,620.2354951800003,5000.0,8000.0,12000.0
2024-01-31 10:00,641.6605140600002,5000.0,8000.0,12000.0
2024-01-31 11:00,699.5859160800002,5000.0,8000.0,12000.0
2024-01-31 12:00,655.5502313100002,5000.0,8000.0,12000.0
2024-01-31 13:00,647.3669513700003,5000.0,8000.0,12000.0
2024-01-31 14:00,617.7592162800003,5000.0,8000.0,12000.0
2024-01-31 15:00,609.67074786,5000.0,8000.0,12000.0
2024-01-31 16:00,573.6390127199999,5000.0,8000.0,12000.0
2024-01-31 17:00,823.9313846333336,5000.0,8000.0,12000.0
2024-01-31 18:00,954.4136655900004,5000.0,8000.0,12000.0
2024-01-31 19:00,907.4933757900004,5000.0,8000.0,12000.0
2024-01-31 20:00,839.3965740600005,5000.0,8000.0,12000.0
2024-01-31 21:00,933.7472106300005,5000.0,8000.0,12000.0
2024-01-31 22:00,852.1051279200004,5000.0,8000.0,12000.0
2024-01-31 23:00,540.89113386,5000.0,8000.0,12000.0
2024-02-01 00:00,543.85121178,5000.0,8000.0,12000.0
2024-02-01 01:00,549.68856831,5000.0,8000.0,12000.0
2024-02-01 02:00,552.93844416,5000.0,8000.0,12000.0
2024-02-01 03:00,553.1040434700001,5000.0,8000.0,12000.0
2024-02-01 04:00,553.5180400200001,5000.0,8000.0,12000.0
2024-02-01 05:00,553.7664386399999,5000.0,8000.0,12000.0
2024-02-01 06:00,564.3665760600003,5000.0,8000.0,12000.0
2024-02-01 07:00,571.3215131700002,5000.0,8000.0,12000.0
2024-02-01 08:00,579.3407856300004,5000.0,8000.0,12000.0
2024-02-01 09:00,613.1422924200001,5000.0,8000.0,12000.0
2024-02-01 10:00,653.3765960700001,5000.0,8000.0,12000.0
2024-02-01 11:00,649.2229147500002,5000.0,8000.0,12000.0
2024-02-01 12:00,629.2751286000001,5000.0,8000.0,12000.0
2024-02-01 13:00,635.1538651200002,5000.0,8000.0,12000.0
2024-02-01 14:00,614.0677017900002,5000.0,8000.0,12000.0
2024-02-01 15:00,604.21975752,5000.0,8000.0,12000.0
2024-02-01 16:00,601.7633519999999,5000.0,8000.0,12000.0
2024-02-01 17:00,797.6906984400001,5000.0,8000.0,12000.0
2024-02-01 18:00,911.0611070400005,5000.0,8000.0,12000.0
2024-02-01 19:00,954.0959350800005,5000.0,8000.0,12000.0
2024-02-01 20:00,985.0969568100005,5000.0,8000.0,12000.0
2024-02-01 21:00,875.1799940700005,5000.0,8000.0,12000.0
2024-02-01 22:00,839.9057195400004,5000.0,8000.0,12000.0
2024-02-01 23:00,542.21592351,5000.0,8000.0,12000.0
2024-02-02 00:00,539.87684007,5000.0,8000.0,12000.0
2024-02-02 01:00,550.66146141,5000.0,8000.0,12000.0
2024-02-02 02:00,553.3938414,5000.0,8000.0,12000.0
2024-02-02 03:00,555.4224255299999,5000.0,8000.0,12000.0
2024-02-02 04:00,555.6294248400001,5000.0,8000.0,12000.0
2024-02-02 05:00,554.84282967,5000.0,8000.0,12000.0
2024-02-02 06:00,567.0298346100003,5000.0,8000.0,12000.0
2024-02-02 07:00,572.9220702900002,5000.0,8000.0,12000.0
2024-02-02 08:00,580.7896476300004,5000.0,8000.0,12000.0
2024-02-02 09:00,624.6790544700002,5000.0,8000.0,12000.0
2024-02-02 10:00,683.2949698500001,5000.0,8000.0,12000.0
2024-02-02 11:00,707.3413822200001,5000.0,8000.0,12000.0
2024-02-02 12:00,642.5438313600002,5000.0,8000.0,12000.0
2024-02-02 13:00,625.4249755200002,5000.0,8000.0,12000.0
2024-02-02 14:00,622.1061700500002,5000.0,8000.0,12000.0
2024-02-02 15:00,590.10928236,5000.0,8000.0,12000.0
2024-02-02 16:00,594.3182761499999,5000.0,8000.0,12000.0
2024-02-02 17:00,760.7274460500001,5000.0,8000.0,12000.0
2024-02-02 18:00,842.7029277900004,5000.0,8000.0,12000.0
2024-02-02 19:00,953.5923220200004,5000.0,8000.0,12000.0
2024-02-02 20:00,993.5080602600007,5000.0,8000.0,12000.0
2024-02-02 21:00,990.8309879100005,5000.0,8000.0,12000.0
2024-02-02 22:00,768.2909707500005,5000.0,8000.0,12000.0
2024-02-02 23:00,541.24303179,5000.0,8000.0,12000.0
2024-02-03 00:00,543.37511454,5000.0,8000.0,12000.0
2024-02-03 01:00,550.64076072,5000.0,8000.0,12000.0
2024-02-03 02:00,552.6072469200001,5000.0,8000.0,12000.0
2024-02-03 03:00,553.39384071,5000.0,8000.0,12000.0
2024-02-03 04:00,554.2632345,5000.0,8000.0,12000.0
2024-02-03 05:00,553.5801393300001,5000.0,8000.0,12000.0
2024-02-03 06:00,569.0722415100003,5000.0,8000.0,12000.0
2024-02-03 07:00,576.5515158300002,5000.0,8000.0,12000.0
2024-02-03 08:00,581.5831607400003,5000.0,8000.0,12000.0
2024-02-03 09:00,614.8397214000001,5000.0,8000.0,12000.0
2024-02-03 10:00,662.9744498400001,5000.0,8000.0,12000.0
2024-02-03 11:00,691.2505525500002,5000.0,8000.0,12000.0
2024-02-03 12:00,640.6669106100002,5000.0,8000.0,12000.0
2024-02-03 13:00,635.1400782300002,5000.0,8000.0,12000.0
2024-02-03 14:00,635.0161300800003,5000.0,8000.0,12000.0
2024-02-03 15:00,587.4596899499999,5000.0,8000.0,12000.0
2024-02-03 16:00,582.67799754,5000.0,8000.0,12000.0
2024-02-03 17:00,803.8109963700002,5000.0,8000.0,12000.0
2024-02-03 18:00,988.5894939300003,5000.0,8000.0,12000.0
2024-02-03 19:00,920.1754978200005,5000.0,8000.0,12000.0
2024-02-03 20:00,932.0843975700005,5000.0,8000.0,12000.0
2024-02-03 21:00,850.4714942700006,5000.0,8000.0,12000.0
2024-02-03 22:00,805.8751796700004,5000.0,8000.0,12000.0
2024-02-03 23:00,542.85761937,5000.0,8000.0,12000.0
2024-02-04 00:00,540.91183317,5000.0,8000.0,12000.0
2024-02-04 01:00,550.41306348,5000.0,8000.0,12000.0
2024-02-04 02:00,554.38743312,5000.0,8000.0,12000.0
2024-02-04 03:00,553.24894278,5000.0,8000.0,12000.0
2024-02-04 04:00,556.08482139,5000.0,8000.0,12000.0
2024-02-04 05:00,555.31892691,5000.0,8000.0,12000.0
2024-02-04 06:00,561.9378388500003,5000.0,8000.0,12000.0
2024-02-04 07:00,572.8393841400001,5000.0,8000.0,12000.0
2024-02-04 08:00,591.6846772500004,5000.0,8000.0,12000.0
2024-02-04 09:00,620.7944469300002,5000.0,8000.0,12000.0
2024-02-04 10:00,668.4048926700001,5000.0,8000.0,12000.0
2024-02-04 11:00,664.7478961200002,5000.0,8000.0,12000.0
2024-02-04 12:00,651.9760326900001,5000.0,8000.0,12000.0
2024-02-04 13:00,622.6925858700001,5000.0,8000.0,12000.0
2024-02-04 14:00,600.3161549700002,5000.0,8000.0,12000.0
2024-02-04 15:00,591.06147339,5000.0,8000.0,12000.0
2024-02-04 16:00,597.2645651099999,5000.0,8000.0,12000.0
2024-02-04 17:00,770.5185143100002,5000.0,8000.0,12000.0
2024-02-04 18:00,1001.2025676600006,5000.0,8000.0,12000.0
2024-02-04 19:00,965.5153515900005,5000.0,8000.0,12000.0
2024-02-04 20:00,901.8482781000005,5000.0,8000.0,12000.0
2024-02-04 21:00,925.2050589300005,5000.0,8000.0,12000.0
2024-02-04 22:00,821.9591072700005,5000.0,8000.0,12000.0
2024-02-04 23:00,543.2095173,5000.0,8000.0,12000.0
2024-02-05 00:00,544.24450902,5000.0,8000.0,12000.0
2024-02-05 01:00,549.52297107,5000.0,8000.0,12000.0
2024-02-05 02:00,550.06116348,5000.0,8000.0,12000.0
2024-02-05 03:00,553.60083933,5000.0,8000.0,12000.0
2024-02-05 04:00,553.12474209,5000.0,8000.0,12000.0
2024-02-05 05:00,555.1326276,5000.0,8000.0,12000.0
2024-02-05 06:00,565.4912222400002,5000.0,8000.0,12000.0
2024-02-05 07:00,571.0799020800002,5000.0,8000.0,12000.0
2024-02-05 08:00,581.9005034700003,5000.0,8000.0,12000.0
2024-02-05 09:00,612.9836883300002,5000.0,8000.0,12000.0
2024-02-05 10:00,640.8533375700002,5000.0,8000.0,12000.0
2024-02-05 11:00,703.4636864100002,5000.0,8000.0,12000.0
2024-02-05 12:00,664.9480175100001,5000.0,8000.0,12000.0
2024-02-05 13:00,644.1998831100002,5000.0,8000.0,12000.0
2024-02-05 14:00,617.3797369800002,5000.0,8000.0,12000.0
2024-02-05 15:00,600.35575683,5000.0,8000.0,12000.0
2024-02-05 16:00,594.0905733899999,5000.0,8000.0,12000.0
2024-02-05 17:00,753.4893605400003,5000.0,8000.0,12000.0
2024-02-05 18:00,865.2795477000004,5000.0,8000.0,12000.0
2024-02-05 19:00,904.5538502100005,5000.0,8000.0,12000.0
2024-02-05 20:00,925.5085913100006,5000.0,8000.0,12000.0
2024-02-05 21:00,979.0870857900005,5000.0,8000.0,12000.0
2024-02-05 22:00,920.7531506400005,5000.0,8000.0,12000.0
2024-02-05 23:00,543.3544173,5000.0,8000.0,12000.0
2024-02-06 00:00,541.94682558,5000.0,8000.0,12000.0
2024-02-06 01:00,550.76495934,5000.0,8000.0,12000.0
2024-02-06 02:00,552.56584623,5000.0,8000.0,12000.0
2024-02-06 03:00,552.11044761,5000.0,8000.0,12000.0
2024-02-06 04:00,554.47023243,5000.0,8000.0,12000.0
2024-02-06 05:00,555.50522553,5000.0,8000.0,12000.0
2024-02-06 06:00,566.7332553600003,5000.0,8000.0,12000.0
2024-02-06 07:00,568.4166952800002,5000.0,8000.0,12000.0
2024-02-06 08:00,583.0321814400003,5000.0,8000.0,12000.0
2024-02-06 09:00,626.5765254900002,5000.0,8000.0,12000.0
2024-02-06 10:00,660.2973443700001,5000.0,8000.0,12000.0
2024-02-06 11:00,668.1150588600001,5000.0,8000.0,12000.0
2024-02-06 12:00,670.0125719700002,5000.0,8000.0,12000.0
2024-02-06 13:00,645.8696527500002,5000.0,8000.0,12000.0
2024-02-06 14:00,601.1786625600002,5000.0,8000.0,12000.0
2024-02-06 15:00,610.6643416499999,5000.0,8000.0,12000.0
2024-02-06 16:00,584.48578305,5000.0,8000.0,12000.0
2024-02-06 17:00,888.5635949400003,5000.0,8000.0,12000.0
2024-02-06 18:00,930.7123960500005,5000.0,8000.0,12000.0
2024-02-06 19:00,1000.3601728800004,5000.0,8000.0,12000.0
2024-02-06 20:00,882.9147609000006,5000.0,8000.0,12000.0
2024-02-06 21:00,866.1548547900006,5000.0,8000.0,12000.0
2024-02-06 22:00,791.4542569500005,5000.0,8000.0,12000.0
2024-02-06 23:00,543.23021799,5000.0,8000.0,12000.0
2024-02-07 00:00,541.57422765,5000.0,8000.0,12000.0
2024-02-07 01:00,549.58507038,5000.0,8000.0,12000.0
2024-02-07 02:00,552.5244476099999,5000.0,8000.0,12000.0
2024-02-07 03:00,554.03553657,5000.0,8000.0,12000.0
2024-02-07 04:00,554.1597344999999,5000.0,8000.0,12000.0
2024-02-07 05:00,554.65653036,5000.0,8000.0,12000.0
2024-02-07 06:00,564.4701064200002,5000.0,8000.0,12000.0
2024-02-07 07:00,571.5767214000002,5000.0,8000.0,12000.0
2024-02-07 08:00,584.4189896700004,5000.0,8000.0,12000.0
2024-02-07 09:00,609.3543131700003,5000.0,8000.0,12000.0
2024-02-07 10:00,647.7531567900002,5000.0,8000.0,12000.0
2024-02-07 11:00,629.6959865100001,5000.0,8000.0,12000.0
2024-02-07 12:00,672.6621436800001,5000.0,8000.0,12000.0
2024-02-07 13:00,642.2332865100002,5000.0,8000.0,12000.0
2024-02-07 14:00,606.8020576800002,5000.0,8000.0,12000.0
2024-02-07 15:00,640.2307767899999,5000.0,8000.0,12000.0
2024-02-07 16:00,579.22800375,5000.0,8000.0,12000.0
2024-02-07 17:00,755.7663474300002,5000.0,8000.0,12000.0
2024-02-07 18:00,853.7360954100005,5000.0,8000.0,12000.0
2024-02-07 19:00,933.4165847100005,5000.0,8000.0,12000.0
2024-02-07 20:00,953.4328140300006,5000.0,8000.0,12000.0
2024-02-07 21:00,985.1934753900005,5000.0,8000.0,12000.0
2024-02-07 22:00,897.9831423600004,5000.0,8000.0,12000.0
2024-02-07 23:00,543.39581523,5000.0,8000.0,12000.0
2024-02-08 00:00,541.53282903,5000.0,8000.0,12000.0
2024-02-08 01:00,551.88275175,5000.0,8000.0,12000.0
2024-02-08 02:00,551.86205037,5000.0,8000.0,12000.0
2024-02-08 03:00,552.97984416,5000.0,8000.0,12000.0
2024-02-08 04:00,554.49093243,5000.0,8000.0,12000.0
2024-02-08 05:00,554.1804351899999,5000.0,8000.0,12000.0
2024-02-08 06:00,564.5321360400002,5000.0,8000.0,12000.0
2024-02-08 07:00,569.9967745800002,5000.0,8000.0,12000.0
2024-02-08 08:00,583.5909682800004,5000.0,8000.0,12000.0
2024-02-08 09:00,609.0506503800002,5000.0,8000.0,12000.0
2024-02-08 10:00,627.6949050900002,5000.0,8000.0,12000.0
2024-02-08 11:00,614.0814231300002,5000.0,8000.0,12000.0
2024-02-08 12:00,651.7620885300001,5000.0,8000.0,12000.0
2024-02-08 13:00,699.7376443200002,5000.0,8000.0,12000.0
2024-02-08 14:00,665.7692223900002,5000.0,8000.0,12000.0
2024-02-08 15:00,613.31393406,5000.0,8000.0,12000.0
2024-02-08 16:00,571.4862168599999,5000.0,8000.0,12000.0
2024-02-08 17:00,816.0239784233335,5000.0,8000.0,12000.0
2024-02-08 18:00,883.1783616000006,5000.0,8000.0,12000.0
2024-02-08 19:00,979.8809756400005,5000.0,8000.0,12000.0
2024-02-08 20:00,954.6265464600004,5000.0,8000.0,12000.0
2024-02-08 21:00,926.3299197000008,5000.0,8000.0,12000.0
2024-02-08 22:00,768.4150534500004,5000.0,8000.0,12000.0
2024-02-08 23:00,542.60922213,5000.0,8000.0,12000.0
2024-02-09 00:00,543.80981178,5000.0,8000.0,12000.0
2024-02-09 01:00,552.66934761,5000.0,8000.0,12000.0
2024-02-09 02:00,554.0769358800001,5000.0,8000.0,12000.0
2024-02-09 03:00,554.01483588,5000.0,8000.0,12000.0
2024-02-09 04:00,553.53873933,5000.0,8000.0,12000.0
2024-02-09 05:00,555.1326276,5000.0,8000.0,12000.0
2024-02-09 06:00,563.2210877400001,5000.0,8000.0,12000.0
2024-02-09 07:00,569.2930470300003,5000.0,8000.0,12000.0
2024-02-09 08:00,591.0498579300004,5000.0,8000.0,12000.0
2024-02-09 09:00,625.9831572300003,5000.0,8000.0,12000.0
2024-02-09 10:00,621.2572906500003,5000.0,8000.0,12000.0
2024-02-09 11:00,649.7681299800003,5000.0,8000.0,12000.0
2024-02-09 12:00,637.9967437800002,5000.0,8000.0,12000.0
2024-02-09 13:00,641.3500913400002,5000.0,8000.0,12000.0
2024-02-09 14:00,629.2339197300003,5000.0,8000.0,12000.0
2024-02-09 15:00,605.165052,5000.0,8000.0,12000.0
2024-02-09 16:00,580.73219616,5000.0,8000.0,12000.0
2024-02-09 17:00,831.0452563500003,5000.0,8000.0,12000.0
2024-02-09 18:00,809.2931629800005,5000.0,8000.0,12000.0
2024-02-09 19:00,985.5735432600005,5000.0,8000.0,12000.0
2024-02-09 20:00,940.8262904700005,5000.0,8000.0,12000.0
2024-02-09 21:00,988.0157209800005,5000.0,8000.0,12000.0
2024-02-09 22:00,826.1403954900004,5000.0,8000.0,12000.0
2024-02-09 23:00,542.52642282,5000.0,8000.0,12000.0
2024-02-10 00:00,542.46431937,5000.0,8000.0,12000.0
2024-02-10 01:00,550.82705865,5000.0,8000.0,12000.0
2024-02-10 02:00,554.55303174,5000.0,8000.0,12000.0
2024-02-10 03:00,553.99413795,5000.0,8000.0,12000.0
2024-02-10 04:00,553.72503795,5000.0,8000.0,12000.0
2024-02-10 05:00,554.7393310499999,5000.0,8000.0,12000.0
2024-02-10 06:00,564.8012194800002,5000.0,8000.0,12000.0
2024-02-10 07:00,570.2934594000002,5000.0,8000.0,12000.0
2024-02-10 08:00,580.6172221500003,5000.0,8000.0,12000.0
2024-02-10 09:00,596.2374718200002,5000.0,8000.0,12000.0
2024-02-10 10:00,626.5979976000002,5000.0,8000.0,12000.0
2024-02-10 11:00,663.4712608800002,5000.0,8000.0,12000.0
2024-02-10 12:00,658.2066305700002,5000.0,8000.0,12000.0
2024-02-10 13:00,630.2825617200001,5000.0,8000.0,12000.0
2024-02-10 14:00,617.8075093800002,5000.0,8000.0,12000.0
2024-02-10 15:00,609.8432402699999,5000.0,8000.0,12000.0
2024-02-10 16:00,588.80518581,5000.0,8000.0,12000.0
2024-02-10 17:00,806.3570874000002,5000.0,8000.0,12000.0
2024-02-10 18:00,862.6990380900006,5000.0,8000.0,12000.0
2024-02-10 19:00,1046.1484983600005,5000.0,8000.0,12000.0
2024-02-10 20:00,956.4617104800005,5000.0,8000.0,12000.0
2024-02-10 21:00,892.9892011200006,5000.0,8000.0,12000.0
2024-02-10 22:00,815.9490451200003,5000.0,8000.0,12000.0
2024-02-10 23:00,544.61710764,5000.0,8000.0,12000.0
2024-02-11 00:00,541.20163041,5000.0,8000.0,12000.0
2024-02-11 01:00,548.8398752100001,5000.0,8000.0,12000.0
2024-02-11 02:00,553.47664071,5000.0,8000.0,12000.0
2024-02-11 03:00,552.97984347,5000.0,8000.0,12000.0
2024-02-11 04:00,554.86353036,5000.0,8000.0,12000.0
2024-02-11 05:00,554.1183345000001,5000.0,8000.0,12000.0
2024-02-11 06:00,562.6622539800003,5000.0,8000.0,12000.0
2024-02-11 07:00,573.4397414100002,5000.0,8000.0,12000.0
2024-02-11 08:00,577.6846503900003,5000.0,8000.0,12000.0
2024-02-11 09:00,615.0398565900001,5000.0,8000.0,12000.0
2024-02-11 10:00,637.8103416600002,5000.0,8000.0,12000.0
2024-02-11 11:00,653.6044561500001,5000.0,8000.0,12000.0
2024-02-11 12:00,670.9648278600001,5000.0,8000.0,12000.0
2024-02-11 13:00,640.7704589100001,5000.0,8000.0,12000.0
2024-02-11 14:00,601.5856445700002,5000.0,8000.0,12000.0
2024-02-11 15:00,578.84850375,5000.0,8000.0,12000.0
2024-02-11 16:00,574.4946092699998,5000.0,8000.0,12000.0
2024-02-11 17:00,786.0503970600003,5000.0,8000.0,12000.0
2024-02-11 18:00,935.9769056100005,5000.0,8000.0,12000.0
2024-02-11 19:00,1043.0436522300004,5000.0,8000.0,12000.0
2024-02-11 20:00,918.8983920000006,5000.0,8000.0,12000.0
2024-02-11 21:00,927.8960817000005,5000.0,8000.0,12000.0
2024-02-11 22:00,823.1871044100004,5000.0,8000.0,12000.0
2024-02-11 23:00,541.24303179,5000.0,8000.0,12000.0
2024-02-12 00:00,542.87831937,5000.0,8000.0,12000.0
2024-02-12 01:00,551.26175589,5000.0,8000.0,12000.0
2024-02-12 02:00,553.2075427799999,5000.0,8000.0,12000.0
2024-02-12 03:00,552.06905106,5000.0,8000.0,12000.0
2024-02-12 04:00,553.86993795,5000.0,8000.0,12000.0
2024-02-12 05:00,556.20901932,5000.0,8000.0,12000.0
2024-02-12 06:00,562.0689271200004,5000.0,8000.0,12000.0
2024-02-12 07:00,568.8030566400001,5000.0,8000.0,12000.0
2024-02-12 08:00,579.6994131300004,5000.0,8000.0,12000.0
2024-02-12 09:00,597.2932077000003,5000.0,8000.0,12000.0
2024-02-12 10:00,676.1949623100002,5000.0,8000.0,12000.0
2024-02-12 11:00,670.4057753700001,5000.0,8000.0,12000.0
2024-02-12 12:00,653.3284099200002,5000.0,8000.0,12000.0
2024-02-12 13:00,634.9608141600002,5000.0,8000.0,12000.0
2024-02-12 14:00,616.1446618200002,5000.0,8000.0,12000.0
2024-02-12 15:00,589.11567753,5000.0,8000.0,12000.0
2024-02-12 16:00,589.06048236,5000.0,8000.0,12000.0
2024-02-12 17:00,849.7649439300003,5000.0,8000.0,12000.0
2024-02-12 18:00,935.3353008300005,5000.0,8000.0,12000.0
2024-02-12 19:00,967.9923308400005,5000.0,8000.0,12000.0
2024-02-12 20:00,896.7767477400005,5000.0,8000.0,12000.0
2024-02-12 21:00,846.1380024000006,5000.0,8000.0,12000.0
2024-02-12 22:00,834.9379196400005,5000.0,8000.0,12000.0
2024-02-12 23:00,544.82410419,5000.0,8000.0,12000.0
2024-02-13 00:00,543.47861385,5000.0,8000.0,12000.0
2024-02-13 01:00,548.8605738299999,5000.0,8000.0,12000.0
2024-02-13 02:00,552.46234692,5000.0,8000.0,12000.0
2024-02-13 03:00,551.82065313,5000.0,8000.0,12000.0
2024-02-13 04:00,554.2218338099999,5000.0,8000.0,12000.0
2024-02-13 05:00,554.61513243,5000.0,8000.0,12000.0
2024-02-13 06:00,563.6075084400003,5000.0,8000.0,12000.0
2024-02-13 07:00,573.6467455500002,5000.0,8000.0,12000.0
2024-02-13 08:00,588.5383779900003,5000.0,8000.0,12000.0
2024-02-13 09:00,631.2477827100003,5000.0,8000.0,12000.0
2024-02-13 10:00,640.8188479200002,5000.0,8000.0,12000.0
2024-02-13 11:00,678.2098147500002,5000.0,8000.0,12000.0
2024-02-13 12:00,651.8931733500001,5000.0,8000.0,12000.0
2024-02-13 13:00,655.4466588600002,5000.0,8000.0,12000.0
2024-02-13 14:00,598.0115460000002,5000.0,8000.0,12000.0
2024-02-13 15:00,579.6903003,5000.0,8000.0,12000.0
2024-02-13 16:00,595.61546373,5000.0,8000.0,12000.0
2024-02-13 17:00,760.4652591600003,5000.0,8000.0,12000.0
2024-02-13 18:00,888.1669670700005,5000.0,8000.0,12000.0
2024-02-13 19:00,973.3054957500004,5000.0,8000.0,12000.0
2024-02-13 20:00,991.3895208300005,5000.0,8000.0,12000.0
2024-02-13 21:00,960.8297085600005,5000.0,8000.0,12000.0
2024-02-13 22:00,785.7755052000006,5000.0,8000.0,12000.0
2024-02-13 23:00,540.8704338599999,5000.0,8000.0,12000.0
2024-02-14 00:00,541.3465290299999,5000.0,8000.0,12000.0
2024-02-14 01:00,550.47516279,5000.0,8000.0,12000.0
2024-02-14 02:00,552.0483517499999,5000.0,8000.0,12000.0
2024-02-14 03:00,553.1661427800001,5000.0,8000.0,12000.0
2024-02-14 04:00,553.86993726,5000.0,8000.0,12000.0
2024-02-14 05:00,554.59443243,5000.0,8000.0,12000.0
2024-02-14 06:00,563.7387554100003,5000.0,8000.0,12000.0
2024-02-14 07:00,571.6596352500002,5000.0,8000.0,12000.0
2024-02-14 08:00,586.0198124400005,5000.0,8000.0,12000.0
2024-02-14 09:00,610.8515690100002,5000.0,8000.0,12000.0
2024-02-14 10:00,654.3908705400003,5000.0,8000.0,12000.0
2024-02-14 11:00,661.3530864600002,5000.0,8000.0,12000.0
2024-02-14 12:00,643.0199079000001,5000.0,8000.0,12000.0
2024-02-14 13:00,633.9878182500001,5000.0,8000.0,12000.0
2024-02-14 14:00,612.1841142600002,5000.0,8000.0,12000.0
2024-02-14 15:00,596.11916304,5000.0,8000.0,12000.0
2024-02-14 16:00,620.48992716,5000.0,8000.0,12000.0
2024-02-14 17:00,704.4511371300002,5000.0,8000.0,12000.0
2024-02-14 18:00,908.7978166500004,5000.0,8000.0,12000.0
2024-02-14 19:00,1099.8303996900004,5000.0,8000.0,12000.0
2024-02-14 20:00,913.0540657800005,5000.0,8000.0,12000.0
2024-02-14 21:00,906.2439714000006,5000.0,8000.0,12000.0
2024-02-14 22:00,823.2285382200005,5000.0,8000.0,12000.0
2024-02-14 23:00,542.75411937,5000.0,8000.0,12000.0
2024-02-15 00:00,545.1760035,5000.0,8000.0,12000.0
2024-02-15 01:00,550.5993621,5000.0,8000.0,12000.0
2024-02-15 02:00,552.37954899,5000.0,8000.0,12000.0
2024-02-15 03:00,554.1804351899999,5000.0,8000.0,12000.0
2024-02-15 04:00,553.49733864,5000.0,8000.0,12000.0
2024-02-15 05:00,554.6151310500001,5000.0,8000.0,12000.0
2024-02-15 06:00,563.9042394900002,5000.0,8000.0,12000.0
2024-02-15 07:00,574.3160379600001,5000.0,8000.0,12000.0
2024-02-15 08:00,579.0300979500004,5000.0,8000.0,12000.0
2024-02-15 09:00,615.0812524500002,5000.0,8000.0,12000.0
2024-02-15 10:00,616.7724107100001,5000.0,8000.0,12000.0
2024-02-15 11:00,654.7567320000002,5000.0,8000.0,12000.0
2024-02-15 12:00,651.6724527000002,5000.0,8000.0,12000.0
2024-02-15 13:00,659.4901023300002,5000.0,8000.0,12000.0
2024-02-15 14:00,646.1664645300002,5000.0,8000.0,12000.0
2024-02-15 15:00,576.00570582,5000.0,8000.0,12000.0
2024-02-15 16:00,591.19948098,5000.0,8000.0,12000.0
2024-02-15 17:00,850.2272342700002,5000.0,8000.0,12000.0
2024-02-15 18:00,885.8139794400005,5000.0,8000.0,12000.0
2024-02-15 19:00,938.9987440500006,5000.0,8000.0,12000.0
2024-02-15 20:00,912.5363532600005,5000.0,8000.0,12000.0
2024-02-15 21:00,935.9345437500004,5000.0,8000.0,12000.0
2024-02-15 22:00,831.1015879500005,5000.0,8000.0,12000.0
2024-02-15 23:00,541.98822489,5000.0,8000.0,12000.0
2024-02-16 00:00,542.36082075,5000.0,8000.0,12000.0
2024-02-16 01:00,548.92267383,5000.0,8000.0,12000.0
2024-02-16 02:00,554.15973381,5000.0,8000.0,12000.0
2024-02-16 03:00,552.29674968,5000.0,8000.0,12000.0
2024-02-16 04:00,553.7457379499999,5000.0,8000.0,12000.0
2024-02-16 05:00,553.95273657,5000.0,8000.0,12000.0
2024-02-16 06:00,567.5611422000003,5000.0,8000.0,12000.0
2024-02-16 07:00,572.3151600900002,5000.0,8000.0,12000.0
2024-02-16 08:00,576.2565201300004,5000.0,8000.0,12000.0
2024-02-16 09:00,602.7441000600003,5000.0,8000.0,12000.0
2024-02-16 10:00,660.4766871,5000.0,8000.0,12000.0
2024-02-16 11:00,657.3511692600002,5000.0,8000.0,12000.0
2024-02-16 12:00,679.7553485100001,5000.0,8000.0,12000.0
2024-02-16 13:00,620.6225741400001,5000.0,8000.0,12000.0
2024-02-16 14:00,623.6448893700002,5000.0,8000.0,12000.0
2024-02-16 15:00,571.10671686,5000.0,8000.0,12000.0
2024-02-16 16:00,564.73803411,5000.0,8000.0,12000.0
2024-02-16 17:00,775.5761839500003,5000.0,8000.0,12000.0
2024-02-16 18:00,1053.4697709600005,5000.0,8000.0,12000.0
2024-02-16 19:00,1040.9388562200004,5000.0,8000.0,12000.0
2024-02-16 20:00,929.0067291600004,5000.0,8000.0,12000.0
2024-02-16 21:00,790.6624164000006,5000.0,8000.0,12000.0
2024-02-16 22:00,782.3117921400005,5000.0,8000.0,12000.0
2024-02-16 23:00,542.44362075,5000.0,8000.0,12000.0
2024-02-17 00:00,543.68561523,5000.0,8000.0,12000.0
2024-02-17 01:00,550.55796279,5000.0,8000.0,12000.0
2024-02-17 02:00,552.23464968,5000.0,8000.0,12000.0
2024-02-17 03:00,553.6629379499999,5000.0,8000.0,12000.0
2024-02-17 04:00,553.1868414,5000.0,8000.0,12000.0
2024-02-17 05:00,553.43524002,5000.0,8000.0,12000.0
2024-02-17 06:00,563.4488912400003,5000.0,8000.0,12000.0
2024-02-17 07:00,570.4659393900002,5000.0,8000.0,12000.0
2024-02-17 08:00,582.6043848900005,5000.0,8000.0,12000.0
2024-02-17 09:00,613.1010007500003,5000.0,8000.0,12000.0
2024-02-17 10:00,675.7878119400001,5000.0,8000.0,12000.0
2024-02-17 11:00,650.0716030200002,5000.0,8000.0,12000.0
2024-02-17 12:00,670.1850747300001,5000.0,8000.0,12000.0
2024-02-17 13:00,657.5789044500002,5000.0,8000.0,12000.0
2024-02-17 14:00,623.2033011000002,5000.0,8000.0,12000.0
2024-02-17 15:00,581.3876920199999,5000.0,8000.0,12000.0
2024-02-17 16:00,560.9844341099999,5000.0,8000.0,12000.0
2024-02-17 17:00,735.7563757200003,5000.0,8000.0,12000.0
2024-02-17 18:00,1040.9326745100004,5000.0,8000.0,12000.0
2024-02-17 19:00,969.0479225100005,5000.0,8000.0,12000.0
2024-02-17 20:00,944.6283153600004,5000.0,8000.0,12000.0
2024-02-17 21:00,927.2544990000007,5000.0,8000.0,12000.0
2024-02-17 22:00,744.3134700600004,5000.0,8000.0,12000.0
2024-02-17 23:00,542.44362213,5000.0,8000.0,12000.0
2024-02-18 00:00,542.2780248900001,5000.0,8000.0,12000.0
2024-02-18 01:00,551.2410552,5000.0,8000.0,12000.0
2024-02-18 02:00,553.58013726,5000.0,8000.0,12000.0
2024-02-18 03:00,553.91133726,5000.0,8000.0,12000.0
2024-02-18 04:00,553.04194347,5000.0,8000.0,12000.0
2024-02-18 05:00,555.04982898,5000.0,8000.0,12000.0
2024-02-18 06:00,562.0274898600003,5000.0,8000.0,12000.0
2024-02-18 07:00,569.1755986800002,5000.0,8000.0,12000.0
2024-02-18 08:00,585.8886413700003,5000.0,8000.0,12000.0
2024-02-18 09:00,608.4021311100003,5000.0,8000.0,12000.0
2024-02-18 10:00,664.2855926700001,5000.0,8000.0,12000.0
2024-02-18 11:00,676.2707229300001,5000.0,8000.0,12000.0
2024-02-18 12:00,621.4160631000002,5000.0,8000.0,12000.0
2024-02-18 13:00,625.3628872500001,5000.0,8000.0,12000.0
2024-02-18 14:00,616.4413528500003,5000.0,8000.0,12000.0
2024-02-18 15:00,564.57933342,5000.0,8000.0,12000.0
2024-02-18 16:00,588.9362830499999,5000.0,8000.0,12000.0
2024-02-18 17:00,844.5761391000002,5000.0,8000.0,12000.0
2024-02-18 18:00,854.5638690900006,5000.0,8000.0,12000.0
2024-02-18 19:00,1035.5847784500006,5000.0,8000.0,12000.0
2024-02-18 20:00,906.7265139300005,5000.0,8000.0,12000.0
2024-02-18 21:00,941.1165879600006,5000.0,8000.0,12000.0
2024-02-18 22:00,821.1586362000004,5000.0,8000.0,12000.0
2024-02-18 23:00,543.2095159200001,5000.0,8000.0,12000.0
2024-02-19 00:00,542.1745242000001,5000.0,8000.0,12000.0
2024-02-19 01:00,551.36525589,5000.0,8000.0,12000.0
2024-02-19 02:00,553.53874002,5000.0,8000.0,12000.0
2024-02-19 03:00,554.42883312,5000.0,8000.0,12000.0
2024-02-19 04:00,555.98132139,5000.0,8000.0,12000.0
2024-02-19 05:00,556.78861518,5000.0,8000.0,12000.0
2024-02-19 06:00,564.2837505300002,5000.0,8000.0,12000.0
2024-02-19 07:00,569.6862042000001,5000.0,8000.0,12000.0
2024-02-19 08:00,577.6985580300004,5000.0,8000.0,12000.0
2024-02-19 09:00,613.6392117900002,5000.0,8000.0,12000.0
2024-02-19 10:00,670.5160704900002,5000.0,8000.0,12000.0
2024-02-19 11:00,691.8232946400002,5000.0,8000.0,12000.0
2024-02-19 12:00,647.0839430400002,5000.0,8000.0,12000.0
2024-02-19 13:00,655.5158016900002,5000.0,8000.0,12000.0
2024-02-19 14:00,617.6488928700002,5000.0,8000.0,12000.0
2024-02-19 15:00,583.43009616,5000.0,8000.0,12000.0
2024-02-19 16:00,602.93635545,5000.0,8000.0,12000.0
2024-02-19 17:00,906.7726652700002,5000.0,8000.0,12000.0
2024-02-19 18:00,852.3768105900004,5000.0,8000.0,12000.0
2024-02-19 19:00,928.5727771200005,5000.0,8000.0,12000.0
2024-02-19 20:00,908.3964760800005,5000.0,8000.0,12000.0
2024-02-19 21:00,893.2374003300007,5000.0,8000.0,12000.0
2024-02-19 22:00,813.3616465500004,5000.0,8000.0,12000.0
2024-02-19 23:00,542.87831937,5000.0,8000.0,12000.0
2024-02-20 00:00,543.0853166100001,5000.0,8000.0,12000.0
2024-02-20 01:00,550.16466417,5000.0,8000.0,12000.0
2024-02-20 02:00,552.3381483,5000.0,8000.0,12000.0
2024-02-20 03:00,552.4830489899999,5000.0,8000.0,12000.0
2024-02-20 04:00,553.3938420899999,5000.0,8000.0,12000.0
2024-02-20 05:00,555.67082415,5000.0,8000.0,12000.0
2024-02-20 06:00,571.1008525500002,5000.0,8000.0,12000.0
2024-02-20 07:00,573.5087683200002,5000.0,8000.0,12000.0
2024-02-20 08:00,588.6142593600003,5000.0,8000.0,12000.0
2024-02-20 09:00,619.5938145000002,5000.0,8000.0,12000.0
2024-02-20 10:00,626.4322782300002,5000.0,8000.0,12000.0
2024-02-20 11:00,632.1041313600001,5000.0,8000.0,12000.0
2024-02-20 12:00,634.0291602900002,5000.0,8000.0,12000.0
2024-02-20 13:00,635.7335755200002,5000.0,8000.0,12000.0
2024-02-20 14:00,620.3744149500002,5000.0,8000.0,12000.0
2024-02-20 15:00,614.86642716,5000.0,8000.0,12000.0
2024-02-20 16:00,591.0821692499999,5000.0,8000.0,12000.0
2024-02-20 17:00,781.0271963700002,5000.0,8000.0,12000.0
2024-02-20 18:00,907.5144759900006,5000.0,8000.0,12000.0
2024-02-20 19:00,1028.1258763800006,5000.0,8000.0,12000.0
2024-02-20 20:00,928.4961622800005,5000.0,8000.0,12000.0
2024-02-20 21:00,962.1130126500005,5000.0,8000.0,12000.0
2024-02-20 22:00,793.7587299900005,5000.0,8000.0,12000.0
2024-02-20 23:00,543.29231454,5000.0,8000.0,12000.0
2024-02-21 00:00,541.38792765,5000.0,8000.0,12000.0
2024-02-21 01:00,550.7856593399999,5000.0,8000.0,12000.0
2024-02-21 02:00,552.7521448499999,5000.0,8000.0,12000.0
2024-02-21 03:00,554.26323381,5000.0,8000.0,12000.0
2024-02-21 04:00,552.97984416,5000.0,8000.0,12000.0
2024-02-21 05:00,552.97984347,5000.0,8000.0,12000.0
2024-02-21 06:00,565.0703105100002,5000.0,8000.0,12000.0
2024-02-21 07:00,575.0956924200002,5000.0,8000.0,12000.0
2024-02-21 08:00,585.8197338300004,5000.0,8000.0,12000.0
2024-02-21 09:00,600.2739414600002,5000.0,8000.0,12000.0
2024-02-21 10:00,683.8331319000002,5000.0,8000.0,12000.0
2024-02-21 11:00,704.8918104600001,5000.0,8000.0,12000.0
2024-02-21 12:00,697.2742663500001,5000.0,8000.0,12000.0
2024-02-21 13:00,623.8517624100002,5000.0,8000.0,12000.0
2024-02-21 14:00,618.5183066700002,5000.0,8000.0,12000.0
2024-02-21 15:00,604.9787533800001,5000.0,8000.0,12000.0
2024-02-21 16:00,566.25603135,5000.0,8000.0,12000.0
2024-02-21 17:00,861.3707218600003,5000.0,8000.0,12000.0
2024-02-21 18:00,979.6126084200005,5000.0,8000.0,12000.0
2024-02-21 19:00,904.7472372000007,5000.0,8000.0,12000.0
2024-02-21 20:00,850.3677382800005,5000.0,8000.0,12000.0
2024-02-21 21:00,898.6264335000004,5000.0,8000.0,12000.0
2024-02-21 22:00,783.5812079100004,5000.0,8000.0,12000.0
2024-02-21 23:00,542.48502282,5000.0,8000.0,12000.0
2024-02-22 00:00,541.98822834,5000.0,8000.0,12000.0
2024-02-22 01:00,551.7378538199999,5000.0,8000.0,12000.0
2024-02-22 02:00,552.25534899,5000.0,8000.0,12000.0
2024-02-22 03:00,552.50374692,5000.0,8000.0,12000.0
2024-02-22 04:00,552.6486455400001,5000.0,8000.0,12000.0
2024-02-22 05:00,555.2154269099999,5000.0,8000.0,12000.0
2024-02-22 06:00,560.2542285000003,5000.0,8000.0,12000.0
2024-02-22 07:00,570.7694710800002,5000.0,8000.0,12000.0
2024-02-22 08:00,591.7813200300004,5000.0,8000.0,12000.0
2024-02-22 09:00,632.3034903000002,5000.0,8000.0,12000.0
2024-02-22 10:00,651.7688802000001,5000.0,8000.0,12000.0
2024-02-22 11:00,646.5250188900002,5000.0,8000.0,12000.0
2024-02-22 12:00,648.5468072100001,5000.0,8000.0,12000.0
2024-02-22 13:00,662.6021044500001,5000.0,8000.0,12000.0
2024-02-22 14:00,652.1348838000001,5000.0,8000.0,12000.0
2024-02-22 15:00,576.8475058199999,5000.0,8000.0,12000.0
2024-02-22 16:00,587.9909823599999,5000.0,8000.0,12000.0
2024-02-22 17:00,826.5878818866669,5000.0,8000.0,12000.0
2024-02-22 18:00,936.0458283300005,5000.0,8000.0,12000.0
2024-02-22 19:00,975.8169674100004,5000.0,8000.0,12000.0
2024-02-22 20:00,957.0897836700007,5000.0,8000.0,12000.0
2024-02-22 21:00,855.5913025500007,5000.0,8000.0,12000.0
2024-02-22 22:00,754.0700238300004,5000.0,8000.0,12000.0
2024-02-22 23:00,541.2223331700001,5000.0,8000.0,12000.0
2024-02-23 00:00,544.20310902,5000.0,8000.0,12000.0
2024-02-23 01:00,549.7299669299999,5000.0,8000.0,12000.0
2024-02-23 02:00,551.4480565800001,5000.0,8000.0,12000.0
2024-02-23 03:00,552.71074554,5000.0,8000.0,12000.0
2024-02-23 04:00,555.3810262200001,5000.0,8000.0,12000.0
2024-02-23 05:00,554.2839345,5000.0,8000.0,12000.0
2024-02-23 06:00,562.0827450600003,5000.0,8000.0,12000.0
2024-02-23 07:00,568.8513932100002,5000.0,8000.0,12000.0
2024-02-23 08:00,583.6807621200004,5000.0,8000.0,12000.0
2024-02-23 09:00,617.9722965600001,5000.0,8000.0,12000.0
2024-02-23 10:00,645.0278010000002,5000.0,8000.0,12000.0
2024-02-23 11:00,685.1097319500002,5000.0,8000.0,12000.0
2024-02-23 12:00,671.6754022800001,5000.0,8000.0,12000.0
2024-02-23 13:00,626.9292838500002,5000.0,8000.0,12000.0
2024-02-23 14:00,635.4232873500002,5000.0,8000.0,12000.0
2024-02-23 15:00,571.81740996,5000.0,8000.0,12000.0
2024-02-23 16:00,575.8539072,5000.0,8000.0,12000.0
2024-02-23 17:00,772.2366474300002,5000.0,8000.0,12000.0
2024-02-23 18:00,886.4556242400006,5000.0,8000.0,12000.0
2024-02-23 19:00,895.0870067400004,5000.0,8000.0,12000.0
2024-02-23 20:00,1016.0292821400004,5000.0,8000.0,12000.0
2024-02-23 21:00,978.6937851000006,5000.0,8000.0,12000.0
2024-02-23 22:00,787.6936562100004,5000.0,8000.0,12000.0
2024-02-23 23:00,544.88620281,5000.0,8000.0,12000.0
2024-02-24 00:00,544.2859083300001,5000.0,8000.0,12000.0
2024-02-24 01:00,550.9305593400001,5000.0,8000.0,12000.0
2024-02-24 02:00,549.41946969,5000.0,8000.0,12000.0
2024-02-24 03:00,551.4273552,5000.0,8000.0,12000.0
2024-02-24 04:00,555.38102553,5000.0,8000.0,12000.0
2024-02-24 05:00,554.88422967,5000.0,8000.0,12000.0
2024-02-24 06:00,563.8490201700002,5000.0,8000.0,12000.0
2024-02-24 07:00,575.2751138100001,5000.0,8000.0,12000.0
2024-02-24 08:00,579.4787083500004,5000.0,8000.0,12000.0
2024-02-24 09:00,605.8077338700002,5000.0,8000.0,12000.0
2024-02-24 10:00,645.3658285500002,5000.0,8000.0,12000.0
2024-02-24 11:00,706.3890469800002,5000.0,8000.0,12000.0
2024-02-24 12:00,683.0051229300002,5000.0,8000.0,12000.0
2024-02-24 13:00,647.1393279600002,5000.0,8000.0,12000.0
2024-02-24 14:00,630.3586266300002,5000.0,8000.0,12000.0
2024-02-24 15:00,594.13887063,5000.0,8000.0,12000.0
2024-02-24 16:00,563.8893341099999,5000.0,8000.0,12000.0
2024-02-24 17:00,777.7428136200002,5000.0,8000.0,12000.0
2024-02-24 18:00,850.4930685000005,5000.0,8000.0,12000.0
2024-02-24 19:00,941.1169929900005,5000.0,8000.0,12000.0
2024-02-24 20:00,936.9695347800006,5000.0,8000.0,12000.0
2024-02-24 21:00,924.2735071800005,5000.0,8000.0,12000.0
2024-02-24 22:00,882.7824596100004,5000.0,8000.0,12000.0
2024-02-24 23:00,544.76200557,5000.0,8000.0,12000.0
2024-02-25 00:00,540.97393317,5000.0,8000.0,12000.0
2024-02-25 01:00,550.4958627899999,5000.0,8000.0,12000.0
2024-02-25 02:00,552.33814968,5000.0,8000.0,12000.0
2024-02-25 03:00,553.80783795,5000.0,8000.0,12000.0
2024-02-25 04:00,553.64223795,5000.0,8000.0,12000.0
2024-02-25 05:00,552.81424692,5000.0,8000.0,12000.0
2024-02-25 06:00,565.3670305200002,5000.0,8000.0,12000.0
2024-02-25 07:00,568.3408504800003,5000.0,8000.0,12000.0
2024-02-25 08:00,594.4860206700004,5000.0,8000.0,12000.0
2024-02-25 09:00,625.0793138100001,5000.0,8000.0,12000.0
2024-02-25 10:00,651.5965727100003,5000.0,8000.0,12000.0
2024-02-25 11:00,656.8335837000001,5000.0,8000.0,12000.0
2024-02-25 12:00,649.8577844400002,5000.0,8000.0,12000.0
2024-02-25 13:00,625.9424962200003,5000.0,8000.0,12000.0
2024-02-25 14:00,630.9451183500003,5000.0,8000.0,12000.0
2024-02-25 15:00,624.42291888,5000.0,8000.0,12000.0
2024-02-25 16:00,577.9308078899999,5000.0,8000.0,12000.0
2024-02-25 17:00,802.6931977500003,5000.0,8000.0,12000.0
2024-02-25 18:00,884.8341822000006,5000.0,8000.0,12000.0
2024-02-25 19:00,1012.5524218200005,5000.0,8000.0,12000.0
2024-02-25 20:00,1004.2786180200005,5000.0,8000.0,12000.0
2024-02-25 21:00,832.3865452800005,5000.0,8000.0,12000.0
2024-02-25 22:00,824.6155396500004,5000.0,8000.0,12000.0
2024-02-25 23:00,546.3558931499999,5000.0,8000.0,12000.0
2024-02-26 00:00,542.00892627,5000.0,8000.0,12000.0
2024-02-26 01:00,551.63435313,5000.0,8000.0,12000.0
2024-02-26 02:00,552.3174476099999,5000.0,8000.0,12000.0
2024-02-26 03:00,553.1661427800001,5000.0,8000.0,12000.0
2024-02-26 04:00,555.52592415,5000.0,8000.0,12000.0
2024-02-26 05:00,555.19472691,5000.0,8000.0,12000.0
2024-02-26 06:00,563.1728926200002,5000.0,8000.0,12000.0
2024-02-26 07:00,568.4580918300002,5000.0,8000.0,12000.0
2024-02-26 08:00,584.7089290500004,5000.0,8000.0,12000.0
2024-02-26 09:00,600.8052870000002,5000.0,8000.0,12000.0
2024-02-26 10:00,616.2893596500002,5000.0,8000.0,12000.0
2024-02-26 11:00,654.1358092800002,5000.0,8000.0,12000.0
2024-02-26 12:00,685.7444608800001,5000.0,8000.0,12000.0
2024-02-26 13:00,649.4367843900002,5000.0,8000.0,12000.0
2024-02-26 14:00,621.8439955800002,5000.0,8000.0,12000.0
2024-02-26 15:00,589.0673816699999,5000.0,8000.0,12000.0
2024-02-26 16:00,590.81308236,5000.0,8000.0,12000.0
2024-02-26 17:00,815.7479535900003,5000.0,8000.0,12000.0
2024-02-26 18:00,885.3862946700007,5000.0,8000.0,12000.0
2024-02-26 19:00,959.3396777100005,5000.0,8000.0,12000.0
2024-02-26 20:00,1010.4333966300004,5000.0,8000.0,12000.0
2024-02-26 21:00,944.6078941200007,5000.0,8000.0,12000.0
2024-02-26 22:00,770.8576210200005,5000.0,8000.0,12000.0
2024-02-26 23:00,541.1395311,5000.0,8000.0,12000.0
2024-02-27 00:00,542.54712006,5000.0,8000.0,12000.0
2024-02-27 01:00,550.78566072,5000.0,8000.0,12000.0
2024-02-27 02:00,550.8891614099999,5000.0,8000.0,12000.0
2024-02-27 03:00,553.43524209,5000.0,8000.0,12000.0
2024-02-27 04:00,554.22183519,5000.0,8000.0,12000.0
2024-02-27 05:00,555.48452484,5000.0,8000.0,12000.0
2024-02-27 06:00,566.0224401300003,5000.0,8000.0,12000.0
2024-02-27 07:00,571.8044772900001,5000.0,8000.0,12000.0
2024-02-27 08:00,590.9532475800004,5000.0,8000.0,12000.0
2024-02-27 09:00,611.5485297300003,5000.0,8000.0,12000.0
2024-02-27 10:00,641.3431892700003,5000.0,8000.0,12000.0
2024-02-27 11:00,646.7663898600001,5000.0,8000.0,12000.0
2024-02-27 12:00,640.81171056,5000.0,8000.0,12000.0
2024-02-27 13:00,677.7337099200001,5000.0,8000.0,12000.0
2024-02-27 14:00,625.9840307700001,5000.0,8000.0,12000.0
2024-02-27 15:00,578.0826037499999,5000.0,8000.0,12000.0
2024-02-27 16:00,622.3805106,5000.0,8000.0,12000.0
2024-02-27 17:00,833.6051501400002,5000.0,8000.0,12000.0
2024-02-27 18:00,936.1011180300005,5000.0,8000.0,12000.0
2024-02-27 19:00,944.3116854000004,5000.0,8000.0,12000.0
2024-02-27 20:00,955.8340092000004,5000.0,8000.0,12000.0
2024-02-27 21:00,911.8261790400005,5000.0,8000.0,12000.0
2024-02-27 22:00,718.5834300900004,5000.0,8000.0,12000.0
2024-02-27 23:00,544.41010833,5000.0,8000.0,12000.0
2024-02-28 00:00,541.98822489,5000.0,8000.0,12000.0
2024-02-28 01:00,551.5101558900001,5000.0,8000.0,12000.0
2024-02-28 02:00,554.1804351899999,5000.0,8000.0,12000.0
2024-02-28 03:00,553.97343588,5000.0,8000.0,12000.0
2024-02-28 04:00,554.24253519,5000.0,8000.0,12000.0
2024-02-28 05:00,554.11833381,5000.0,8000.0,12000.0
2024-02-28 06:00,563.0210160300002,5000.0,8000.0,12000.0
2024-02-28 07:00,570.8385911400002,5000.0,8000.0,12000.0
2024-02-28 08:00,578.8163373300005,5000.0,8000.0,12000.0
2024-02-28 09:00,586.2739760100002,5000.0,8000.0,12000.0
2024-02-28 10:00,637.3273554600001,5000.0,8000.0,12000.0
2024-02-28 11:00,661.8498291900002,5000.0,8000.0,12000.0
2024-02-28 12:00,644.0478719700002,5000.0,8000.0,12000.0
2024-02-28 13:00,637.1342679300002,5000.0,8000.0,12000.0
2024-02-28 14:00,644.1448342200002,5000.0,8000.0,12000.0
2024-02-28 15:00,574.6878127199999,5000.0,8000.0,12000.0
2024-02-28 16:00,579.98700651,5000.0,8000.0,12000.0
2024-02-28 17:00,782.2899163800001,5000.0,8000.0,12000.0
2024-02-28 18:00,937.9640373000005,5000.0,8000.0,12000.0
2024-02-28 19:00,1098.6919783500007,5000.0,8000.0,12000.0
2024-02-28 20:00,938.8461595200005,5000.0,8000.0,12000.0
2024-02-28 21:00,842.4326216700006,5000.0,8000.0,12000.0
2024-02-28 22:00,826.4716141200005,5000.0,8000.0,12000.0
2024-02-28 23:00,542.9818173,5000.0,8000.0,12000.0
2024-02-29 00:00,544.18240902,5000.0,8000.0,12000.0
2024-02-29 01:00,550.57866072,5000.0,8000.0,12000.0
2024-02-29 02:00,552.0690517500001,5000.0,8000.0,12000.0
2024-02-29 03:00,551.26175727,5000.0,8000.0,12000.0
2024-02-29 04:00,554.0769365699999,5000.0,8000.0,12000.0
2024-02-29 05:00,553.3731400199999,5000.0,8000.0,12000.0
2024-02-29 06:00,560.0610519600002,5000.0,8000.0,12000.0
2024-02-29 07:00,570.7005766500002,5000.0,8000.0,12000.0
2024-02-29 08:00,588.3657634500003,5000.0,8000.0,12000.0
2024-02-29 09:00,604.5795373200002,5000.0,8000.0,12000.0
2024-02-29 10:00,647.1461472300002,5000.0,8000.0,12000.0
2024-02-29 11:00,655.0257857700002,5000.0,8000.0,12000.0
2024-02-29 12:00,683.8744587600002,5000.0,8000.0,12000.0
2024-02-29 13:00,668.3151354000001,5000.0,8000.0,12000.0
2024-02-29 14:00,627.9918997200002,5000.0,8000.0,12000.0
2024-02-29 15:00,565.8213244499999,5000.0,8000.0,12000.0
2024-02-29 16:00,585.3620864999999,5000.0,8000.0,12000.0
2024-02-29 17:00,795.3654032700002,5000.0,8000.0,12000.0
2024-02-29 18:00,989.9624069400004,5000.0,8000.0,12000.0
2024-02-29 19:00,943.4355475500004,5000.0,8000.0,12000.0
2024-02-29 20:00,933.4917402000005,5000.0,8000.0,12000.0
2024-02-29 21:00,842.2257465600006,5000.0,8000.0,12000.0
2024-02-29 22:00,834.8274678900004,5000.0,8000.0,12000.0
2024-02-29 23:00,541.30512903,5000.0,8000.0,12000.0
2024-03-01 00:00,542.19522489,5000.0,8000.0,12000.0
2024-03-01 01:00,550.88915865,5000.0,8000.0,12000.0
2024-03-01 02:00,550.4130621,5000.0,8000.0,12000.0
2024-03-01 03:00,554.9256289799999,5000.0,8000.0,12000.0
2024-03-01 04:00,554.5944331200001,5000.0,8000.0,12000.0
2024-03-01 05:00,554.69793036,5000.0,8000.0,12000.0
2024-03-01 06:00,565.0633773900003,5000.0,8000.0,12000.0
2024-03-01 07:00,569.9898669900001,5000.0,8000.0,12000.0
2024-03-01 08:00,586.5305124900003,5000.0,8000.0,12000.0
2024-03-01 09:00,603.5377083900003,5000.0,8000.0,12000.0
2024-03-01 10:00,623.4515769000002,5000.0,8000.0,12000.0
2024-03-01 11:00,665.8933796100002,5000.0,8000.0,12000.0
2024-03-01 12:00,644.6620892700001,5000.0,8000.0,12000.0
2024-03-01 13:00,654.1771264800002,5000.0,8000.0,12000.0
2024-03-01 14:00,621.7888480200002,5000.0,8000.0,12000.0
2024-03-01 15:00,599.0102602799999,5000.0,8000.0,12000.0
2024-03-01 16:00,595.7120761499999,5000.0,8000.0,12000.0
2024-03-01 17:00,758.6643377700002,5000.0,8000.0,12000.0
2024-03-01 18:00,937.6396317300006,5000.0,8000.0,12000.0
2024-03-01 19:00,940.7716935300006,5000.0,8000.0,12000.0
2024-03-01 20:00,1003.1400759300005,5000.0,8000.0,12000.0
2024-03-01 21:00,866.3621742600005,5000.0,8000.0,12000.0
2024-03-01 22:00,875.7651596100004,5000.0,8000.0,12000.0
2024-03-01 23:00,541.1188311000001,5000.0,8000.0,12000.0
2024-03-02 00:00,540.58063455,5000.0,8000.0,12000.0
2024-03-02 01:00,553.3110407099999,5000.0,8000.0,12000.0
2024-03-02 02:00,553.5180407099999,5000.0,8000.0,12000.0
2024-03-02 03:00,553.91133657,5000.0,8000.0,12000.0
2024-03-02 04:00,553.3524393299999,5000.0,8000.0,12000.0
2024-03-02 05:00,554.76003036,5000.0,8000.0,12000.0
2024-03-02 06:00,565.9811001600003,5000.0,8000.0,12000.0
2024-03-02 07:00,571.9079248500002,5000.0,8000.0,12000.0
2024-03-02 08:00,586.0889014500004,5000.0,8000.0,12000.0
2024-03-02 09:00,634.5598268700002,5000.0,8000.0,12000.0
2024-03-02 10:00,666.5142850800001,5000.0,8000.0,12000.0
2024-03-02 11:00,718.0432608300001,5000.0,8000.0,12000.0
2024-03-02 12:00,683.4605325900001,5000.0,8000.0,12000.0
2024-03-02 13:00,619.8843024300002,5000.0,8000.0,12000.0
2024-03-02 14:00,605.2979432400002,5000.0,8000.0,12000.0
2024-03-02 15:00,605.3858540699999,5000.0,8000.0,12000.0
2024-03-02 16:00,574.1979140999999,5000.0,8000.0,12000.0
2024-03-02 17:00,759.2301564000003,5000.0,8000.0,12000.0
2024-03-02 18:00,963.8391552900007,5000.0,8000.0,12000.0
2024-03-02 19:00,1003.9414246800005,5000.0,8000.0,12000.0
2024-03-02 20:00,904.5533499600006,5000.0,8000.0,12000.0
2024-03-02 21:00,837.7202363100005,5000.0,8000.0,12000.0
2024-03-02 22:00,817.5153347700004,5000.0,8000.0,12000.0
2024-03-02 23:00,539.7940386900001,5000.0,8000.0,12000.0
2024-03-03 00:00,543.54071247,5000.0,8000.0,12000.0
2024-03-03 01:00,549.99906486,5000.0,8000.0,12000.0
2024-03-03 02:00,549.93696555,5000.0,8000.0,12000.0
2024-03-03 03:00,552.85564554,5000.0,8000.0,12000.0
2024-03-03 04:00,553.93203588,5000.0,8000.0,12000.0
2024-03-03 05:00,553.02124209,5000.0,8000.0,12000.0
2024-03-03 06:00,563.1107677800003,5000.0,8000.0,12000.0
2024-03-03 07:00,566.8366642800003,5000.0,8000.0,12000.0
2024-03-03 08:00,574.5247070700004,5000.0,8000.0,12000.0
2024-03-03 09:00,605.7801497400002,5000.0,8000.0,12000.0
2024-03-03 10:00,671.1027250500002,5000.0,8000.0,12000.0
2024-03-03 11:00,656.4885450600001,5000.0,8000.0,12000.0
2024-03-03 12:00,632.5594823700001,5000.0,8000.0,12000.0
2024-03-03 13:00,653.3561120400002,5000.0,8000.0,12000.0
2024-03-03 14:00,618.1594707900002,5000.0,8000.0,12000.0
2024-03-03 15:00,606.25524027,5000.0,8000.0,12000.0
2024-03-03 16:00,578.4138072,5000.0,8000.0,12000.0
2024-03-03 17:00,801.1061991300002,5000.0,8000.0,12000.0
2024-03-03 18:00,902.3739207900004,5000.0,8000.0,12000.0
2024-03-03 19:00,1026.4903003800005,5000.0,8000.0,12000.0
2024-03-03 20:00,918.8566884000005,5000.0,8000.0,12000.0
2024-03-03 21:00,929.5382230500005,5000.0,8000.0,12000.0
2024-03-03 22:00,794.8696644900004,5000.0,8000.0,12000.0
2024-03-03 23:00,541.34652972,5000.0,8000.0,12000.0
2024-03-04 00:00,540.02173869,5000.0,8000.0,12000.0
2024-03-04 01:00,550.84775934,5000.0,8000.0,12000.0
2024-03-04 02:00,554.92563036,5000.0,8000.0,12000.0
2024-03-04 03:00,553.00054485,5000.0,8000.0,12000.0
2024-03-04 04:00,554.49093312,5000.0,8000.0,12000.0
2024-03-04 05:00,554.2218345,5000.0,8000.0,12000.0
2024-03-04 06:00,563.8144780800002,5000.0,8000.0,12000.0
2024-03-04 07:00,568.6926939000002,5000.0,8000.0,12000.0
2024-03-04 08:00,581.5693752300004,5000.0,8000.0,12000.0
2024-03-04 09:00,602.5717035600003,5000.0,8000.0,12000.0
2024-03-04 10:00,647.1252795600001,5000.0,8000.0,12000.0
2024-03-04 11:00,676.4778581700001,5000.0,8000.0,12000.0
2024-03-04 12:00,676.1879795100001,5000.0,8000.0,12000.0
2024-03-04 13:00,618.3386562000002,5000.0,8000.0,12000.0
2024-03-04 14:00,625.9218279600002,5000.0,8000.0,12000.0
2024-03-04 15:00,595.67067132,5000.0,8000.0,12000.0
2024-03-04 16:00,614.41793475,5000.0,8000.0,12000.0
2024-03-04 17:00,807.2195963833335,5000.0,8000.0,12000.0
2024-03-04 18:00,886.8146553900006,5000.0,8000.0,12000.0
2024-03-04 19:00,934.6102205400005,5000.0,8000.0,12000.0
2024-03-04 20:00,1030.5814759800005,5000.0,8000.0,12000.0
2024-03-04 21:00,860.4417520800006,5000.0,8000.0,12000.0
2024-03-04 22:00,799.5340465500005,5000.0,8000.0,12000.0
2024-03-04 23:00,542.87831799,5000.0,8000.0,12000.0
2024-03-05 00:00,543.0853166100001,5000.0,8000.0,12000.0
2024-03-05 01:00,549.70926693,5000.0,8000.0,12000.0
2024-03-05 02:00,553.12474209,5000.0,8000.0,12000.0
2024-03-05 03:00,552.1518496799999,5000.0,8000.0,12000.0
2024-03-05 04:00,553.70433795,5000.0,8000.0,12000.0
2024-03-05 05:00,553.68363795,5000.0,8000.0,12000.0
2024-03-05 06:00,564.7805788200003,5000.0,8000.0,12000.0
2024-03-05 07:00,572.7430270200002,5000.0,8000.0,12000.0
2024-03-05 08:00,577.5811938600003,5000.0,8000.0,12000.0
2024-03-05 09:00,615.8747634900002,5000.0,8000.0,12000.0
2024-03-05 10:00,636.8029547700002,5000.0,8000.0,12000.0
2024-03-05 11:00,663.2160540300002,5000.0,8000.0,12000.0
2024-03-05 12:00,642.4264968600002,5000.0,8000.0,12000.0
2024-03-05 13:00,638.3968796100002,5000.0,8000.0,12000.0
2024-03-05 14:00,647.5119272700002,5000.0,8000.0,12000.0
2024-03-05 15:00,607.21434855,5000.0,8000.0,12000.0
2024-03-05 16:00,574.4187134099999,5000.0,8000.0,12000.0
2024-03-05 17:00,767.0271391500003,5000.0,8000.0,12000.0
2024-03-05 18:00,973.1953558800004,5000.0,8000.0,12000.0
2024-03-05 19:00,971.5318631700005,5000.0,8000.0,12000.0
2024-03-05 20:00,850.7678685900006,5000.0,8000.0,12000.0
2024-03-05 21:00,1023.4471671600006,5000.0,8000.0,12000.0
2024-03-05 22:00,787.3142562600005,5000.0,8000.0,12000.0
2024-03-05 23:00,542.23662489,5000.0,8000.0,12000.0
2024-03-06 00:00,544.18240902,5000.0,8000.0,12000.0
2024-03-06 01:00,547.41158625,5000.0,8000.0,12000.0
2024-03-06 02:00,552.3174476099999,5000.0,8000.0,12000.0
2024-03-06 03:00,553.16614209,5000.0,8000.0,12000.0
2024-03-06 04:00,554.11833381,5000.0,8000.0,12000.0
2024-03-06 05:00,555.54662484,5000.0,8000.0,12000.0
2024-03-06 06:00,565.4843477700002,5000.0,8000.0,12000.0
2024-03-06 07:00,575.5786455000002,5000.0,8000.0,12000.0
2024-03-06 08:00,582.4318986900004,5000.0,8000.0,12000.0
2024-03-06 09:00,592.7047622100002,5000.0,8000.0,12000.0
2024-03-06 10:00,642.2678644800002,5000.0,8000.0,12000.0
2024-03-06 11:00,676.2360952800002,5000.0,8000.0,12000.0
2024-03-06 12:00,693.6448422000001,5000.0,8000.0,12000.0
2024-03-06 13:00,665.4517540800002,5000.0,8000.0,12000.0
2024-03-06 14:00,662.7127852800003,5000.0,8000.0,12000.0
2024-03-06 15:00,569.4507237599998,5000.0,8000.0,12000.0
2024-03-06 16:00,577.9170127199999,5000.0,8000.0,12000.0
2024-03-06 17:00,841.9679342633335,5000.0,8000.0,12000.0
2024-03-06 18:00,888.6912932400005,5000.0,8000.0,12000.0
2024-03-06 19:00,895.0388985600006,5000.0,8000.0,12000.0
2024-03-06 20:00,993.0388471500006,5000.0,8000.0,12000.0
2024-03-06 21:00,875.8355306400006,5000.0,8000.0,12000.0
2024-03-06 22:00,800.1826472400005,5000.0,8000.0,12000.0
2024-03-06 23:00,540.27013731,5000.0,8000.0,12000.0
2024-03-07 00:00,541.76052696,5000.0,8000.0,12000.0
2024-03-07 01:00,547.16318625,5000.0,8000.0,12000.0
2024-03-07 02:00,551.84135244,5000.0,8000.0,12000.0
2024-03-07 03:00,552.95914416,5000.0,8000.0,12000.0
2024-03-07 04:00,555.2775276,5000.0,8000.0,12000.0
2024-03-07 05:00,554.71862967,5000.0,8000.0,12000.0
2024-03-07 06:00,560.3922367800003,5000.0,8000.0,12000.0
2024-03-07 07:00,568.7271338700003,5000.0,8000.0,12000.0
2024-03-07 08:00,585.8059255500004,5000.0,8000.0,12000.0
2024-03-07 09:00,600.7155552600002,5000.0,8000.0,12000.0
2024-03-07 10:00,631.4348154900001,5000.0,8000.0,12000.0
2024-03-07 11:00,662.9193098700001,5000.0,8000.0,12000.0
2024-03-07 12:00,651.0101058300003,5000.0,8000.0,12000.0
2024-03-07 13:00,613.0051107600001,5000.0,8000.0,12000.0
2024-03-07 14:00,604.7183453100002,5000.0,8000.0,12000.0
2024-03-07 15:00,626.1134036999999,5000.0,8000.0,12000.0
2024-03-07 16:00,587.50798719,5000.0,8000.0,12000.0
2024-03-07 17:00,733.6380874500003,5000.0,8000.0,12000.0
2024-03-07 18:00,963.6388151700006,5000.0,8000.0,12000.0
2024-03-07 19:00,1009.7507886000004,5000.0,8000.0,12000.0
2024-03-07 20:00,1001.6704877100005,5000.0,8000.0,12000.0
2024-03-07 21:00,910.7014617900006,5000.0,8000.0,12000.0
2024-03-07 22:00,772.4584196400004,5000.0,8000.0,12000.0
2024-03-07 23:00,544.36870695,5000.0,8000.0,12000.0
2024-03-08 00:00,537.91035249,5000.0,8000.0,12000.0
2024-03-08 01:00,550.01976555,5000.0,8000.0,12000.0
2024-03-08 02:00,552.95914416,5000.0,8000.0,12000.0
2024-03-08 03:00,553.04194347,5000.0,8000.0,12000.0
2024-03-08 04:00,554.0769365699999,5000.0,8000.0,12000.0
2024-03-08 05:00,555.2982262200001,5000.0,8000.0,12000.0
2024-03-08 06:00,562.8555409200003,5000.0,8000.0,12000.0
2024-03-08 07:00,570.5901483600003,5000.0,8000.0,12000.0
2024-03-08 08:00,571.9301670000003,5000.0,8000.0,12000.0
2024-03-08 09:00,608.7057745800004,5000.0,8000.0,12000.0
2024-03-08 10:00,662.1948471300002,5000.0,8000.0,12000.0
2024-03-08 11:00,654.1908002100001,5000.0,8000.0,12000.0
2024-03-08 12:00,657.6960485100002,5000.0,8000.0,12000.0
2024-03-08 13:00,654.4945050900002,5000.0,8000.0,12000.0
2024-03-08 14:00,612.3704653200002,5000.0,8000.0,12000.0
2024-03-08 15:00,584.5202892599999,5000.0,8000.0,12000.0
2024-03-08 16:00,579.7317044399999,5000.0,8000.0,12000.0
2024-03-08 17:00,858.0380197800002,5000.0,8000.0,12000.0
2024-03-08 18:00,943.1116912200006,5000.0,8000.0,12000.0
2024-03-08 19:00,1012.5870494700006,5000.0,8000.0,12000.0
2024-03-08 20:00,909.4176333000006,5000.0,8000.0,12000.0
2024-03-08 21:00,914.4408519300006,5000.0,8000.0,12000.0
2024-03-08 22:00,742.3882548300005,5000.0,8000.0,12000.0
2024-03-08 23:00,544.90690419,5000.0,8000.0,12000.0
2024-03-09 00:00,542.52642213,5000.0,8000.0,12000.0
2024-03-09 01:00,552.5244469200001,5000.0,8000.0,12000.0
2024-03-09 02:00,553.3110414,5000.0,8000.0,12000.0
2024-03-09 03:00,553.72503933,5000.0,8000.0,12000.0
2024-03-09 04:00,554.2839345,5000.0,8000.0,12000.0
2024-03-09 05:00,553.37314278,5000.0,8000.0,12000.0
2024-03-09 06:00,562.7105705400003,5000.0,8000.0,12000.0
2024-03-09 07:00,572.9498062200001,5000.0,8000.0,12000.0
2024-03-09 08:00,585.6748331400003,5000.0,8000.0,12000.0
2024-03-09 09:00,594.7609822200003,5000.0,8000.0,12000.0
2024-03-09 10:00,631.0415334300002,5000.0,8000.0,12000.0
2024-03-09 11:00,647.7325789200002,5000.0,8000.0,12000.0
2024-03-09 12:00,655.2465837000002,5000.0,8000.0,12000.0
2024-03-09 13:00,655.7778505800001,5000.0,8000.0,12000.0
2024-03-09 14:00,634.8366024300002,5000.0,8000.0,12000.0
2024-03-09 15:00,604.26114717,5000.0,8000.0,12000.0
2024-03-09 16:00,600.74905959,5000.0,8000.0,12000.0
2024-03-09 17:00,780.8754232800002,5000.0,8000.0,12000.0
2024-03-09 18:00,993.2468642100006,5000.0,8000.0,12000.0
2024-03-09 19:00,1084.6090438500005,5000.0,8000.0,12000.0
2024-03-09 20:00,871.9439382300005,5000.0,8000.0,12000.0
2024-03-09 21:00,828.8673907200005,5000.0,8000.0,12000.0
2024-03-09 22:00,809.0077983000006,5000.0,8000.0,12000.0
2024-03-09 23:00,540.9532304100001,5000.0,8000.0,12000.0
2024-03-10 00:00,542.09172282,5000.0,8000.0,12000.0
2024-03-10 01:00,548.5500772800001,5000.0,8000.0,12000.0
2024-03-10 02:00,554.2632351899999,5000.0,8000.0,12000.0
2024-03-10 03:00,553.00054347,5000.0,8000.0,12000.0
2024-03-10 04:00,553.86993864,5000.0,8000.0,12000.0
2024-03-10 05:00,552.9798448500001,5000.0,8000.0,12000.0
2024-03-10 06:00,560.2541905500002,5000.0,8000.0,12000.0
2024-03-10 07:00,565.6843028700002,5000.0,8000.0,12000.0
2024-03-10 08:00,573.7380698100004,5000.0,8000.0,12000.0
2024-03-10 09:00,614.6603538300003,5000.0,8000.0,12000.0
2024-03-10 10:00,624.6037582200003,5000.0,8000.0,12000.0
2024-03-10 11:00,652.8936981900002,5000.0,8000.0,12000.0
2024-03-10 12:00,645.7660271700001,5000.0,8000.0,12000.0
2024-03-10 13:00,656.6680340700002,5000.0,8000.0,12000.0
2024-03-10 14:00,636.6306072600001,5000.0,8000.0,12000.0
2024-03-10 15:00,617.17102509,5000.0,8000.0,12000.0
2024-03-10 16:00,581.04959685,5000.0,8000.0,12000.0
2024-03-10 17:00,774.4308212100002,5000.0,8000.0,12000.0
2024-03-10 18:00,807.9544242900005,5000.0,8000.0,12000.0
2024-03-10 19:00,1011.7864217700005,5000.0,8000.0,12000.0
2024-03-10 20:00,979.2939181200005,5000.0,8000.0,12000.0
2024-03-10 21:00,947.4782775600005,5000.0,8000.0,12000.0
2024-03-10 22:00,870.5281562100005,5000.0,8000.0,12000.0
2024-03-10 23:00,542.98181868,5000.0,8000.0,12000.0
2024-03-11 00:00,542.1952214400001,5000.0,8000.0,12000.0
2024-03-11 01:00,549.60576831,5000.0,8000.0,12000.0
2024-03-11 02:00,552.97984416,5000.0,8000.0,12000.0
2024-03-11 03:00,555.27752691,5000.0,8000.0,12000.0
2024-03-11 04:00,554.09763588,5000.0,8000.0,12000.0
2024-03-11 05:00,554.34603312,5000.0,8000.0,12000.0
2024-03-11 06:00,564.9392629500003,5000.0,8000.0,12000.0
2024-03-11 07:00,572.7014386500002,5000.0,8000.0,12000.0
2024-03-11 08:00,578.6921400900004,5000.0,8000.0,12000.0
2024-03-11 09:00,604.4760393900002,5000.0,8000.0,12000.0
2024-03-11 10:00,617.7452568900002,5000.0,8000.0,12000.0
2024-03-11 11:00,650.3821340700001,5000.0,8000.0,12000.0
2024-03-11 12:00,656.7232133700002,5000.0,8000.0,12000.0
2024-03-11 13:00,634.8917444700002,5000.0,8000.0,12000.0
2024-03-11 14:00,651.2034645300002,5000.0,8000.0,12000.0
2024-03-11 15:00,599.75546649,5000.0,8000.0,12000.0
2024-03-11 16:00,561.9849416999999,5000.0,8000.0,12000.0
2024-03-11 17:00,757.5465467400003,5000.0,8000.0,12000.0
2024-03-11 18:00,961.6381429200005,5000.0,8000.0,12000.0
2024-03-11 19:00,1001.4297812100006,5000.0,8000.0,12000.0
2024-03-11 20:00,856.7568850500005,5000.0,8000.0,12000.0
2024-03-11 21:00,996.1090221600006,5000.0,8000.0,12000.0
2024-03-11 22:00,812.8165424100005,5000.0,8000.0,12000.0
2024-03-11 23:00,543.95471109,5000.0,8000.0,12000.0
2024-03-12 00:00,542.87831799,5000.0,8000.0,12000.0
2024-03-12 01:00,550.18536279,5000.0,8000.0,12000.0
2024-03-12 02:00,553.1454427799999,5000.0,8000.0,12000.0
2024-03-12 03:00,552.27604968,5000.0,8000.0,12000.0
2024-03-12 04:00,554.69793036,5000.0,8000.0,12000.0
2024-03-12 05:00,552.6072469200001,5000.0,8000.0,12000.0
2024-03-12 06:00,563.8835650200002,5000.0,8000.0,12000.0
2024-03-12 07:00,575.5717634400003,5000.0,8000.0,12000.0
2024-03-12 08:00,580.2307676400004,5000.0,8000.0,12000.0
2024-03-12 09:00,619.9111841400003,5000.0,8000.0,12000.0
2024-03-12 10:00,670.8887726100002,5000.0,8000.0,12000.0
2024-03-12 11:00,666.9833098200002,5000.0,8000.0,12000.0
2024-03-12 12:00,655.4397236700001,5000.0,8000.0,12000.0
2024-03-12 13:00,680.9077844400002,5000.0,8000.0,12000.0
2024-03-12 14:00,634.0776983400002,5000.0,8000.0,12000.0
2024-03-12 15:00,570.3408168599999,5000.0,8000.0,12000.0
2024-03-12 16:00,562.9992348,5000.0,8000.0,12000.0
2024-03-12 17:00,911.195550786667,5000.0,8000.0,12000.0
2024-03-12 18:00,949.1836029000006,5000.0,8000.0,12000.0
2024-03-12 19:00,933.4303515900006,5000.0,8000.0,12000.0
2024-03-12 20:00,894.3551209800006,5000.0,8000.0,12000.0
2024-03-12 21:00,886.3583721900005,5000.0,8000.0,12000.0
2024-03-12 22:00,753.4283714400005,5000.0,8000.0,12000.0
2024-03-12 23:00,542.5678228200001,5000.0,8000.0,12000.0
2024-03-13 00:00,544.0582124700001,5000.0,8000.0,12000.0
2024-03-13 01:00,549.8748676199999,5000.0,8000.0,12000.0
2024-03-13 02:00,553.49734002,5000.0,8000.0,12000.0
2024-03-13 03:00,553.84923795,5000.0,8000.0,12000.0
2024-03-13 04:00,554.47023243,5000.0,8000.0,12000.0
2024-03-13 05:00,555.11192691,5000.0,8000.0,12000.0
2024-03-13 06:00,566.2984856700002,5000.0,8000.0,12000.0
2024-03-13 07:00,573.8673806400002,5000.0,8000.0,12000.0
2024-03-13 08:00,582.6180738000004,5000.0,8000.0,12000.0
2024-03-13 09:00,596.0788539300003,5000.0,8000.0,12000.0
2024-03-13 10:00,661.2358464900002,5000.0,8000.0,12000.0
2024-03-13 11:00,669.4467899100001,5000.0,8000.0,12000.0
2024-03-13 12:00,666.3072450600001,5000.0,8000.0,12000.0
2024-03-13 13:00,677.8164864600002,5000.0,8000.0,12000.0
2024-03-13 14:00,605.1460480200002,5000.0,8000.0,12000.0
2024-03-13 15:00,566.9943278999999,5000.0,8000.0,12000.0
2024-03-13 16:00,575.4123058199999,5000.0,8000.0,12000.0
2024-03-13 17:00,795.4551108600002,5000.0,8000.0,12000.0
2024-03-13 18:00,1024.1450531700004,5000.0,8000.0,12000.0
2024-03-13 19:00,971.5388818500004,5000.0,8000.0,12000.0
2024-03-13 20:00,936.5624327100006,5000.0,8000.0,12000.0
2024-03-13 21:00,833.6837790900006,5000.0,8000.0,12000.0
2024-03-13 22:00,813.7273161900005,5000.0,8000.0,12000.0
2024-03-13 23:00,541.57422903,5000.0,8000.0,12000.0
2024-03-14 00:00,539.7319400700001,5000.0,8000.0,12000.0
2024-03-14 01:00,549.5022690000001,5000.0,8000.0,12000.0
2024-03-14 02:00,552.91774347,5000.0,8000.0,12000.0
2024-03-14 03:00,553.26964071,5000.0,8000.0,12000.0
2024-03-14 04:00,552.3381496799999,5000.0,8000.0,12000.0
2024-03-14 05:00,552.87634485,5000.0,8000.0,12000.0
2024-03-14 06:00,565.0979470800002,5000.0,8000.0,12000.0
2024-03-14 07:00,571.9425117900003,5000.0,8000.0,12000.0
2024-03-14 08:00,590.2977117000004,5000.0,8000.0,12000.0
2024-03-14 09:00,608.9196490500002,5000.0,8000.0,12000.0
2024-03-14 10:00,658.4965126800001,5000.0,8000.0,12000.0
2024-03-14 11:00,670.4612120400002,5000.0,8000.0,12000.0
2024-03-14 12:00,643.9100141100002,5000.0,8000.0,12000.0
2024-03-14 13:00,634.6089003600002,5000.0,8000.0,12000.0
2024-03-14 14:00,650.3685093300003,5000.0,8000.0,12000.0
2024-03-14 15:00,575.82630444,5000.0,8000.0,12000.0
2024-03-14 16:00,601.97725338,5000.0,8000.0,12000.0
2024-03-14 17:00,743.0151674400003,5000.0,8000.0,12000.0
2024-03-14 18:00,849.0646456800006,5000.0,8000.0,12000.0
2024-03-14 19:00,976.1896233000006,5000.0,8000.0,12000.0
2024-03-14 20:00,1030.6090325100006,5000.0,8000.0,12000.0
2024-03-14 21:00,963.0030546900005,5000.0,8000.0,12000.0
2024-03-14 22:00,783.5123079600004,5000.0,8000.0,12000.0
2024-03-14 23:00,542.67131868,5000.0,8000.0,12000.0
2024-03-15 00:00,542.60922213,5000.0,8000.0,12000.0
2024-03-15 01:00,550.8891614099999,5000.0,8000.0,12000.0
2024-03-15 02:00,554.6565324300001,5000.0,8000.0,12000.0
2024-03-15 03:00,553.78713726,5000.0,8000.0,12000.0
2024-03-15 04:00,554.22183519,5000.0,8000.0,12000.0
2024-03-15 05:00,553.84923726,5000.0,8000.0,12000.0
2024-03-15 06:00,565.1255802000002,5000.0,8000.0,12000.0
2024-03-15 07:00,571.2663407700002,5000.0,8000.0,12000.0
2024-03-15 08:00,590.3736662100004,5000.0,8000.0,12000.0
2024-03-15 09:00,625.8245172600002,5000.0,8000.0,12000.0
2024-03-15 10:00,664.6098892200001,5000.0,8000.0,12000.0
2024-03-15 11:00,679.2171029700002,5000.0,8000.0,12000.0
2024-03-15 12:00,653.3077106100002,5000.0,8000.0,12000.0
2024-03-15 13:00,658.9105064700001,5000.0,8000.0,12000.0
2024-03-15 14:00,622.2855762600003,5000.0,8000.0,12000.0
2024-03-15 15:00,580.9598996099999,5000.0,8000.0,12000.0
2024-03-15 16:00,579.8973147899999,5000.0,8000.0,12000.0
2024-03-15 17:00,766.1646225900002,5000.0,8000.0,12000.0
2024-03-15 18:00,938.6954235000005,5000.0,8000.0,12000.0
2024-03-15 19:00,1078.4473576500004,5000.0,8000.0,12000.0
2024-03-15 20:00,845.6619921000005,5000.0,8000.0,12000.0
2024-03-15 21:00,863.7814645500006,5000.0,8000.0,12000.0
2024-03-15 22:00,835.2071397000004,5000.0,8000.0,12000.0
2024-03-15 23:00,540.64273386,5000.0,8000.0,12000.0
2024-03-16 00:00,543.10601868,5000.0,8000.0,12000.0
2024-03-16 01:00,552.6486462299999,5000.0,8000.0,12000.0
2024-03-16 02:00,552.71074692,5000.0,8000.0,12000.0
2024-03-16 03:00,552.48304692,5000.0,8000.0,12000.0
2024-03-16 04:00,554.61513174,5000.0,8000.0,12000.0
2024-03-16 05:00,552.6900455399999,5000.0,8000.0,12000.0
2024-03-16 06:00,565.6568105100002,5000.0,8000.0,12000.0
2024-03-16 07:00,569.7482724600002,5000.0,8000.0,12000.0
2024-03-16 08:00,585.5367600000004,5000.0,8000.0,12000.0
2024-03-16 09:00,614.4602503800002,5000.0,8000.0,12000.0
2024-03-16 10:00,650.6305623600002,5000.0,8000.0,12000.0
2024-03-16 11:00,654.8741175600003,5000.0,8000.0,12000.0
2024-03-16 12:00,671.0545685700002,5000.0,8000.0,12000.0
2024-03-16 13:00,632.3180610300002,5000.0,8000.0,12000.0
2024-03-16 14:00,649.5750431400003,5000.0,8000.0,12000.0
2024-03-16 15:00,571.7484216899999,5000.0,8000.0,12000.0
2024-03-16 16:00,592.51737822,5000.0,8000.0,12000.0
2024-03-16 17:00,749.3838729600003,5000.0,8000.0,12000.0
2024-03-16 18:00,883.7784939300005,5000.0,8000.0,12000.0
2024-03-16 19:00,943.4491267500005,5000.0,8000.0,12000.0
2024-03-16 20:00,993.6527925900006,5000.0,8000.0,12000.0
2024-03-16 21:00,915.5933354700005,5000.0,8000.0,12000.0
2024-03-16 22:00,863.4762271800005,5000.0,8000.0,12000.0
2024-03-16 23:00,541.09813317,5000.0,8000.0,12000.0
2024-03-17 00:00,542.54712213,5000.0,8000.0,12000.0
2024-03-17 01:00,550.62006141,5000.0,8000.0,12000.0
2024-03-17 02:00,552.79354416,5000.0,8000.0,12000.0
2024-03-17 03:00,553.99413519,5000.0,8000.0,12000.0
2024-03-17 04:00,553.5801400199999,5000.0,8000.0,12000.0
2024-03-17 05:00,555.4224255299999,5000.0,8000.0,12000.0
2024-03-17 06:00,560.5992795600002,5000.0,8000.0,12000.0
2024-03-17 07:00,570.0657193800001,5000.0,8000.0,12000.0
2024-03-17 08:00,575.4283793700004,5000.0,8000.0,12000.0
2024-03-17 09:00,602.7855173100002,5000.0,8000.0,12000.0
2024-03-17 10:00,614.8678630500002,5000.0,8000.0,12000.0
2024-03-17 11:00,638.8383526500002,5000.0,8000.0,12000.0
2024-03-17 12:00,674.3594415600002,5000.0,8000.0,12000.0
2024-03-17 13:00,681.7218195300003,5000.0,8000.0,12000.0
2024-03-17 14:00,633.7535253000003,5000.0,8000.0,12000.0
2024-03-17 15:00,613.1759333699999,5000.0,8000.0,12000.0
2024-03-17 16:00,582.00869892,5000.0,8000.0,12000.0
2024-03-17 17:00,952.768008006667,5000.0,8000.0,12000.0
2024-03-17 18:00,924.9921739200005,5000.0,8000.0,12000.0
2024-03-17 19:00,824.0103151200005,5000.0,8000.0,12000.0
2024-03-17 20:00,918.7671098400006,5000.0,8000.0,12000.0
2024-03-17 21:00,875.1041796300004,5000.0,8000.0,12000.0
2024-03-17 22:00,830.7911003700004,5000.0,8000.0,12000.0
2024-03-17 23:00,542.7748186800001,5000.0,8000.0,12000.0
2024-03-18 00:00,542.17452213,5000.0,8000.0,12000.0
2024-03-18 01:00,550.86845727,5000.0,8000.0,12000.0
2024-03-18 02:00,552.3174483,5000.0,8000.0,12000.0
2024-03-18 03:00,551.65505451,5000.0,8000.0,12000.0
2024-03-18 04:00,552.7728455399999,5000.0,8000.0,12000.0
2024-03-18 05:00,553.2282434699999,5000.0,8000.0,12000.0
2024-03-18 06:00,566.5262153400002,5000.0,8000.0,12000.0
2024-03-18 07:00,575.3509413600002,5000.0,8000.0,12000.0
2024-03-18 08:00,586.2888744900004,5000.0,8000.0,12000.0
2024-03-18 09:00,607.6845863100002,5000.0,8000.0,12000.0
2024-03-18 10:00,673.6350940500001,5000.0,8000.0,12000.0
2024-03-18 11:00,642.0814740900001,5000.0,8000.0,12000.0
2024-03-18 12:00,691.2436622100001,5000.0,8000.0,12000.0
2024-03-18 13:00,661.16667399,5000.0,8000.0,12000.0
2024-03-18 14:00,641.4399583200003,5000.0,8000.0,12000.0
2024-03-18 15:00,583.16099271,5000.0,8000.0,12000.0
2024-03-18 16:00,578.98650375,5000.0,8000.0,12000.0
2024-03-18 17:00,846.5150253000003,5000.0,8000.0,12000.0
2024-03-18 18:00,904.1333938800004,5000.0,8000.0,12000.0
2024-03-18 19:00,913.8274778100005,5000.0,8000.0,12000.0
2024-03-18 20:00,987.8156727300006,5000.0,8000.0,12000.0
2024-03-18 21:00,852.3276453300006,5000.0,8000.0,12000.0
2024-03-18 22:00,789.7498845000005,5000.0,8000.0,12000.0
2024-03-18 23:00,543.20951661,5000.0,8000.0,12000.0
2024-03-19 00:00,540.10453662,5000.0,8000.0,12000.0
2024-03-19 01:00,550.86845934,5000.0,8000.0,12000.0
2024-03-19 02:00,553.35244209,5000.0,8000.0,12000.0
2024-03-19 03:00,554.18043588,5000.0,8000.0,12000.0
2024-03-19 04:00,553.80783933,5000.0,8000.0,12000.0
2024-03-19 05:00,555.0705289800001,5000.0,8000.0,12000.0
2024-03-19 06:00,559.6746781800003,5000.0,8000.0,12000.0
2024-03-19 07:00,566.5675863600003,5000.0,8000.0,12000.0
2024-03-19 08:00,581.5072421100004,5000.0,8000.0,12000.0
2024-03-19 09:00,619.8353414100002,5000.0,8000.0,12000.0
2024-03-19 10:00,622.5614824200002,5000.0,8000.0,12000.0
2024-03-19 11:00,655.2604878900001,5000.0,8000.0,12000.0
2024-03-19 12:00,677.1540671400002,5000.0,8000.0,12000.0
2024-03-19 13:00,675.5050844400001,5000.0,8000.0,12000.0
2024-03-19 14:00,628.5024493500002,5000.0,8000.0,12000.0
2024-03-19 15:00,572.57641755,5000.0,8000.0,12000.0
2024-03-19 16:00,582.0707871899999,5000.0,8000.0,12000.0
2024-03-19 17:00,867.1529108166669,5000.0,8000.0,12000.0
2024-03-19 18:00,850.5551008800006,5000.0,8000.0,12000.0
2024-03-19 19:00,964.6457004300005,5000.0,8000.0,12000.0
2024-03-19 20:00,900.1371367500006,5000.0,8000.0,12000.0
2024-03-19 21:00,961.8507581400006,5000.0,8000.0,12000.0
2024-03-19 22:00,827.9550713400005,5000.0,8000.0,12000.0
2024-03-19 23:00,542.54711937,5000.0,8000.0,12000.0
2024-03-20 00:00,541.34652765,5000.0,8000.0,12000.0
2024-03-20 01:00,550.7442620999999,5000.0,8000.0,12000.0
2024-03-20 02:00,553.5594414000001,5000.0,8000.0,12000.0
2024-03-20 03:00,552.62794692,5000.0,8000.0,12000.0
2024-03-20 04:00,554.8014296700001,5000.0,8000.0,12000.0
2024-03-20 05:00,554.65653174,5000.0,8000.0,12000.0
2024-03-20 06:00,569.5827525000002,5000.0,8000.0,12000.0
2024-03-20 07:00,571.0799089800003,5000.0,8000.0,12000.0
2024-03-20 08:00,581.9971890300003,5000.0,8000.0,12000.0
2024-03-20 09:00,607.1532594000003,5000.0,8000.0,12000.0
2024-03-20 10:00,630.4136341200002,5000.0,8000.0,12000.0
2024-03-20 11:00,630.1237685700002,5000.0,8000.0,12000.0
2024-03-20 12:00,629.4684038100002,5000.0,8000.0,12000.0
2024-03-20 13:00,651.5827188900001,5000.0,8000.0,12000.0
2024-03-20 14:00,636.1476942000003,5000.0,8000.0,12000.0
2024-03-20 15:00,574.15651479,5000.0,8000.0,12000.0
2024-03-20 16:00,642.0868809299999,5000.0,8000.0,12000.0
2024-03-20 17:00,794.4753212100003,5000.0,8000.0,12000.0
2024-03-20 18:00,1024.8970331100006,5000.0,8000.0,12000.0
2024-03-20 19:00,965.1978957000005,5000.0,8000.0,12000.0
2024-03-20 20:00,896.2939506000005,5000.0,8000.0,12000.0
2024-03-20 21:00,872.4063962400006,5000.0,8000.0,12000.0
2024-03-20 22:00,848.6274823800005,5000.0,8000.0,12000.0
2024-03-20 23:00,542.56782006,5000.0,8000.0,12000.0
2024-03-21 00:00,545.3830007399999,5000.0,8000.0,12000.0
2024-03-21 01:00,551.34455589,5000.0,8000.0,12000.0
2024-03-21 02:00,551.44805382,5000.0,8000.0,12000.0
2024-03-21 03:00,552.75214554,5000.0,8000.0,12000.0
2024-03-21 04:00,552.1311510600001,5000.0,8000.0,12000.0
2024-03-21 05:00,554.6565310499999,5000.0,8000.0,12000.0
2024-03-21 06:00,562.0136940000003,5000.0,8000.0,12000.0
2024-03-21 07:00,569.9277656100003,5000.0,8000.0,12000.0
2024-03-21 08:00,583.0528317600003,5000.0,8000.0,12000.0
2024-03-21 09:00,607.0290324900002,5000.0,8000.0,12000.0
2024-03-21 10:00,643.3579678800002,5000.0,8000.0,12000.0
2024-03-21 11:00,660.4077685200002,5000.0,8000.0,12000.0
2024-03-21 12:00,646.3525947900001,5000.0,8000.0,12000.0
2024-03-21 13:00,637.1203202700001,5000.0,8000.0,12000.0
2024-03-21 14:00,638.3901997200003,5000.0,8000.0,12000.0
2024-03-21 15:00,570.1338127199999,5000.0,8000.0,12000.0
2024-03-21 16:00,602.5085623499999,5000.0,8000.0,12000.0
2024-03-21 17:00,811.4009811900003,5000.0,8000.0,12000.0
2024-03-21 18:00,912.1787028000006,5000.0,8000.0,12000.0
2024-03-21 19:00,990.0170942700005,5000.0,8000.0,12000.0
2024-03-21 20:00,913.4955505500004,5000.0,8000.0,12000.0
2024-03-21 21:00,896.6253838200005,5000.0,8000.0,12000.0
2024-03-21 22:00,846.5092424100004,5000.0,8000.0,12000.0
2024-03-21 23:00,542.38152075,5000.0,8000.0,12000.0
2024-03-22 00:00,543.74771109,5000.0,8000.0,12000.0
2024-03-22 01:00,551.98625106,5000.0,8000.0,12000.0
2024-03-22 02:00,551.7792524399999,5000.0,8000.0,12000.0
2024-03-22 03:00,552.11045175,5000.0,8000.0,12000.0
2024-03-22 04:00,552.11044968,5000.0,8000.0,12000.0
2024-03-22 05:00,554.3667345,5000.0,8000.0,12000.0
2024-03-22 06:00,564.9737408700003,5000.0,8000.0,12000.0
2024-03-22 07:00,572.5290152400001,5000.0,8000.0,12000.0
2024-03-22 08:00,580.1824917900004,5000.0,8000.0,12000.0
2024-03-22 09:00,599.6874925200003,5000.0,8000.0,12000.0
2024-03-22 10:00,647.4772340700002,5000.0,8000.0,12000.0
2024-03-22 11:00,647.8635388500002,5000.0,8000.0,12000.0
2024-03-22 12:00,638.2864202700001,5000.0,8000.0,12000.0
2024-03-22 13:00,641.9987161800002,5000.0,8000.0,12000.0
2024-03-22 14:00,632.0215721700002,5000.0,8000.0,12000.0
2024-03-22 15:00,565.5246341099999,5000.0,8000.0,12000.0
2024-03-22 16:00,573.6666161699999,5000.0,8000.0,12000.0
2024-03-22 17:00,851.6486108100003,5000.0,8000.0,12000.0
2024-03-22 18:00,859.0625856000005,5000.0,8000.0,12000.0
2024-03-22 19:00,976.5689956500005,5000.0,8000.0,12000.0
2024-03-22 20:00,974.7674111700005,5000.0,8000.0,12000.0
2024-03-22 21:00,955.7445258600006,5000.0,8000.0,12000.0
2024-03-22 22:00,787.7557920900003,5000.0,8000.0,12000.0
2024-03-22 23:00,542.52642006,5000.0,8000.0,12000.0
2024-03-23 00:00,541.9882255800001,5000.0,8000.0,12000.0
2024-03-23 01:00,550.6821621,5000.0,8000.0,12000.0
2024-03-23 02:00,552.87634416,5000.0,8000.0,12000.0
2024-03-23 03:00,554.15973519,5000.0,8000.0,12000.0
2024-03-23 04:00,555.1326289799999,5000.0,8000.0,12000.0
2024-03-23 05:00,553.60083933,5000.0,8000.0,12000.0
2024-03-23 06:00,561.0269788200003,5000.0,8000.0,12000.0
2024-03-23 07:00,570.8868028200002,5000.0,8000.0,12000.0
2024-03-23 08:00,582.1903697100004,5000.0,8000.0,12000.0
2024-03-23 09:00,622.9333882800003,5000.0,8000.0,12000.0
2024-03-23 10:00,669.2673457500002,5000.0,8000.0,12000.0
2024-03-23 11:00,632.0628100200003,5000.0,8000.0,12000.0
2024-03-23 12:00,640.7636037600001,5000.0,8000.0,12000.0
2024-03-23 13:00,664.3130753700002,5000.0,8000.0,12000.0
2024-03-23 14:00,624.2865307200002,5000.0,8000.0,12000.0
2024-03-23 15:00,592.1309795999999,5000.0,8000.0,12000.0
2024-03-23 16:00,577.9653078899998,5000.0,8000.0,12000.0
2024-03-23 17:00,906.5518390433336,5000.0,8000.0,12000.0
2024-03-23 18:00,870.7856262600004,5000.0,8000.0,12000.0
2024-03-23 19:00,993.5983426200005,5000.0,8000.0,12000.0
2024-03-23 20:00,967.8194189100006,5000.0,8000.0,12000.0
2024-03-23 21:00,854.9010783000004,5000.0,8000.0,12000.0
2024-03-23 22:00,767.4146321100004,5000.0,8000.0,12000.0
2024-03-23 23:00,545.4864986700001,5000.0,8000.0,12000.0
2024-03-24 00:00,542.91971799,5000.0,8000.0,12000.0
2024-03-24 01:00,551.88275313,5000.0,8000.0,12000.0
2024-03-24 02:00,554.15973519,5000.0,8000.0,12000.0
2024-03-24 03:00,553.3317413999999,5000.0,8000.0,12000.0
2024-03-24 04:00,552.46234968,5000.0,8000.0,12000.0
2024-03-24 05:00,554.47023312,5000.0,8000.0,12000.0
2024-03-24 06:00,566.5261918800003,5000.0,8000.0,12000.0
2024-03-24 07:00,576.4479675300003,5000.0,8000.0,12000.0
2024-03-24 08:00,585.4746744900003,5000.0,8000.0,12000.0
2024-03-24 09:00,614.5085241600002,5000.0,8000.0,12000.0
2024-03-24 10:00,647.0700429900002,5000.0,8000.0,12000.0
2024-03-24 11:00,626.7566279100002,5000.0,8000.0,12000.0
2024-03-24 12:00,628.8680099700001,5000.0,8000.0,12000.0
2024-03-24 13:00,650.6718906000002,5000.0,8000.0,12000.0
2024-03-24 14:00,633.0358528500002,5000.0,8000.0,12000.0
2024-03-24 15:00,623.93302785,5000.0,8000.0,12000.0
2024-03-24 16:00,577.2753154799999,5000.0,8000.0,12000.0
2024-03-24 17:00,798.3530915400003,5000.0,8000.0,12000.0
2024-03-24 18:00,830.4071291700004,5000.0,8000.0,12000.0
2024-03-24 19:00,1024.9519688400005,5000.0,8000.0,12000.0
2024-03-24 20:00,876.6497251200005,5000.0,8000.0,12000.0
2024-03-24 21:00,884.4813327600006,5000.0,8000.0,12000.0
2024-03-24 22:00,928.2672444300005,5000.0,8000.0,12000.0
2024-03-24 23:00,543.08531592,5000.0,8000.0,12000.0
2024-03-25 00:00,542.50572282,5000.0,8000.0,12000.0
2024-03-25 01:00,551.5308552,5000.0,8000.0,12000.0
2024-03-25 02:00,550.47516348,5000.0,8000.0,12000.0
2024-03-25 03:00,554.0769358800001,5000.0,8000.0,12000.0
2024-03-25 04:00,553.93203726,5000.0,8000.0,12000.0
2024-03-25 05:00,554.3874331200001,5000.0,8000.0,12000.0
2024-03-25 06:00,558.9156988800003,5000.0,8000.0,12000.0
2024-03-25 07:00,567.2368235700002,5000.0,8000.0,12000.0
2024-03-25 08:00,575.8839511800004,5000.0,8000.0,12000.0
2024-03-25 09:00,595.9753801500003,5000.0,8000.0,12000.0
2024-03-25 10:00,670.3092747300002,5000.0,8000.0,12000.0
2024-03-25 11:00,660.0765153900003,5000.0,8000.0,12000.0
2024-03-25 12:00,647.84969607,5000.0,8000.0,12000.0
2024-03-25 13:00,625.3282934100002,5000.0,8000.0,12000.0
2024-03-25 14:00,628.6267273200002,5000.0,8000.0,12000.0
2024-03-25 15:00,611.80283475,5000.0,8000.0,12000.0
2024-03-25 16:00,583.4024968499999,5000.0,8000.0,12000.0
2024-03-25 17:00,805.9568818866669,5000.0,8000.0,12000.0
2024-03-25 18:00,793.6231587900005,5000.0,8000.0,12000.0
2024-03-25 19:00,969.6620590800005,5000.0,8000.0,12000.0
2024-03-25 20:00,1018.4719380300006,5000.0,8000.0,12000.0
2024-03-25 21:00,960.4847458200005,5000.0,8000.0,12000.0
2024-03-25 22:00,830.2941458100005,5000.0,8000.0,12000.0
2024-03-25 23:00,546.35589453,5000.0,8000.0,12000.0
2024-03-26 00:00,541.01533455,5000.0,8000.0,12000.0
2024-03-26 01:00,549.06757314,5000.0,8000.0,12000.0
2024-03-26 02:00,550.49586141,5000.0,8000.0,12000.0
2024-03-26 03:00,553.39384071,5000.0,8000.0,12000.0
2024-03-26 04:00,553.49733933,5000.0,8000.0,12000.0
2024-03-26 05:00,554.3460345,5000.0,8000.0,12000.0
2024-03-26 06:00,568.5340125300003,5000.0,8000.0,12000.0
2024-03-26 07:00,574.4885565900003,5000.0,8000.0,12000.0
2024-03-26 08:00,577.6571739000004,5000.0,8000.0,12000.0
2024-03-26 09:00,595.7545083900002,5000.0,8000.0,12000.0
2024-03-26 10:00,648.0498809400001,5000.0,8000.0,12000.0
2024-03-26 11:00,654.2667015900001,5000.0,8000.0,12000.0
2024-03-26 12:00,660.9596319000001,5000.0,8000.0,12000.0
2024-03-26 13:00,643.8478216500002,5000.0,8000.0,12000.0
2024-03-26 14:00,645.7593810900003,5000.0,8000.0,12000.0
2024-03-26 15:00,609.76733337,5000.0,8000.0,12000.0
2024-03-26 16:00,567.10471962,5000.0,8000.0,12000.0
2024-03-26 17:00,807.7439791200002,5000.0,8000.0,12000.0
2024-03-26 18:00,872.2142567700006,5000.0,8000.0,12000.0
2024-03-26 19:00,967.9648971300005,5000.0,8000.0,12000.0
2024-03-26 20:00,1022.1497436000005,5000.0,8000.0,12000.0
2024-03-26 21:00,883.1980542000005,5000.0,8000.0,12000.0
2024-03-26 22:00,804.3088010100004,5000.0,8000.0,12000.0
2024-03-26 23:00,541.63632696,5000.0,8000.0,12000.0
2024-03-27 00:00,538.4485518,5000.0,8000.0,12000.0
2024-03-27 01:00,551.61365451,5000.0,8000.0,12000.0
2024-03-27 02:00,552.52444761,5000.0,8000.0,12000.0
2024-03-27 03:00,552.6072469200001,5000.0,8000.0,12000.0
2024-03-27 04:00,552.29674899,5000.0,8000.0,12000.0
2024-03-27 05:00,554.7600331199999,5000.0,8000.0,12000.0
2024-03-27 06:00,569.2930132200003,5000.0,8000.0,12000.0
2024-03-27 07:00,570.5004393900002,5000.0,8000.0,12000.0
2024-03-27 08:00,580.0445256000004,5000.0,8000.0,12000.0
2024-03-27 09:00,601.1640904500002,5000.0,8000.0,12000.0
2024-03-27 10:00,661.5670665000002,5000.0,8000.0,12000.0
2024-03-27 11:00,658.1998485600002,5000.0,8000.0,12000.0
2024-03-27 12:00,665.0239927200003,5000.0,8000.0,12000.0
2024-03-27 13:00,654.1427113500001,5000.0,8000.0,12000.0
2024-03-27 14:00,592.2362549700002,5000.0,8000.0,12000.0
2024-03-27 15:00,569.9130120299999,5000.0,8000.0,12000.0
2024-03-27 16:00,594.1319657999999,5000.0,8000.0,12000.0
2024-03-27 17:00,862.0262128800003,5000.0,8000.0,12000.0
2024-03-27 18:00,944.7123049200005,5000.0,8000.0,12000.0
2024-03-27 19:00,929.1313859400004,5000.0,8000.0,12000.0
2024-03-27 20:00,1009.8675179700004,5000.0,8000.0,12000.0
2024-03-27 21:00,916.0488948600006,5000.0,8000.0,12000.0
2024-03-27 22:00,727.4636190000004,5000.0,8000.0,12000.0
2024-03-27 23:00,541.96752489,5000.0,8000.0,12000.0
2024-03-28 00:00,542.73342213,5000.0,8000.0,12000.0
2024-03-28 01:00,549.25386969,5000.0,8000.0,12000.0
2024-03-28 02:00,553.39384002,5000.0,8000.0,12000.0
2024-03-28 03:00,553.7043386400001,5000.0,8000.0,12000.0
2024-03-28 04:00,554.78073036,5000.0,8000.0,12000.0
2024-03-28 05:00,554.1804351899999,5000.0,8000.0,12000.0
2024-03-28 06:00,565.8845063700003,5000.0,8000.0,12000.0
2024-03-28 07:00,575.8684655100002,5000.0,8000.0,12000.0
2024-03-28 08:00,573.9450339300004,5000.0,8000.0,12000.0
2024-03-28 09:00,597.4312346100002,5000.0,8000.0,12000.0
2024-03-28 10:00,647.0355250500002,5000.0,8000.0,12000.0
2024-03-28 11:00,671.5166305200001,5000.0,8000.0,12000.0
2024-03-28 12:00,628.0676624100001,5000.0,8000.0,12000.0
2024-03-28 13:00,620.0222506800002,5000.0,8000.0,12000.0
2024-03-28 14:00,614.7025783800002,5000.0,8000.0,12000.0
2024-03-28 15:00,599.38976235,5000.0,8000.0,12000.0
2024-03-28 16:00,596.0501775299999,5000.0,8000.0,12000.0
2024-03-28 17:00,799.0085887800002,5000.0,8000.0,12000.0
2024-03-28 18:00,849.1335394200004,5000.0,8000.0,12000.0
2024-03-28 19:00,973.0846253700005,5000.0,8000.0,12000.0
2024-03-28 20:00,973.0010125500006,5000.0,8000.0,12000.0
2024-03-28 21:00,958.0904596200005,5000.0,8000.0,12000.0
2024-03-28 22:00,842.6038500000005,5000.0,8000.0,12000.0
2024-03-28 23:00,542.2573248900001,5000.0,8000.0,12000.0
2024-03-29 00:00,543.37511523,5000.0,8000.0,12000.0
2024-03-29 01:00,551.2824552,5000.0,8000.0,12000.0
2024-03-29 02:00,552.2553482999999,5000.0,8000.0,12000.0
2024-03-29 03:00,553.95273657,5000.0,8000.0,12000.0
2024-03-29 04:00,554.92562967,5000.0,8000.0,12000.0
2024-03-29 05:00,554.98772967,5000.0,8000.0,12000.0
2024-03-29 06:00,567.2092932600003,5000.0,8000.0,12000.0
2024-03-29 07:00,570.3969249000002,5000.0,8000.0,12000.0
2024-03-29 08:00,579.8444587200004,5000.0,8000.0,12000.0
2024-03-29 09:00,603.8895828600002,5000.0,8000.0,12000.0
2024-03-29 10:00,641.7433313100003,5000.0,8000.0,12000.0
2024-03-29 11:00,665.8931905500001,5000.0,8000.0,12000.0
2024-03-29 12:00,689.0979354000002,5000.0,8000.0,12000.0
2024-03-29 13:00,655.8814947900003,5000.0,8000.0,12000.0
2024-03-29 14:00,612.3911094300003,5000.0,8000.0,12000.0
2024-03-29 15:00,588.27387684,5000.0,8000.0,12000.0
2024-03-29 16:00,591.0062789099999,5000.0,8000.0,12000.0
2024-03-29 17:00,777.1839212100002,5000.0,8000.0,12000.0
2024-03-29 18:00,880.7426139900005,5000.0,8000.0,12000.0
2024-03-29 19:00,973.2916288200006,5000.0,8000.0,12000.0
2024-03-29 20:00,975.4848897300004,5000.0,8000.0,12000.0
2024-03-29 21:00,907.4582761800006,5000.0,8000.0,12000.0
2024-03-29 22:00,846.0124272300004,5000.0,8000.0,12000.0
2024-03-29 23:00,543.45791523,5000.0,8000.0,12000.0
2024-03-30 00:00,542.69202282,5000.0,8000.0,12000.0
2024-03-30 01:00,550.97195796,5000.0,8000.0,12000.0
2024-03-30 02:00,554.03553588,5000.0,8000.0,12000.0
2024-03-30 03:00,553.04194347,5000.0,8000.0,12000.0
2024-03-30 04:00,554.96702898,5000.0,8000.0,12000.0
2024-03-30 05:00,554.90493036,5000.0,8000.0,12000.0
2024-03-30 06:00,566.8091105100003,5000.0,8000.0,12000.0
2024-03-30 07:00,570.5211414600002,5000.0,8000.0,12000.0
2024-03-30 08:00,573.4482898200004,5000.0,8000.0,12000.0
2024-03-30 09:00,598.4248070100002,5000.0,8000.0,12000.0
2024-03-30 10:00,679.1963457000002,5000.0,8000.0,12000.0
2024-03-30 11:00,688.4768415600003,5000.0,8000.0,12000.0
2024-03-30 12:00,662.8020699000002,5000.0,8000.0,12000.0
2024-03-30 13:00,646.3871375700002,5000.0,8000.0,12000.0
2024-03-30 14:00,625.6457907000001,5000.0,8000.0,12000.0
2024-03-30 15:00,558.5556444599999,5000.0,8000.0,12000.0
2024-03-30 16:00,573.1836209999999,5000.0,8000.0,12000.0
2024-03-30 17:00,788.3480991300003,5000.0,8000.0,12000.0
2024-03-30 18:00,1007.8542276900005,5000.0,8000.0,12000.0
2024-03-30 19:00,899.0753123100004,5000.0,8000.0,12000.0
2024-03-30 20:00,895.8523347300004,5000.0,8000.0,12000.0
2024-03-30 21:00,930.8285472000006,5000.0,8000.0,12000.0
2024-03-30 22:00,819.4128078600004,5000.0,8000.0,12000.0
2024-03-30 23:00,543.5614159200001,5000.0,8000.0,12000.0
2024-03-31 00:00,543.5821131600001,5000.0,8000.0,12000.0
2024-03-31 01:00,549.19177245,5000.0,8000.0,12000.0
2024-03-31 02:00,553.06264278,5000.0,8000.0,12000.0
2024-03-31 03:00,553.66293726,5000.0,8000.0,12000.0
2024-03-31 04:00,554.0769358800001,5000.0,8000.0,12000.0
2024-03-31 05:00,555.0705289800001,5000.0,8000.0,12000.0
2024-03-31 06:00,564.7874174100002,5000.0,8000.0,12000.0
2024-03-31 07:00,564.6079629000002,5000.0,8000.0,12000.0
2024-03-31 08:00,575.3940953400004,5000.0,8000.0,12000.0
2024-03-31 09:00,613.3493538300003,5000.0,8000.0,12000.0
2024-03-31 10:00,636.8029789200002,5000.0,8000.0,12000.0
2024-03-31 11:00,636.0370789200002,5000.0,8000.0,12000.0
2024-03-31 12:00,663.0365698500002,5000.0,8000.0,12000.0
2024-03-31 13:00,642.5300341200002,5000.0,8000.0,12000.0
2024-03-31 14:00,631.0140900600002,5000.0,8000.0,12000.0
2024-03-31 15:00,613.05173268,5000.0,8000.0,12000.0
2024-03-31 16:00,596.14676787,5000.0,8000.0,12000.0
2024-03-31 17:00,858.4106197800003,5000.0,8000.0,12000.0
2024-03-31 18:00,938.8744791900004,5000.0,8000.0,12000.0
2024-03-31 19:00,1059.7551341400006,5000.0,8000.0,12000.0
2024-03-31 20:00,823.6370920500005,5000.0,8000.0,12000.0
2024-03-31 21:00,871.8821432100007,5000.0,8000.0,12000.0
2024-03-31 22:00,762.5570776500005,5000.0,8000.0,12000.0
2024-03-31 23:00,544.57570557,5000.0,8000.0,12000.0
2024-04-01 00:00,546.1902945300001,5000.0,8000.0,12000.0
2024-04-01 01:00,551.34455589,5000.0,8000.0,12000.0
2024-04-01 02:00,553.5801393300001,5000.0,8000.0,12000.0
2024-04-01 03:00,553.5801393300001,5000.0,8000.0,12000.0
2024-04-01 04:00,553.4973414,5000.0,8000.0,12000.0
2024-04-01 05:00,553.89063726,5000.0,8000.0,12000.0
2024-04-01 06:00,563.2073629500003,5000.0,8000.0,12000.0
2024-04-01 07:00,567.6577035600002,5000.0,8000.0,12000.0
2024-04-01 08:00,581.8937118000005,5000.0,8000.0,12000.0
2024-04-01 09:00,601.3503490500003,5000.0,8000.0,12000.0
2024-04-01 10:00,639.3560134200002,5000.0,8000.0,12000.0
2024-04-01 11:00,645.6832630500002,5000.0,8000.0,12000.0
2024-04-01 12:00,667.9562194800002,5000.0,8000.0,12000.0
2024-04-01 13:00,691.6715394900002,5000.0,8000.0,12000.0
2024-04-01 14:00,603.9800080500003,5000.0,8000.0,12000.0
2024-04-01 15:00,628.85959611,5000.0,8000.0,12000.0
2024-04-01 16:00,582.3467954699998,5000.0,8000.0,12000.0
2024-04-01 17:00,801.4995025800002,5000.0,8000.0,12000.0
2024-04-01 18:00,932.7408953100004,5000.0,8000.0,12000.0
2024-04-01 19:00,988.0367880600005,5000.0,8000.0,12000.0
2024-04-01 20:00,926.9092326600005,5000.0,8000.0,12000.0
2024-04-01 21:00,827.4046493700005,5000.0,8000.0,12000.0
2024-04-01 22:00,821.8071030300005,5000.0,8000.0,12000.0
2024-04-01 23:00,542.25732282,5000.0,8000.0,12000.0
2024-04-02 00:00,544.6585062600001,5000.0,8000.0,12000.0
2024-04-02 01:00,550.4958621000001,5000.0,8000.0,12000.0
2024-04-02 02:00,553.47663933,5000.0,8000.0,12000.0
2024-04-02 03:00,553.60083795,5000.0,8000.0,12000.0
2024-04-02 04:00,554.09763588,5000.0,8000.0,12000.0
2024-04-02 05:00,554.09763519,5000.0,8000.0,12000.0
2024-04-02 06:00,564.5666884800004,5000.0,8000.0,12000.0
2024-04-02 07:00,568.5271359900001,5000.0,8000.0,12000.0
2024-04-02 08:00,581.2657324500003,5000.0,8000.0,12000.0
2024-04-02 09:00,630.3646434300002,5000.0,8000.0,12000.0
2024-04-02 10:00,672.7104009000001,5000.0,8000.0,12000.0
2024-04-02 11:00,685.7997423000002,5000.0,8000.0,12000.0
2024-04-02 12:00,610.7970886800001,5000.0,8000.0,12000.0
2024-04-02 13:00,628.3781782800002,5000.0,8000.0,12000.0
2024-04-02 14:00,621.6508307700002,5000.0,8000.0,12000.0
2024-04-02 15:00,577.27530996,5000.0,8000.0,12000.0
2024-04-02 16:00,577.0407085799999,5000.0,8000.0,12000.0
2024-04-02 17:00,724.0747067700001,5000.0,8000.0,12000.0
2024-04-02 18:00,1047.3841331100004,5000.0,8000.0,12000.0
2024-04-02 19:00,1017.5479762800005,5000.0,8000.0,12000.0
2024-04-02 20:00,936.3829181700005,5000.0,8000.0,12000.0
2024-04-02 21:00,949.6239843600003,5000.0,8000.0,12000.0
2024-04-02 22:00,719.9703639000005,5000.0,8000.0,12000.0
2024-04-02 23:00,544.72060488,5000.0,8000.0,12000.0
2024-04-03 00:00,541.1809311000001,5000.0,8000.0,12000.0
2024-04-03 01:00,549.89556624,5000.0,8000.0,12000.0
2024-04-03 02:00,553.84923657,5000.0,8000.0,12000.0
2024-04-03 03:00,552.79354416,5000.0,8000.0,12000.0
2024-04-03 04:00,552.56584692,5000.0,8000.0,12000.0
2024-04-03 05:00,555.3189275999999,5000.0,8000.0,12000.0
2024-04-03 06:00,565.7051394900003,5000.0,8000.0,12000.0
2024-04-03 07:00,573.8605496400002,5000.0,8000.0,12000.0
2024-04-03 08:00,590.3462256000004,5000.0,8000.0,12000.0
2024-04-03 09:00,615.1847952300002,5000.0,8000.0,12000.0
2024-04-03 10:00,643.7513437800002,5000.0,8000.0,12000.0
2024-04-03 11:00,650.7822071100002,5000.0,8000.0,12000.0
2024-04-03 12:00,662.5951313100002,5000.0,8000.0,12000.0
2024-04-03 13:00,635.0780631000002,5000.0,8000.0,12000.0
2024-04-03 14:00,631.1659211100002,5000.0,8000.0,12000.0
2024-04-03 15:00,561.6468348,5000.0,8000.0,12000.0
2024-04-03 16:00,587.60458305,5000.0,8000.0,12000.0
2024-04-03 17:00,821.7923777400002,5000.0,8000.0,12000.0
2024-04-03 18:00,1025.0283242400005,5000.0,8000.0,12000.0
2024-04-03 19:00,976.6657239900004,5000.0,8000.0,12000.0
2024-04-03 20:00,846.4690740600005,5000.0,8000.0,12000.0
2024-04-03 21:00,982.7300215200006,5000.0,8000.0,12000.0
2024-04-03 22:00,713.8292673000004,5000.0,8000.0,12000.0
2024-04-03 23:00,541.51212834,5000.0,8000.0,12000.0
2024-04-04 00:00,541.59492834,5000.0,8000.0,12000.0
2024-04-04 01:00,549.39876969,5000.0,8000.0,12000.0
2024-04-04 02:00,554.03553657,5000.0,8000.0,12000.0
2024-04-04 03:00,554.03553519,5000.0,8000.0,12000.0
2024-04-04 04:00,552.73144554,5000.0,8000.0,12000.0
2024-04-04 05:00,553.5180407099999,5000.0,8000.0,12000.0
2024-04-04 06:00,561.5790229800003,5000.0,8000.0,12000.0
2024-04-04 07:00,577.8486385500001,5000.0,8000.0,12000.0
2024-04-04 08:00,584.0533842000004,5000.0,8000.0,12000.0
2024-04-04 09:00,611.6658324900002,5000.0,8000.0,12000.0
2024-04-04 10:00,633.6083113500002,5000.0,8000.0,12000.0
2024-04-04 11:00,676.8850182000002,5000.0,8000.0,12000.0
2024-04-04 12:00,652.7211954300002,5000.0,8000.0,12000.0
2024-04-04 13:00,652.8452815800002,5000.0,8000.0,12000.0
2024-04-04 14:00,630.4482493500002,5000.0,8000.0,12000.0
2024-04-04 15:00,602.26015959,5000.0,8000.0,12000.0
2024-04-04 16:00,583.16790168,5000.0,8000.0,12000.0
2024-04-04 17:00,875.1637894266668,5000.0,8000.0,12000.0
2024-04-04 18:00,935.7009532200004,5000.0,8000.0,12000.0
2024-04-04 19:00,837.1409143800005,5000.0,8000.0,12000.0
2024-04-04 20:00,1019.3623906200006,5000.0,8000.0,12000.0
2024-04-04 21:00,873.4552003800005,5000.0,8000.0,12000.0
2024-04-04 22:00,807.6553534500005,5000.0,8000.0,12000.0
2024-04-04 23:00,543.87191109,5000.0,8000.0,12000.0
2024-04-05 00:00,543.60281109,5000.0,8000.0,12000.0
2024-04-05 01:00,552.85564485,5000.0,8000.0,12000.0
2024-04-05 02:00,552.40024968,5000.0,8000.0,12000.0
2024-04-05 03:00,554.05623588,5000.0,8000.0,12000.0
2024-04-05 04:00,553.74573864,5000.0,8000.0,12000.0
2024-04-05 05:00,554.01483588,5000.0,8000.0,12000.0
2024-04-05 06:00,560.6888498400002,5000.0,8000.0,12000.0
2024-04-05 07:00,567.2643718200002,5000.0,8000.0,12000.0
2024-04-05 08:00,585.2469841500003,5000.0,8000.0,12000.0
2024-04-05 09:00,600.2808683700002,5000.0,8000.0,12000.0
2024-04-05 10:00,637.4998575300001,5000.0,8000.0,12000.0
2024-04-05 11:00,668.8602429900002,5000.0,8000.0,12000.0
2024-04-05 12:00,652.4866099200002,5000.0,8000.0,12000.0
2024-04-05 13:00,658.9656768000001,5000.0,8000.0,12000.0
2024-04-05 14:00,620.6157300300001,5000.0,8000.0,12000.0
2024-04-05 15:00,575.70210996,5000.0,8000.0,12000.0
2024-04-05 16:00,589.9781733899999,5000.0,8000.0,12000.0
2024-04-05 17:00,848.4677156400002,5000.0,8000.0,12000.0
2024-04-05 18:00,927.8487815100004,5000.0,8000.0,12000.0
2024-04-05 19:00,1065.2202218700004,5000.0,8000.0,12000.0
2024-04-05 20:00,974.0981505000005,5000.0,8000.0,12000.0
2024-04-05 21:00,753.4643715000005,5000.0,8000.0,12000.0
2024-04-05 22:00,807.9728024400005,5000.0,8000.0,12000.0
2024-04-05 23:00,541.53282972,5000.0,8000.0,12000.0
2024-04-06 00:00,543.37511592,5000.0,8000.0,12000.0
2024-04-06 01:00,550.06116417,5000.0,8000.0,12000.0
2024-04-06 02:00,552.5451476100001,5000.0,8000.0,12000.0
2024-04-06 03:00,554.90492967,5000.0,8000.0,12000.0
2024-04-06 04:00,553.3110407099999,5000.0,8000.0,12000.0
2024-04-06 05:00,552.5451482999999,5000.0,8000.0,12000.0
2024-04-06 06:00,571.8942262800002,5000.0,8000.0,12000.0
2024-04-06 07:00,574.9232158800003,5000.0,8000.0,12000.0
2024-04-06 08:00,578.6299697100004,5000.0,8000.0,12000.0
2024-04-06 09:00,599.8324063200002,5000.0,8000.0,12000.0
2024-04-06 10:00,626.8325479200001,5000.0,8000.0,12000.0
2024-04-06 11:00,642.1642561500001,5000.0,8000.0,12000.0
2024-04-06 12:00,614.7989286000001,5000.0,8000.0,12000.0
2024-04-06 13:00,667.6182457500001,5000.0,8000.0,12000.0
2024-04-06 14:00,651.7759989300001,5000.0,8000.0,12000.0
2024-04-06 15:00,596.2364651099999,5000.0,8000.0,12000.0
2024-04-06 16:00,572.95591686,5000.0,8000.0,12000.0
2024-04-06 17:00,778.3845198300003,5000.0,8000.0,12000.0
2024-04-06 18:00,904.0576891500006,5000.0,8000.0,12000.0
2024-04-06 19:00,944.3116281300004,5000.0,8000.0,12000.0
2024-04-06 20:00,1005.6657553800006,5000.0,8000.0,12000.0
2024-04-06 21:00,925.4258934300007,5000.0,8000.0,12000.0
2024-04-06 22:00,810.1876410300005,5000.0,8000.0,12000.0
2024-04-06 23:00,543.49931316,5000.0,8000.0,12000.0
2024-04-07 00:00,540.373638,5000.0,8000.0,12000.0
2024-04-07 01:00,549.04687245,5000.0,8000.0,12000.0
2024-04-07 02:00,551.36525658,5000.0,8000.0,12000.0
2024-04-07 03:00,551.2203565799999,5000.0,8000.0,12000.0
2024-04-07 04:00,552.58654485,5000.0,8000.0,12000.0
2024-04-07 05:00,554.05623588,5000.0,8000.0,12000.0
2024-04-07 06:00,567.5336450100002,5000.0,8000.0,12000.0
2024-04-07 07:00,578.7940303200002,5000.0,8000.0,12000.0
2024-04-07 08:00,585.9093606900004,5000.0,8000.0,12000.0
2024-04-07 09:00,608.5469993700002,5000.0,8000.0,12000.0
2024-04-07 10:00,662.1190140600003,5000.0,8000.0,12000.0
2024-04-07 11:00,630.5239333800001,5000.0,8000.0,12000.0
2024-04-07 12:00,654.80484363,5000.0,8000.0,12000.0
2024-04-07 13:00,673.2555878400002,5000.0,8000.0,12000.0
2024-04-07 14:00,634.9610108100003,5000.0,8000.0,12000.0
2024-04-07 15:00,610.6781382,5000.0,8000.0,12000.0
2024-04-07 16:00,570.22353135,5000.0,8000.0,12000.0
2024-04-07 17:00,828.4025611733337,5000.0,8000.0,12000.0
2024-04-07 18:00,856.2475187700005,5000.0,8000.0,12000.0
2024-04-07 19:00,976.1688501600005,5000.0,8000.0,12000.0
2024-04-07 20:00,971.6832450300005,5000.0,8000.0,12000.0
2024-04-07 21:00,862.3809729300007,5000.0,8000.0,12000.0
2024-04-07 22:00,837.9462975600004,5000.0,8000.0,12000.0
2024-04-07 23:00,542.7127193700001,5000.0,8000.0,12000.0
2024-04-08 00:00,542.96112006,5000.0,8000.0,12000.0
2024-04-08 01:00,551.24105658,5000.0,8000.0,12000.0
2024-04-08 02:00,551.30315451,5000.0,8000.0,12000.0
2024-04-08 03:00,553.1040434700001,5000.0,8000.0,12000.0
2024-04-08 04:00,552.60724623,5000.0,8000.0,12000.0
2024-04-08 05:00,555.8985213899999,5000.0,8000.0,12000.0
2024-04-08 06:00,565.5877960200002,5000.0,8000.0,12000.0
2024-04-08 07:00,572.0666386500002,5000.0,8000.0,12000.0
2024-04-08 08:00,586.9580841000004,5000.0,8000.0,12000.0
2024-04-08 09:00,599.3907559500002,5000.0,8000.0,12000.0
2024-04-08 10:00,620.2155514200002,5000.0,8000.0,12000.0
2024-04-08 11:00,627.7157196300001,5000.0,8000.0,12000.0
2024-04-08 12:00,663.2643367800002,5000.0,8000.0,12000.0
2024-04-08 13:00,665.8726506300003,5000.0,8000.0,12000.0
2024-04-08 14:00,668.5361016900002,5000.0,8000.0,12000.0
2024-04-08 15:00,583.7957885699999,5000.0,8000.0,12000.0
2024-04-08 16:00,572.0175209999999,5000.0,8000.0,12000.0
2024-04-08 17:00,727.8006771000001,5000.0,8000.0,12000.0
2024-04-08 18:00,869.9512140900006,5000.0,8000.0,12000.0
2024-04-08 19:00,900.8761226100004,5000.0,8000.0,12000.0
2024-04-08 20:00,1034.2452855900005,5000.0,8000.0,12000.0
2024-04-08 21:00,1037.5299967800006,5000.0,8000.0,12000.0
2024-04-08 22:00,802.6805755800004,5000.0,8000.0,12000.0
2024-04-08 23:00,544.86550557,5000.0,8000.0,12000.0
2024-04-09 00:00,544.2652076400001,5000.0,8000.0,12000.0
2024-04-09 01:00,551.26175727,5000.0,8000.0,12000.0
2024-04-09 02:00,552.1932489899999,5000.0,8000.0,12000.0
2024-04-09 03:00,553.7871365699999,5000.0,8000.0,12000.0
2024-04-09 04:00,554.8635296699999,5000.0,8000.0,12000.0
2024-04-09 05:00,554.78073036,5000.0,8000.0,12000.0
2024-04-09 06:00,570.6867476700003,5000.0,8000.0,12000.0
2024-04-09 07:00,571.6595200200003,5000.0,8000.0,12000.0
2024-04-09 08:00,579.4857146100004,5000.0,8000.0,12000.0
2024-04-09 09:00,619.7249848800002,5000.0,8000.0,12000.0
2024-04-09 10:00,672.2618877900002,5000.0,8000.0,12000.0
2024-04-09 11:00,658.0617333300002,5000.0,8000.0,12000.0
2024-04-09 12:00,633.6566534400002,5000.0,8000.0,12000.0
2024-04-09 13:00,646.2146603400001,5000.0,8000.0,12000.0
2024-04-09 14:00,649.3749790200002,5000.0,8000.0,12000.0
2024-04-09 15:00,603.8609519999999,5000.0,8000.0,12000.0
2024-04-09 16:00,571.410321,5000.0,8000.0,12000.0
2024-04-09 17:00,797.0972887800002,5000.0,8000.0,12000.0
2024-04-09 18:00,960.3409394700005,5000.0,8000.0,12000.0
2024-04-09 19:00,871.5649881600004,5000.0,8000.0,12000.0
2024-04-09 20:00,917.6493036300004,5000.0,8000.0,12000.0
2024-04-09 21:00,1024.1717051100006,5000.0,8000.0,12000.0
2024-04-09 22:00,777.3230376300004,5000.0,8000.0,12000.0
2024-04-09 23:00,540.5806366200001,5000.0,8000.0,12000.0
2024-04-10 00:00,542.69202006,5000.0,8000.0,12000.0
2024-04-10 01:00,551.71715382,5000.0,8000.0,12000.0
2024-04-10 02:00,553.33174002,5000.0,8000.0,12000.0
2024-04-10 03:00,553.60083933,5000.0,8000.0,12000.0
2024-04-10 04:00,553.93203657,5000.0,8000.0,12000.0
2024-04-10 05:00,553.04194209,5000.0,8000.0,12000.0
2024-04-10 06:00,564.1940581200002,5000.0,8000.0,12000.0
2024-04-10 07:00,565.9120539300002,5000.0,8000.0,12000.0
2024-04-10 08:00,574.5728883900005,5000.0,8000.0,12000.0
2024-04-10 09:00,598.9975415100002,5000.0,8000.0,12000.0
2024-04-10 10:00,628.3161438300002,5000.0,8000.0,12000.0
2024-04-10 11:00,637.1135396400002,5000.0,8000.0,12000.0
2024-04-10 12:00,660.8838788700001,5000.0,8000.0,12000.0
2024-04-10 13:00,641.8882623600002,5000.0,8000.0,12000.0
2024-04-10 14:00,638.2797528000002,5000.0,8000.0,12000.0
2024-04-10 15:00,590.3438782199999,5000.0,8000.0,12000.0
2024-04-10 16:00,602.0255630400001,5000.0,8000.0,12000.0
2024-04-10 17:00,832.1009253000003,5000.0,8000.0,12000.0
2024-04-10 18:00,894.7700793900004,5000.0,8000.0,12000.0
2024-04-10 19:00,1014.2360094000004,5000.0,8000.0,12000.0
2024-04-10 20:00,968.0329228500005,5000.0,8000.0,12000.0
2024-04-10 21:00,979.1491092000007,5000.0,8000.0,12000.0
2024-04-10 22:00,743.9615169300006,5000.0,8000.0,12000.0
2024-04-10 23:00,544.22380833,5000.0,8000.0,12000.0
2024-04-11 00:00,545.65209729,5000.0,8000.0,12000.0
2024-04-11 01:00,551.34455727,5000.0,8000.0,12000.0
2024-04-11 02:00,551.84135244,5000.0,8000.0,12000.0
2024-04-11 03:00,554.22183519,5000.0,8000.0,12000.0
2024-04-11 04:00,554.96702967,5000.0,8000.0,12000.0
2024-04-11 05:00,555.65012484,5000.0,8000.0,12000.0
2024-04-11 06:00,563.2970153400003,5000.0,8000.0,12000.0
2024-04-11 07:00,569.6171214000002,5000.0,8000.0,12000.0
2024-04-11 08:00,581.9282007600003,5000.0,8000.0,12000.0
2024-04-11 09:00,614.5499365800002,5000.0,8000.0,12000.0
2024-04-11 10:00,642.3298257900002,5000.0,8000.0,12000.0
2024-04-11 11:00,617.2553582700002,5000.0,8000.0,12000.0
2024-04-11 12:00,632.7873093300002,5000.0,8000.0,12000.0
2024-04-11 13:00,622.2511245600002,5000.0,8000.0,12000.0
2024-04-11 14:00,646.8564093300002,5000.0,8000.0,12000.0
2024-04-11 15:00,588.1289830499999,5000.0,8000.0,12000.0
2024-04-11 16:00,618.3164257799999,5000.0,8000.0,12000.0
2024-04-11 17:00,807.3644805000002,5000.0,8000.0,12000.0
2024-04-11 18:00,965.6262083700005,5000.0,8000.0,12000.0
2024-04-11 19:00,940.0956087600005,5000.0,8000.0,12000.0
2024-04-11 20:00,924.1765697700006,5000.0,8000.0,12000.0
2024-04-11 21:00,867.0174479400006,5000.0,8000.0,12000.0
2024-04-11 22:00,869.5897099800004,5000.0,8000.0,12000.0
2024-04-11 23:00,541.09813179,5000.0,8000.0,12000.0
2024-04-12 00:00,541.3258311000001,5000.0,8000.0,12000.0
2024-04-12 01:00,549.87486624,5000.0,8000.0,12000.0
2024-04-12 02:00,554.11833588,5000.0,8000.0,12000.0
2024-04-12 03:00,554.20113519,5000.0,8000.0,12000.0
2024-04-12 04:00,554.51163312,5000.0,8000.0,12000.0
2024-04-12 05:00,552.91774416,5000.0,8000.0,12000.0
2024-04-12 06:00,565.2842146500003,5000.0,8000.0,12000.0
2024-04-12 07:00,569.3413104600003,5000.0,8000.0,12000.0
2024-04-12 08:00,575.9667173700004,5000.0,8000.0,12000.0
2024-04-12 09:00,605.4558366300002,5000.0,8000.0,12000.0
2024-04-12 10:00,658.6690678800002,5000.0,8000.0,12000.0
2024-04-12 11:00,647.2701899100001,5000.0,8000.0,12000.0
2024-04-12 12:00,648.9813671400002,5000.0,8000.0,12000.0
2024-04-12 13:00,652.1692892700001,5000.0,8000.0,12000.0
2024-04-12 14:00,605.1805721700002,5000.0,8000.0,12000.0
2024-04-12 15:00,613.49334372,5000.0,8000.0,12000.0
2024-04-12 16:00,563.2200354899999,5000.0,8000.0,12000.0
2024-04-12 17:00,778.6053177600003,5000.0,8000.0,12000.0
2024-04-12 18:00,859.3179601200004,5000.0,8000.0,12000.0
2024-04-12 19:00,1015.7126294100004,5000.0,8000.0,12000.0
2024-04-12 20:00,953.4118932300005,5000.0,8000.0,12000.0
2024-04-12 21:00,933.4851079200006,5000.0,8000.0,12000.0
2024-04-12 22:00,833.0748623700005,5000.0,8000.0,12000.0
2024-04-12 23:00,545.19670281,5000.0,8000.0,12000.0
2024-04-13 00:00,543.93401109,5000.0,8000.0,12000.0
2024-04-13 01:00,549.08827314,5000.0,8000.0,12000.0
2024-04-13 02:00,552.7314469199999,5000.0,8000.0,12000.0
2024-04-13 03:00,553.2075414,5000.0,8000.0,12000.0
2024-04-13 04:00,553.31103933,5000.0,8000.0,12000.0
2024-04-13 05:00,554.3046338099999,5000.0,8000.0,12000.0
2024-04-13 06:00,560.0264988300003,5000.0,8000.0,12000.0
2024-04-13 07:00,571.7630993700002,5000.0,8000.0,12000.0
2024-04-13 08:00,582.4594441800003,5000.0,8000.0,12000.0
2024-04-13 09:00,605.9594835000003,5000.0,8000.0,12000.0
2024-04-13 10:00,641.8260609300002,5000.0,8000.0,12000.0
2024-04-13 11:00,653.1352016400001,5000.0,8000.0,12000.0
2024-04-13 12:00,686.4622333800002,5000.0,8000.0,12000.0
2024-04-13 13:00,653.4871796100001,5000.0,8000.0,12000.0
2024-04-13 14:00,598.3219963200003,5000.0,8000.0,12000.0
2024-04-13 15:00,581.28419271,5000.0,8000.0,12000.0
2024-04-13 16:00,589.5296796,5000.0,8000.0,12000.0
2024-04-13 17:00,810.6281984400003,5000.0,8000.0,12000.0
2024-04-13 18:00,942.4008414900004,5000.0,8000.0,12000.0
2024-04-13 19:00,963.4177433100004,5000.0,8000.0,12000.0
2024-04-13 20:00,906.2023181700006,5000.0,8000.0,12000.0
2024-04-13 21:00,927.1300499100005,5000.0,8000.0,12000.0
2024-04-13 22:00,849.9660885900005,5000.0,8000.0,12000.0
2024-04-13 23:00,544.30660833,5000.0,8000.0,12000.0
2024-04-14 00:00,539.2972449,5000.0,8000.0,12000.0
2024-04-14 01:00,550.95125865,5000.0,8000.0,12000.0
2024-04-14 02:00,553.68363933,5000.0,8000.0,12000.0
2024-04-14 03:00,553.35244002,5000.0,8000.0,12000.0
2024-04-14 04:00,554.78073105,5000.0,8000.0,12000.0
2024-04-14 05:00,554.3460345,5000.0,8000.0,12000.0
2024-04-14 06:00,572.7360863100002,5000.0,8000.0,12000.0
2024-04-14 07:00,571.8941779800002,5000.0,8000.0,12000.0
2024-04-14 08:00,581.7143297400004,5000.0,8000.0,12000.0
2024-04-14 09:00,616.1576952300003,5000.0,8000.0,12000.0
2024-04-14 10:00,646.8010092300002,5000.0,8000.0,12000.0
2024-04-14 11:00,660.24903471,5000.0,8000.0,12000.0
2024-04-14 12:00,663.7611947400002,5000.0,8000.0,12000.0
2024-04-14 13:00,636.3959851800003,5000.0,8000.0,12000.0
2024-04-14 14:00,615.3098039100003,5000.0,8000.0,12000.0
2024-04-14 15:00,615.83933061,5000.0,8000.0,12000.0
2024-04-14 16:00,597.3818664899999,5000.0,8000.0,12000.0
2024-04-14 17:00,812.0909708400002,5000.0,8000.0,12000.0
2024-04-14 18:00,868.7504484900005,5000.0,8000.0,12000.0
2024-04-14 19:00,920.6102475000006,5000.0,8000.0,12000.0
2024-04-14 20:00,955.6681490700006,5000.0,8000.0,12000.0
2024-04-14 21:00,1003.8235402500006,5000.0,8000.0,12000.0
2024-04-14 22:00,795.8012114100004,5000.0,8000.0,12000.0
2024-04-14 23:00,540.87043386,5000.0,8000.0,12000.0
2024-04-15 00:00,543.35441592,5000.0,8000.0,12000.0
2024-04-15 01:00,550.1853634800001,5000.0,8000.0,12000.0
2024-04-15 02:00,552.56584623,5000.0,8000.0,12000.0
2024-04-15 03:00,554.32533381,5000.0,8000.0,12000.0
2024-04-15 04:00,553.45594071,5000.0,8000.0,12000.0
2024-04-15 05:00,554.88423105,5000.0,8000.0,12000.0
2024-04-15 06:00,564.8564277600002,5000.0,8000.0,12000.0
2024-04-15 07:00,571.3767400800002,5000.0,8000.0,12000.0
2024-04-15 08:00,581.3348476800004,5000.0,8000.0,12000.0
2024-04-15 09:00,616.4405483100002,5000.0,8000.0,12000.0
2024-04-15 10:00,657.2476458000002,5000.0,8000.0,12000.0
2024-04-15 11:00,627.9779838000002,5000.0,8000.0,12000.0
2024-04-15 12:00,668.6463147000001,5000.0,8000.0,12000.0
2024-04-15 13:00,650.8581981900002,5000.0,8000.0,12000.0
2024-04-15 14:00,648.5055569400002,5000.0,8000.0,12000.0
2024-04-15 15:00,600.6179609699999,5000.0,8000.0,12000.0
2024-04-15 16:00,583.2989982299999,5000.0,8000.0,12000.0
2024-04-15 17:00,807.4265867100003,5000.0,8000.0,12000.0
2024-04-15 18:00,894.3976263600003,5000.0,8000.0,12000.0
2024-04-15 19:00,992.3425467600005,5000.0,8000.0,12000.0
2024-04-15 20:00,952.9013939700006,5000.0,8000.0,12000.0
2024-04-15 21:00,860.7935955000006,5000.0,8000.0,12000.0
2024-04-15 22:00,843.3006423600004,5000.0,8000.0,12000.0
2024-04-15 23:00,543.16811868,5000.0,8000.0,12000.0
2024-04-16 00:00,542.09172489,5000.0,8000.0,12000.0
2024-04-16 01:00,550.9305593400001,5000.0,8000.0,12000.0
2024-04-16 02:00,551.6343552,5000.0,8000.0,12000.0
2024-04-16 03:00,552.93844416,5000.0,8000.0,12000.0
2024-04-16 04:00,552.46234692,5000.0,8000.0,12000.0
2024-04-16 05:00,555.62942415,5000.0,8000.0,12000.0
2024-04-16 06:00,564.7184243100003,5000.0,8000.0,12000.0
2024-04-16 07:00,572.9222986800003,5000.0,8000.0,12000.0
2024-04-16 08:00,579.5338773000004,5000.0,8000.0,12000.0
2024-04-16 09:00,630.7303889700001,5000.0,8000.0,12000.0
2024-04-16 10:00,625.0937582700002,5000.0,8000.0,12000.0
2024-04-16 11:00,648.1672223400001,5000.0,8000.0,12000.0
2024-04-16 12:00,665.4999678300002,5000.0,8000.0,12000.0
2024-04-16 13:00,645.2347678800002,5000.0,8000.0,12000.0
2024-04-16 14:00,623.9624073600003,5000.0,8000.0,12000.0
2024-04-16 15:00,622.5185175,5000.0,8000.0,12000.0
2024-04-16 16:00,592.3103685599999,5000.0,8000.0,12000.0
2024-04-16 17:00,801.0371949900002,5000.0,8000.0,12000.0
2024-04-16 18:00,896.7573111300005,5000.0,8000.0,12000.0
2024-04-16 19:00,906.8585923500005,5000.0,8000.0,12000.0
2024-04-16 20:00,979.3422733200006,5000.0,8000.0,12000.0
2024-04-16 21:00,917.8634368500005,5000.0,8000.0,12000.0
2024-04-16 22:00,849.8831844000003,5000.0,8000.0,12000.0
2024-04-16 23:00,543.0025173,5000.0,8000.0,12000.0
2024-04-17 00:00,543.06461661,5000.0,8000.0,12000.0
2024-04-17 01:00,551.42735451,5000.0,8000.0,12000.0
2024-04-17 02:00,551.79995175,5000.0,8000.0,12000.0
2024-04-17 03:00,554.1597344999999,5000.0,8000.0,12000.0
2024-04-17 04:00,555.6294248400001,5000.0,8000.0,12000.0
2024-04-17 05:00,554.22183588,5000.0,8000.0,12000.0
2024-04-17 06:00,559.7574209100003,5000.0,8000.0,12000.0
2024-04-17 07:00,568.0854331800002,5000.0,8000.0,12000.0
2024-04-17 08:00,580.0167993300004,5000.0,8000.0,12000.0
2024-04-17 09:00,602.0472697500003,5000.0,8000.0,12000.0
2024-04-17 10:00,628.4195237700002,5000.0,8000.0,12000.0
2024-04-17 11:00,677.0989547700002,5000.0,8000.0,12000.0
2024-04-17 12:00,677.3126339700001,5000.0,8000.0,12000.0
2024-04-17 13:00,675.1047029700002,5000.0,8000.0,12000.0
2024-04-17 14:00,632.2631011500002,5000.0,8000.0,12000.0
2024-04-17 15:00,565.3659279,5000.0,8000.0,12000.0
2024-04-17 16:00,573.10081686,5000.0,8000.0,12000.0
2024-04-17 17:00,812.9810598000001,5000.0,8000.0,12000.0
2024-04-17 18:00,928.9322222700006,5000.0,8000.0,12000.0
2024-04-17 19:00,919.4440108800005,5000.0,8000.0,12000.0
2024-04-17 20:00,968.7782843100005,5000.0,8000.0,12000.0
2024-04-17 21:00,950.7004437000004,5000.0,8000.0,12000.0
2024-04-17 22:00,806.4201872100004,5000.0,8000.0,12000.0
2024-04-17 23:00,538.03455318,5000.0,8000.0,12000.0
2024-04-18 00:00,543.64421178,5000.0,8000.0,12000.0
2024-04-18 01:00,551.05475727,5000.0,8000.0,12000.0
2024-04-18 02:00,551.38595658,5000.0,8000.0,12000.0
2024-04-18 03:00,551.9862517500001,5000.0,8000.0,12000.0
2024-04-18 04:00,552.13114899,5000.0,8000.0,12000.0
2024-04-18 05:00,554.86353105,5000.0,8000.0,12000.0
2024-04-18 06:00,560.8407981900003,5000.0,8000.0,12000.0
2024-04-18 07:00,573.4605531900002,5000.0,8000.0,12000.0
2024-04-18 08:00,584.3777049000004,5000.0,8000.0,12000.0
2024-04-18 09:00,614.1152807400001,5000.0,8000.0,12000.0
2024-04-18 10:00,638.0726106600001,5000.0,8000.0,12000.0
2024-04-18 11:00,666.00364161,5000.0,8000.0,12000.0
2024-04-18 12:00,649.7748519600002,5000.0,8000.0,12000.0
2024-04-18 13:00,685.7170126800003,5000.0,8000.0,12000.0
2024-04-18 14:00,639.4044562500002,5000.0,8000.0,12000.0
2024-04-18 15:00,587.5010899499999,5000.0,8000.0,12000.0
2024-04-18 16:00,615.29422578,5000.0,8000.0,12000.0
2024-04-18 17:00,842.7131322000002,5000.0,8000.0,12000.0
2024-04-18 18:00,913.8280650000005,5000.0,8000.0,12000.0
2024-04-18 19:00,985.1938880100006,5000.0,8000.0,12000.0
2024-04-18 20:00,901.0893422700005,5000.0,8000.0,12000.0
2024-04-18 21:00,933.5748369000006,5000.0,8000.0,12000.0
2024-04-18 22:00,749.4745969200005,5000.0,8000.0,12000.0
2024-04-18 23:00,542.94041937,5000.0,8000.0,12000.0
2024-04-19 00:00,541.69842765,5000.0,8000.0,12000.0
2024-04-19 01:00,551.01335865,5000.0,8000.0,12000.0
2024-04-19 02:00,551.05475934,5000.0,8000.0,12000.0
2024-04-19 03:00,552.91774485,5000.0,8000.0,12000.0
2024-04-19 04:00,554.22183519,5000.0,8000.0,12000.0
2024-04-19 05:00,553.78713795,5000.0,8000.0,12000.0
2024-04-19 06:00,562.0067822700003,5000.0,8000.0,12000.0
2024-04-19 07:00,563.3177298300002,5000.0,8000.0,12000.0
2024-04-19 08:00,580.3205911500004,5000.0,8000.0,12000.0
2024-04-19 09:00,615.9230517600002,5000.0,8000.0,12000.0
2024-04-19 10:00,670.2884615700002,5000.0,8000.0,12000.0
2024-04-19 11:00,650.2580148000002,5000.0,8000.0,12000.0
2024-04-19 12:00,657.5236133700001,5000.0,8000.0,12000.0
2024-04-19 13:00,664.8583665000002,5000.0,8000.0,12000.0
2024-04-19 14:00,628.9027797600003,5000.0,8000.0,12000.0
2024-04-19 15:00,566.2422354899999,5000.0,8000.0,12000.0
2024-04-19 16:00,571.32061824,5000.0,8000.0,12000.0
2024-04-19 17:00,802.5414101700003,5000.0,8000.0,12000.0
2024-04-19 18:00,931.3676759400006,5000.0,8000.0,12000.0
2024-04-19 19:00,1008.3642646500006,5000.0,8000.0,12000.0
2024-04-19 20:00,975.3470042700005,5000.0,8000.0,12000.0
2024-04-19 21:00,939.3498471000004,5000.0,8000.0,12000.0
2024-04-19 22:00,720.1909417200005,5000.0,8000.0,12000.0
2024-04-19 23:00,544.01681178,5000.0,8000.0,12000.0
2024-04-20 00:00,544.1203104,5000.0,8000.0,12000.0
2024-04-20 01:00,551.94485037,5000.0,8000.0,12000.0
2024-04-20 02:00,552.13114899,5000.0,8000.0,12000.0
2024-04-20 03:00,553.1454420900001,5000.0,8000.0,12000.0
2024-04-20 04:00,555.79502208,5000.0,8000.0,12000.0
2024-04-20 05:00,554.88422898,5000.0,8000.0,12000.0
2024-04-20 06:00,565.3945629000003,5000.0,8000.0,12000.0
2024-04-20 07:00,572.2875359400002,5000.0,8000.0,12000.0
2024-04-20 08:00,585.7231724700003,5000.0,8000.0,12000.0
2024-04-20 09:00,629.8677972000003,5000.0,8000.0,12000.0
2024-04-20 10:00,628.3435464900001,5000.0,8000.0,12000.0
2024-04-20 11:00,657.5030762100001,5000.0,8000.0,12000.0
2024-04-20 12:00,642.6059030700002,5000.0,8000.0,12000.0
2024-04-20 13:00,636.9478416600001,5000.0,8000.0,12000.0
2024-04-20 14:00,612.4393114500002,5000.0,8000.0,12000.0
2024-04-20 15:00,598.2443726999999,5000.0,8000.0,12000.0
2024-04-20 16:00,571.5828196199999,5000.0,8000.0,12000.0
2024-04-20 17:00,794.3718087900003,5000.0,8000.0,12000.0
2024-04-20 18:00,954.3033546000005,5000.0,8000.0,12000.0
2024-04-20 19:00,993.6947908200005,5000.0,8000.0,12000.0
2024-04-20 20:00,878.3401788900005,5000.0,8000.0,12000.0
2024-04-20 21:00,926.3849720400005,5000.0,8000.0,12000.0
2024-04-20 22:00,832.5090913500005,5000.0,8000.0,12000.0
2024-04-20 23:00,541.88472489,5000.0,8000.0,12000.0
2024-04-21 00:00,543.29231385,5000.0,8000.0,12000.0
2024-04-21 01:00,550.7856607199999,5000.0,8000.0,12000.0
2024-04-21 02:00,552.87634623,5000.0,8000.0,12000.0
2024-04-21 03:00,553.04194209,5000.0,8000.0,12000.0
2024-04-21 04:00,551.98625037,5000.0,8000.0,12000.0
2024-04-21 05:00,555.23612691,5000.0,8000.0,12000.0
2024-04-21 06:00,563.9249415600003,5000.0,8000.0,12000.0
2024-04-21 07:00,574.2539862600003,5000.0,8000.0,12000.0
2024-04-21 08:00,584.0809434900003,5000.0,8000.0,12000.0
2024-04-21 09:00,597.7140973500003,5000.0,8000.0,12000.0
2024-04-21 10:00,637.5757816800001,5000.0,8000.0,12000.0
2024-04-21 11:00,665.0169402300002,5000.0,8000.0,12000.0
2024-04-21 12:00,674.1732402300001,5000.0,8000.0,12000.0
2024-04-21 13:00,630.9174155400002,5000.0,8000.0,12000.0
2024-04-21 14:00,637.8865135200002,5000.0,8000.0,12000.0
2024-04-21 15:00,602.72246373,5000.0,8000.0,12000.0
2024-04-21 16:00,599.5829589,5000.0,8000.0,12000.0
2024-04-21 17:00,802.6586963700004,5000.0,8000.0,12000.0
2024-04-21 18:00,923.2808200500004,5000.0,8000.0,12000.0
2024-04-21 19:00,1010.6274612000004,5000.0,8000.0,12000.0
2024-04-21 20:00,973.7531946600005,5000.0,8000.0,12000.0
2024-04-21 21:00,843.7851734700005,5000.0,8000.0,12000.0
2024-04-21 22:00,789.1702700100005,5000.0,8000.0,12000.0
2024-04-21 23:00,541.88472558,5000.0,8000.0,12000.0
2024-04-22 00:00,544.61710488,5000.0,8000.0,12000.0
2024-04-22 01:00,549.4401703799999,5000.0,8000.0,12000.0
2024-04-22 02:00,554.6979317400001,5000.0,8000.0,12000.0
2024-04-22 03:00,552.25534899,5000.0,8000.0,12000.0
2024-04-22 04:00,552.15185037,5000.0,8000.0,12000.0
2024-04-22 05:00,553.51803933,5000.0,8000.0,12000.0
2024-04-22 06:00,566.9609201700002,5000.0,8000.0,12000.0
2024-04-22 07:00,570.5625007500003,5000.0,8000.0,12000.0
2024-04-22 08:00,598.5086689200003,5000.0,8000.0,12000.0
2024-04-22 09:00,628.6949007000002,5000.0,8000.0,12000.0
2024-04-22 10:00,664.0510547700002,5000.0,8000.0,12000.0
2024-04-22 11:00,673.4281844400001,5000.0,8000.0,12000.0
2024-04-22 12:00,633.8774403300001,5000.0,8000.0,12000.0
2024-04-22 13:00,697.7367312600002,5000.0,8000.0,12000.0
2024-04-22 14:00,636.9411493500003,5000.0,8000.0,12000.0
2024-04-22 15:00,574.66020858,5000.0,8000.0,12000.0
2024-04-22 16:00,571.5000292799999,5000.0,8000.0,12000.0
2024-04-22 17:00,751.6746681300003,5000.0,8000.0,12000.0
2024-04-22 18:00,868.5158919600004,5000.0,8000.0,12000.0
2024-04-22 19:00,976.3689929400005,5000.0,8000.0,12000.0
2024-04-22 20:00,969.7304035800005,5000.0,8000.0,12000.0
2024-04-22 21:00,948.6788202900005,5000.0,8000.0,12000.0
2024-04-22 22:00,808.5593548800006,5000.0,8000.0,12000.0
2024-04-22 23:00,545.6934979800001,5000.0,8000.0,12000.0
2024-04-23 00:00,543.68561316,5000.0,8000.0,12000.0
2024-04-23 01:00,551.5515545100001,5000.0,8000.0,12000.0
2024-04-23 02:00,552.89704554,5000.0,8000.0,12000.0
2024-04-23 03:00,552.2967483,5000.0,8000.0,12000.0
2024-04-23 04:00,555.6501241499999,5000.0,8000.0,12000.0
2024-04-23 05:00,555.27752691,5000.0,8000.0,12000.0
2024-04-23 06:00,561.4893174600003,5000.0,8000.0,12000.0
2024-04-23 07:00,574.3918455000003,5000.0,8000.0,12000.0
2024-04-23 08:00,585.3504855300004,5000.0,8000.0,12000.0
2024-04-23 09:00,617.5375993200001,5000.0,8000.0,12000.0
2024-04-23 10:00,635.1677368800002,5000.0,8000.0,12000.0
2024-04-23 11:00,688.6700712300002,5000.0,8000.0,12000.0
2024-04-23 12:00,667.5079941000002,5000.0,8000.0,12000.0
2024-04-23 13:00,623.0652045000003,5000.0,8000.0,12000.0
2024-04-23 14:00,640.3359824700002,5000.0,8000.0,12000.0
2024-04-23 15:00,586.13488857,5000.0,8000.0,12000.0
2024-04-23 16:00,559.88733825,5000.0,8000.0,12000.0
2024-04-23 17:00,804.3629832600002,5000.0,8000.0,12000.0
2024-04-23 18:00,943.8155222700005,5000.0,8000.0,12000.0
2024-04-23 19:00,940.9169633700004,5000.0,8000.0,12000.0
2024-04-23 20:00,921.8030794800005,5000.0,8000.0,12000.0
2024-04-23 21:00,936.0931678500006,5000.0,8000.0,12000.0
2024-04-23 22:00,842.4105396000003,5000.0,8000.0,12000.0
2024-04-23 23:00,541.03603179,5000.0,8000.0,12000.0
2024-04-24 00:00,541.09813386,5000.0,8000.0,12000.0
2024-04-24 01:00,549.93696555,5000.0,8000.0,12000.0
2024-04-24 02:00,551.07546003,5000.0,8000.0,12000.0
2024-04-24 03:00,553.72503864,5000.0,8000.0,12000.0
2024-04-24 04:00,554.1804351899999,5000.0,8000.0,12000.0
2024-04-24 05:00,553.1454420900001,5000.0,8000.0,12000.0
2024-04-24 06:00,566.0086663500002,5000.0,8000.0,12000.0
2024-04-24 07:00,573.5916076500002,5000.0,8000.0,12000.0
2024-04-24 08:00,574.4625049500004,5000.0,8000.0,12000.0
2024-04-24 09:00,606.4080718200003,5000.0,8000.0,12000.0
2024-04-24 10:00,638.4313389000001,5000.0,8000.0,12000.0
2024-04-24 11:00,644.9586761100002,5000.0,8000.0,12000.0
2024-04-24 12:00,627.0810645300003,5000.0,8000.0,12000.0
2024-04-24 13:00,651.7277223900002,5000.0,8000.0,12000.0
2024-04-24 14:00,691.8303685200002,5000.0,8000.0,12000.0
2024-04-24 15:00,590.59917546,5000.0,8000.0,12000.0
2024-04-24 16:00,600.63865683,5000.0,8000.0,12000.0
2024-04-24 17:00,762.5145377700003,5000.0,8000.0,12000.0
2024-04-24 18:00,996.6692731800005,5000.0,8000.0,12000.0
2024-04-24 19:00,918.7953674100005,5000.0,8000.0,12000.0
2024-04-24 20:00,992.3763498600006,5000.0,8000.0,12000.0
2024-04-24 21:00,905.1468044700006,5000.0,8000.0,12000.0
2024-04-24 22:00,788.4180706500005,5000.0,8000.0,12000.0
2024-04-24 23:00,540.74623179,5000.0,8000.0,12000.0
2024-04-25 00:00,541.20163041,5000.0,8000.0,12000.0
2024-04-25 01:00,551.92415106,5000.0,8000.0,12000.0
2024-04-25 02:00,551.32385727,5000.0,8000.0,12000.0
2024-04-25 03:00,553.53873864,5000.0,8000.0,12000.0
2024-04-25 04:00,553.70433864,5000.0,8000.0,12000.0
2024-04-25 05:00,554.5737324300001,5000.0,8000.0,12000.0
2024-04-25 06:00,567.6715656600003,5000.0,8000.0,12000.0
2024-04-25 07:00,571.7355076500003,5000.0,8000.0,12000.0
2024-04-25 08:00,588.0070710900004,5000.0,8000.0,12000.0
2024-04-25 09:00,603.5790435300003,5000.0,8000.0,12000.0
2024-04-25 10:00,633.6703720200002,5000.0,8000.0,12000.0
2024-04-25 11:00,655.8055416600001,5000.0,8000.0,12000.0
2024-04-25 12:00,650.8788285000002,5000.0,8000.0,12000.0
2024-04-25 13:00,621.2435658600002,5000.0,8000.0,12000.0
2024-04-25 14:00,614.6197694100002,5000.0,8000.0,12000.0
2024-04-25 15:00,582.6297003,5000.0,8000.0,12000.0
2024-04-25 16:00,596.2433678699999,5000.0,8000.0,12000.0
2024-04-25 17:00,715.2013060800002,5000.0,8000.0,12000.0
2024-04-25 18:00,993.3847586400005,5000.0,8000.0,12000.0
2024-04-25 19:00,1087.0034763300005,5000.0,8000.0,12000.0
2024-04-25 20:00,1033.0171056000004,5000.0,8000.0,12000.0
2024-04-25 21:00,781.4643603600005,5000.0,8000.0,12000.0
2024-04-25 22:00,782.5395438900006,5000.0,8000.0,12000.0
2024-04-25 23:00,540.9532311,5000.0,8000.0,12000.0
2024-04-26 00:00,545.65209867,5000.0,8000.0,12000.0
2024-04-26 01:00,550.3095648599999,5000.0,8000.0,12000.0
2024-04-26 02:00,552.2967483,5000.0,8000.0,12000.0
2024-04-26 03:00,553.43524071,5000.0,8000.0,12000.0
2024-04-26 04:00,554.69793036,5000.0,8000.0,12000.0
2024-04-26 05:00,554.63583105,5000.0,8000.0,12000.0
2024-04-26 06:00,566.6503497900002,5000.0,8000.0,12000.0
2024-04-26 07:00,573.2947372200001,5000.0,8000.0,12000.0
2024-04-26 08:00,575.0628284100004,5000.0,8000.0,12000.0
2024-04-26 09:00,607.1464353000003,5000.0,8000.0,12000.0
2024-04-26 10:00,628.9439562000002,5000.0,8000.0,12000.0
2024-04-26 11:00,652.69351815,5000.0,8000.0,12000.0
2024-04-26 12:00,692.8306442700001,5000.0,8000.0,12000.0
2024-04-26 13:00,679.4241705900001,5000.0,8000.0,12000.0
2024-04-26 14:00,624.7213397400003,5000.0,8000.0,12000.0
2024-04-26 15:00,573.70800996,5000.0,8000.0,12000.0
2024-04-26 16:00,594.58046994,5000.0,8000.0,12000.0
2024-04-26 17:00,809.9933756700001,5000.0,8000.0,12000.0
2024-04-26 18:00,900.4694918100005,5000.0,8000.0,12000.0
2024-04-26 19:00,983.0344150200004,5000.0,8000.0,12000.0
2024-04-26 20:00,935.4997423200006,5000.0,8000.0,12000.0
2024-04-26 21:00,852.5207225100006,5000.0,8000.0,12000.0
2024-04-26 22:00,855.5551224000005,5000.0,8000.0,12000.0
2024-04-26 23:00,542.85762075,5000.0,8000.0,12000.0
2024-04-27 00:00,542.96111868,5000.0,8000.0,12000.0
2024-04-27 01:00,549.48156969,5000.0,8000.0,12000.0
2024-04-27 02:00,552.21394899,5000.0,8000.0,12000.0
2024-04-27 03:00,553.47664002,5000.0,8000.0,12000.0
2024-04-27 04:00,554.1804345,5000.0,8000.0,12000.0
2024-04-27 05:00,553.70433864,5000.0,8000.0,12000.0
2024-04-27 06:00,564.0905629500002,5000.0,8000.0,12000.0
2024-04-27 07:00,576.1307241600002,5000.0,8000.0,12000.0
2024-04-27 08:00,590.9600999700003,5000.0,8000.0,12000.0
2024-04-27 09:00,614.4050697000002,5000.0,8000.0,12000.0
2024-04-27 10:00,689.5256422500003,5000.0,8000.0,12000.0
2024-04-27 11:00,659.9040850800001,5000.0,8000.0,12000.0
2024-04-27 12:00,646.7872851300002,5000.0,8000.0,12000.0
2024-04-27 13:00,631.1933720700001,5000.0,8000.0,12000.0
2024-04-27 14:00,631.4625817800003,5000.0,8000.0,12000.0
2024-04-27 15:00,571.99681962,5000.0,8000.0,12000.0
2024-04-27 16:00,577.5651085799999,5000.0,8000.0,12000.0
2024-04-27 17:00,821.9441673900002,5000.0,8000.0,12000.0
2024-04-27 18:00,980.3301960000006,5000.0,8000.0,12000.0
2024-04-27 19:00,906.8721674100004,5000.0,8000.0,12000.0
2024-04-27 20:00,994.3564759800006,5000.0,8000.0,12000.0
2024-04-27 21:00,881.5145149200006,5000.0,8000.0,12000.0
2024-04-27 22:00,775.7775190500005,5000.0,8000.0,12000.0
2024-04-27 23:00,542.8369214400001,5000.0,8000.0,12000.0
2024-04-28 00:00,539.1730476600001,5000.0,8000.0,12000.0
2024-04-28 01:00,550.74425865,5000.0,8000.0,12000.0
2024-04-28 02:00,554.82212967,5000.0,8000.0,12000.0
2024-04-28 03:00,554.57373105,5000.0,8000.0,12000.0
2024-04-28 04:00,553.78713726,5000.0,8000.0,12000.0
2024-04-28 05:00,555.0498269100001,5000.0,8000.0,12000.0
2024-04-28 06:00,563.2763995200003,5000.0,8000.0,12000.0
2024-04-28 07:00,572.2254207600001,5000.0,8000.0,12000.0
2024-04-28 08:00,580.0444448700003,5000.0,8000.0,12000.0
2024-04-28 09:00,612.4385690100003,5000.0,8000.0,12000.0
2024-04-28 10:00,627.5846410200003,5000.0,8000.0,12000.0
2024-04-28 11:00,650.4167548200002,5000.0,8000.0,12000.0
2024-04-28 12:00,652.2933988800002,5000.0,8000.0,12000.0
2024-04-28 13:00,655.3431657600001,5000.0,8000.0,12000.0
2024-04-28 14:00,623.0791135200002,5000.0,8000.0,12000.0
2024-04-28 15:00,586.5557837399999,5000.0,8000.0,12000.0
2024-04-28 16:00,570.32011686,5000.0,8000.0,12000.0
2024-04-28 17:00,786.2091143100002,5000.0,8000.0,12000.0
2024-04-28 18:00,972.0499676100005,5000.0,8000.0,12000.0
2024-04-28 19:00,960.3194307900004,5000.0,8000.0,12000.0
2024-04-28 20:00,868.9838837700005,5000.0,8000.0,12000.0
2024-04-28 21:00,916.7318637600005,5000.0,8000.0,12000.0
2024-04-28 22:00,904.4898120000004,5000.0,8000.0,12000.0
2024-04-28 23:00,538.8832518,5000.0,8000.0,12000.0
2024-04-29 00:00,541.2223311,5000.0,8000.0,12000.0
2024-04-29 01:00,552.46234692,5000.0,8000.0,12000.0
2024-04-29 02:00,552.7107462299999,5000.0,8000.0,12000.0
2024-04-29 03:00,552.81424692,5000.0,8000.0,12000.0
2024-04-29 04:00,554.2632351899999,5000.0,8000.0,12000.0
2024-04-29 05:00,553.99413657,5000.0,8000.0,12000.0
2024-04-29 06:00,558.3499113000003,5000.0,8000.0,12000.0
2024-04-29 07:00,575.6062537800002,5000.0,8000.0,12000.0
2024-04-29 08:00,586.1922765600004,5000.0,8000.0,12000.0
2024-04-29 09:00,609.1472938500002,5000.0,8000.0,12000.0
2024-04-29 10:00,642.3091692600002,5000.0,8000.0,12000.0
2024-04-29 11:00,662.4156160800001,5000.0,8000.0,12000.0
2024-04-29 12:00,677.9475892200003,5000.0,8000.0,12000.0
2024-04-29 13:00,640.8740396400002,5000.0,8000.0,12000.0
2024-04-29 14:00,640.5084528000002,5000.0,8000.0,12000.0
2024-04-29 15:00,573.5355120299998,5000.0,8000.0,12000.0
2024-04-29 16:00,571.07911755,5000.0,8000.0,12000.0
2024-04-29 17:00,729.0151053900003,5000.0,8000.0,12000.0
2024-04-29 18:00,954.7656594300006,5000.0,8000.0,12000.0
2024-04-29 19:00,996.2270708100004,5000.0,8000.0,12000.0
2024-04-29 20:00,961.6160215200006,5000.0,8000.0,12000.0
2024-04-29 21:00,923.5699252200005,5000.0,8000.0,12000.0
2024-04-29 22:00,806.4409693200004,5000.0,8000.0,12000.0
2024-04-29 23:00,540.3322373100001,5000.0,8000.0,12000.0
2024-04-30 00:00,544.59640488,5000.0,8000.0,12000.0
2024-04-30 01:00,548.1567800400001,5000.0,8000.0,12000.0
2024-04-30 02:00,552.2760483,5000.0,8000.0,12000.0
2024-04-30 03:00,552.33814899,5000.0,8000.0,12000.0
2024-04-30 04:00,552.54514623,5000.0,8000.0,12000.0
2024-04-30 05:00,553.1040434700001,5000.0,8000.0,12000.0
2024-04-30 06:00,563.0832160800003,5000.0,8000.0,12000.0
2024-04-30 07:00,572.5634089800002,5000.0,8000.0,12000.0
2024-04-30 08:00,587.4826317600003,5000.0,8000.0,12000.0
2024-04-30 09:00,632.4346158300002,5000.0,8000.0,12000.0
2024-04-30 10:00,683.1363581700002,5000.0,8000.0,12000.0
2024-04-30 11:00,691.2368608800002,5000.0,8000.0,12000.0
2024-04-30 12:00,642.8404458000002,5000.0,8000.0,12000.0
2024-04-30 13:00,658.0342823700001,5000.0,8000.0,12000.0
2024-04-30 14:00,634.8160362900003,5000.0,8000.0,12000.0
2024-04-30 15:00,569.45072307,5000.0,8000.0,12000.0
2024-04-30 16:00,572.22451824,5000.0,8000.0,12000.0
2024-04-30 17:00,816.6173735966669,5000.0,8000.0,12000.0
2024-04-30 18:00,940.2341373000005,5000.0,8000.0,12000.0
2024-04-30 19:00,914.2139054100005,5000.0,8000.0,12000.0
2024-04-30 20:00,919.8023547900005,5000.0,8000.0,12000.0
2024-04-30 21:00,928.7931300000005,5000.0,8000.0,12000.0
2024-04-30 22:00,770.9128527600004,5000.0,8000.0,12000.0
2024-04-30 23:00,539.7526407600001,5000.0,8000.0,12000.0
2024-05-01 00:00,542.69201868,5000.0,8000.0,12000.0
2024-05-01 01:00,550.4544641699999,5000.0,8000.0,12000.0
2024-05-01 02:00,551.09615727,5000.0,8000.0,12000.0
2024-05-01 03:00,552.54514692,5000.0,8000.0,12000.0
2024-05-01 04:00,553.7664386399999,5000.0,8000.0,12000.0
2024-05-01 05:00,554.0769358800001,5000.0,8000.0,12000.0
2024-05-01 06:00,563.8145353500003,5000.0,8000.0,12000.0
2024-05-01 07:00,570.5762234700002,5000.0,8000.0,12000.0
2024-05-01 08:00,583.8808531500003,5000.0,8000.0,12000.0
2024-05-01 09:00,610.0857138600003,5000.0,8000.0,12000.0
2024-05-01 10:00,656.6817464400002,5000.0,8000.0,12000.0
2024-05-01 11:00,686.2136381100001,5000.0,8000.0,12000.0
2024-05-01 12:00,628.9783947900002,5000.0,8000.0,12000.0
2024-05-01 13:00,641.3363713800003,5000.0,8000.0,12000.0
2024-05-01 14:00,611.3490721200002,5000.0,8000.0,12000.0
2024-05-01 15:00,585.7760871899999,5000.0,8000.0,12000.0
2024-05-01 16:00,593.6765706299999,5000.0,8000.0,12000.0
2024-05-01 17:00,760.4583453600003,5000.0,8000.0,12000.0
2024-05-01 18:00,1012.6358593800004,5000.0,8000.0,12000.0
2024-05-01 19:00,924.4673109300005,5000.0,8000.0,12000.0
2024-05-01 20:00,872.9511995400005,5000.0,8000.0,12000.0
2024-05-01 21:00,939.7295313300006,5000.0,8000.0,12000.0
2024-05-01 22:00,845.6054486700006,5000.0,8000.0,12000.0
2024-05-01 23:00,545.36230074,5000.0,8000.0,12000.0
2024-05-02 00:00,544.01681109,5000.0,8000.0,12000.0
2024-05-02 01:00,548.3637772799999,5000.0,8000.0,12000.0
2024-05-02 02:00,552.71074554,5000.0,8000.0,12000.0
2024-05-02 03:00,553.8078365700001,5000.0,8000.0,12000.0
2024-05-02 04:00,554.5944331200001,5000.0,8000.0,12000.0
2024-05-02 05:00,554.8635289800001,5000.0,8000.0,12000.0
2024-05-02 06:00,565.2220767000002,5000.0,8000.0,12000.0
2024-05-02 07:00,576.0064461900002,5000.0,8000.0,12000.0
2024-05-02 08:00,577.9744883400003,5000.0,8000.0,12000.0
2024-05-02 09:00,610.9688993700003,5000.0,8000.0,12000.0
2024-05-02 10:00,649.9059064200002,5000.0,8000.0,12000.0
2024-05-02 11:00,654.6737877900001,5000.0,8000.0,12000.0
2024-05-02 12:00,661.6979450100001,5000.0,8000.0,12000.0
2024-05-02 13:00,657.8686464900002,5000.0,8000.0,12000.0
2024-05-02 14:00,635.7130963200002,5000.0,8000.0,12000.0
2024-05-02 15:00,572.1624140999999,5000.0,8000.0,12000.0
2024-05-02 16:00,600.0866589,5000.0,8000.0,12000.0
2024-05-02 17:00,716.0982881400002,5000.0,8000.0,12000.0
2024-05-02 18:00,904.7683270500005,5000.0,8000.0,12000.0
2024-05-02 19:00,1020.8809308900005,5000.0,8000.0,12000.0
2024-05-02 20:00,953.3775609000006,5000.0,8000.0,12000.0
2024-05-02 21:00,939.3502121100006,5000.0,8000.0,12000.0
2024-05-02 22:00,787.4868252600005,5000.0,8000.0,12000.0
2024-05-02 23:00,542.36082144,5000.0,8000.0,12000.0
2024-05-03 00:00,542.87832075,5000.0,8000.0,12000.0
2024-05-03 01:00,548.30168004,5000.0,8000.0,12000.0
2024-05-03 02:00,550.2267648599999,5000.0,8000.0,12000.0
2024-05-03 03:00,552.60724554,5000.0,8000.0,12000.0
2024-05-03 04:00,555.73292346,5000.0,8000.0,12000.0
2024-05-03 05:00,554.98772829,5000.0,8000.0,12000.0
2024-05-03 06:00,571.1560359900002,5000.0,8000.0,12000.0
2024-05-03 07:00,579.9877386000002,5000.0,8000.0,12000.0
2024-05-03 08:00,590.7807986400004,5000.0,8000.0,12000.0
2024-05-03 09:00,629.2882751700001,5000.0,8000.0,12000.0
2024-05-03 10:00,657.1855002600001,5000.0,8000.0,12000.0
2024-05-03 11:00,699.3029125800001,5000.0,8000.0,12000.0
2024-05-03 12:00,664.2717685200001,5000.0,8000.0,12000.0
2024-05-03 13:00,633.0769878900002,5000.0,8000.0,12000.0
2024-05-03 14:00,640.2462362400003,5000.0,8000.0,12000.0
2024-05-03 15:00,593.24187822,5000.0,8000.0,12000.0
2024-05-03 16:00,575.80560996,5000.0,8000.0,12000.0
2024-05-03 17:00,868.0154087533335,5000.0,8000.0,12000.0
2024-05-03 18:00,904.5957815100005,5000.0,8000.0,12000.0
2024-05-03 19:00,872.9588406000005,5000.0,8000.0,12000.0
2024-05-03 20:00,960.0431610000006,5000.0,8000.0,12000.0
2024-05-03 21:00,886.9517459700005,5000.0,8000.0,12000.0
2024-05-03 22:00,776.1363018000005,5000.0,8000.0,12000.0
2024-05-03 23:00,542.83691937,5000.0,8000.0,12000.0
2024-05-04 00:00,538.2208518,5000.0,8000.0,12000.0
2024-05-04 01:00,551.4687551999999,5000.0,8000.0,12000.0
2024-05-04 02:00,551.2824558899999,5000.0,8000.0,12000.0
2024-05-04 03:00,551.86205175,5000.0,8000.0,12000.0
2024-05-04 04:00,554.1804345,5000.0,8000.0,12000.0
2024-05-04 05:00,554.20113519,5000.0,8000.0,12000.0
2024-05-04 06:00,568.2994842900002,5000.0,8000.0,12000.0
2024-05-04 07:00,570.6729814800002,5000.0,8000.0,12000.0
2024-05-04 08:00,590.8360179600004,5000.0,8000.0,12000.0
2024-05-04 09:00,622.3744779300001,5000.0,8000.0,12000.0
2024-05-04 10:00,673.7040519600001,5000.0,8000.0,12000.0
2024-05-04 11:00,670.4748630000001,5000.0,8000.0,12000.0
2024-05-04 12:00,699.6203277600001,5000.0,8000.0,12000.0
2024-05-04 13:00,666.2798624100002,5000.0,8000.0,12000.0
2024-05-04 14:00,636.5547679800002,5000.0,8000.0,12000.0
2024-05-04 15:00,564.3792278999998,5000.0,8000.0,12000.0
2024-05-04 16:00,572.6247141,5000.0,8000.0,12000.0
2024-05-04 17:00,792.4881163800003,5000.0,8000.0,12000.0
2024-05-04 18:00,919.0511407500005,5000.0,8000.0,12000.0
2024-05-04 19:00,975.3133591800004,5000.0,8000.0,12000.0
2024-05-04 20:00,862.4636625300005,5000.0,8000.0,12000.0
2024-05-04 21:00,947.7887161500006,5000.0,8000.0,12000.0
2024-05-04 22:00,806.7857954400005,5000.0,8000.0,12000.0
2024-05-04 23:00,543.7063124700001,5000.0,8000.0,12000.0
2024-05-05 00:00,542.69202075,5000.0,8000.0,12000.0
2024-05-05 01:00,550.18536555,5000.0,8000.0,12000.0
2024-05-05 02:00,551.90345037,5000.0,8000.0,12000.0
2024-05-05 03:00,554.03553588,5000.0,8000.0,12000.0
2024-05-05 04:00,554.76002967,5000.0,8000.0,12000.0
2024-05-05 05:00,552.62794623,5000.0,8000.0,12000.0
2024-05-05 06:00,562.0067470800003,5000.0,8000.0,12000.0
2024-05-05 07:00,564.4285484100002,5000.0,8000.0,12000.0
2024-05-05 08:00,591.8503662600003,5000.0,8000.0,12000.0
2024-05-05 09:00,609.3059738400003,5000.0,8000.0,12000.0
2024-05-05 10:00,630.7379189400002,5000.0,8000.0,12000.0
2024-05-05 11:00,627.3500389500002,5000.0,8000.0,12000.0
2024-05-05 12:00,662.20869129,5000.0,8000.0,12000.0
2024-05-05 13:00,672.9242615700001,5000.0,8000.0,12000.0
2024-05-05 14:00,638.3141686200001,5000.0,8000.0,12000.0
2024-05-05 15:00,583.17479892,5000.0,8000.0,12000.0
2024-05-05 16:00,590.89587684,5000.0,8000.0,12000.0
2024-05-05 17:00,814.2713673900003,5000.0,8000.0,12000.0
2024-05-05 18:00,884.6823076800006,5000.0,8000.0,12000.0
2024-05-05 19:00,1090.6674432600007,5000.0,8000.0,12000.0
2024-05-05 20:00,916.9731829800005,5000.0,8000.0,12000.0
2024-05-05 21:00,859.4067258600006,5000.0,8000.0,12000.0
2024-05-05 22:00,783.3466679400004,5000.0,8000.0,12000.0
2024-05-05 23:00,541.28442972,5000.0,8000.0,12000.0
2024-05-06 00:00,542.91971868,5000.0,8000.0,12000.0
2024-05-06 01:00,548.09468004,5000.0,8000.0,12000.0
2024-05-06 02:00,553.0833427800001,5000.0,8000.0,12000.0
2024-05-06 03:00,554.47023312,5000.0,8000.0,12000.0
2024-05-06 04:00,553.04194347,5000.0,8000.0,12000.0
2024-05-06 05:00,552.95914416,5000.0,8000.0,12000.0
2024-05-06 06:00,561.1305091800002,5000.0,8000.0,12000.0
2024-05-06 07:00,569.4377145000002,5000.0,8000.0,12000.0
2024-05-06 08:00,577.0084738500004,5000.0,8000.0,12000.0
2024-05-06 09:00,608.7126297300002,5000.0,8000.0,12000.0
2024-05-06 10:00,651.4792113000002,5000.0,8000.0,12000.0
2024-05-06 11:00,642.4335300300003,5000.0,8000.0,12000.0
2024-05-06 12:00,664.7548630500002,5000.0,8000.0,12000.0
2024-05-06 13:00,656.0677430400002,5000.0,8000.0,12000.0
2024-05-06 14:00,624.3280321500002,5000.0,8000.0,12000.0
2024-05-06 15:00,598.7687616599999,5000.0,8000.0,12000.0
2024-05-06 16:00,585.5346051299999,5000.0,8000.0,12000.0
2024-05-06 17:00,822.3995328900003,5000.0,8000.0,12000.0
2024-05-06 18:00,925.5442974300005,5000.0,8000.0,12000.0
2024-05-06 19:00,1052.572254146667,5000.0,8000.0,12000.0
2024-05-06 20:00,896.0453035800004,5000.0,8000.0,12000.0
2024-05-06 21:00,886.4272714500006,5000.0,8000.0,12000.0
2024-05-06 22:00,805.7715589200004,5000.0,8000.0,12000.0
2024-05-06 23:00,543.87190971,5000.0,8000.0,12000.0
2024-05-07 00:00,541.40863041,5000.0,8000.0,12000.0
2024-05-07 01:00,551.11685796,5000.0,8000.0,12000.0
2024-05-07 02:00,554.38743312,5000.0,8000.0,12000.0
2024-05-07 03:00,555.00842829,5000.0,8000.0,12000.0
2024-05-07 04:00,553.06264347,5000.0,8000.0,12000.0
2024-05-07 05:00,554.59443174,5000.0,8000.0,12000.0
2024-05-07 06:00,566.1949359900003,5000.0,8000.0,12000.0
2024-05-07 07:00,573.3638365800002,5000.0,8000.0,12000.0
2024-05-07 08:00,579.6442986900004,5000.0,8000.0,12000.0
2024-05-07 09:00,614.3015365800002,5000.0,8000.0,12000.0
2024-05-07 10:00,640.3012982400002,5000.0,8000.0,12000.0
2024-05-07 11:00,662.0984148000002,5000.0,8000.0,12000.0
2024-05-07 12:00,691.8234678300001,5000.0,8000.0,12000.0
2024-05-07 13:00,650.5754065200002,5000.0,8000.0,12000.0
2024-05-07 14:00,643.6892996700003,5000.0,8000.0,12000.0
2024-05-07 15:00,589.93678512,5000.0,8000.0,12000.0
2024-05-07 16:00,561.58473549,5000.0,8000.0,12000.0
2024-05-07 17:00,828.3956577300002,5000.0,8000.0,12000.0
2024-05-07 18:00,889.8780573600005,5000.0,8000.0,12000.0
2024-05-07 19:00,988.7408164500005,5000.0,8000.0,12000.0
2024-05-07 20:00,895.2176437500004,5000.0,8000.0,12000.0
2024-05-07 21:00,937.5420574500006,5000.0,8000.0,12000.0
2024-05-07 22:00,810.1600838100004,5000.0,8000.0,12000.0
2024-05-07 23:00,544.78270695,5000.0,8000.0,12000.0
2024-05-08 00:00,544.34800833,5000.0,8000.0,12000.0
2024-05-08 01:00,550.37166279,5000.0,8000.0,12000.0
2024-05-08 02:00,553.14544347,5000.0,8000.0,12000.0
2024-05-08 03:00,552.75214554,5000.0,8000.0,12000.0
2024-05-08 04:00,552.4002483,5000.0,8000.0,12000.0
2024-05-08 05:00,554.24253519,5000.0,8000.0,12000.0
2024-05-08 06:00,566.4847566900003,5000.0,8000.0,12000.0
2024-05-08 07:00,569.8723944900001,5000.0,8000.0,12000.0
2024-05-08 08:00,585.6472324500004,5000.0,8000.0,12000.0
2024-05-08 09:00,599.1700449600002,5000.0,8000.0,12000.0
2024-05-08 10:00,658.6828444200002,5000.0,8000.0,12000.0
2024-05-08 11:00,673.5246933600002,5000.0,8000.0,12000.0
2024-05-08 12:00,662.0153953800002,5000.0,8000.0,12000.0
2024-05-08 13:00,649.1194188900002,5000.0,8000.0,12000.0
2024-05-08 14:00,630.2275011000003,5000.0,8000.0,12000.0
2024-05-08 15:00,556.00955274,5000.0,8000.0,12000.0
2024-05-08 16:00,594.08367408,5000.0,8000.0,12000.0
2024-05-08 17:00,771.7674426000002,5000.0,8000.0,12000.0
2024-05-08 18:00,821.7750725400005,5000.0,8000.0,12000.0
2024-05-08 19:00,1069.3465267500005,5000.0,8000.0,12000.0
2024-05-08 20:00,904.9602395100005,5000.0,8000.0,12000.0
2024-05-08 21:00,1016.9197940700004,5000.0,8000.0,12000.0
2024-05-08 22:00,770.3541176700005,5000.0,8000.0,12000.0
2024-05-08 23:00,542.79551868,5000.0,8000.0,12000.0
2024-05-09 00:00,542.29872075,5000.0,8000.0,12000.0
2024-05-09 01:00,551.24105796,5000.0,8000.0,12000.0
2024-05-09 02:00,552.79354485,5000.0,8000.0,12000.0
2024-05-09 03:00,553.41454002,5000.0,8000.0,12000.0
2024-05-09 04:00,553.95273657,5000.0,8000.0,12000.0
2024-05-09 05:00,554.51163174,5000.0,8000.0,12000.0
2024-05-09 06:00,563.8214802000002,5000.0,8000.0,12000.0
2024-05-09 07:00,573.2120938500003,5000.0,8000.0,12000.0
2024-05-09 08:00,590.9188214100003,5000.0,8000.0,12000.0
2024-05-09 09:00,615.8885207100003,5000.0,8000.0,12000.0
2024-05-09 10:00,660.3732864600001,5000.0,8000.0,12000.0
2024-05-09 11:00,647.7462885300002,5000.0,8000.0,12000.0
2024-05-09 12:00,681.0731836500001,5000.0,8000.0,12000.0
2024-05-09 13:00,625.4388548700002,5000.0,8000.0,12000.0
2024-05-09 14:00,596.4866770500001,5000.0,8000.0,12000.0
2024-05-09 15:00,560.8878513599999,5000.0,8000.0,12000.0
2024-05-09 16:00,606.80725959,5000.0,8000.0,12000.0
2024-05-09 17:00,826.3118598000002,5000.0,8000.0,12000.0
2024-05-09 18:00,1000.4847585900005,5000.0,8000.0,12000.0
2024-05-09 19:00,981.0676645500005,5000.0,8000.0,12000.0
2024-05-09 20:00,998.2207071300005,5000.0,8000.0,12000.0
2024-05-09 21:00,814.9915576500006,5000.0,8000.0,12000.0
2024-05-09 22:00,757.5822576900006,5000.0,8000.0,12000.0
2024-05-09 23:00,544.26520902,5000.0,8000.0,12000.0
2024-05-10 00:00,541.3051297200001,5000.0,8000.0,12000.0
2024-05-10 01:00,549.95766555,5000.0,8000.0,12000.0
2024-05-10 02:00,552.23464968,5000.0,8000.0,12000.0
2024-05-10 03:00,552.04834899,5000.0,8000.0,12000.0
2024-05-10 04:00,554.0769358800001,5000.0,8000.0,12000.0
2024-05-10 05:00,554.2632351899999,5000.0,8000.0,12000.0
2024-05-10 06:00,564.7942801500002,5000.0,8000.0,12000.0
2024-05-10 07:00,571.4456779800003,5000.0,8000.0,12000.0
2024-05-10 08:00,591.4086551700003,5000.0,8000.0,12000.0
2024-05-10 09:00,620.8426875900002,5000.0,8000.0,12000.0
2024-05-10 10:00,623.3412045000002,5000.0,8000.0,12000.0
2024-05-10 11:00,650.4304057800001,5000.0,8000.0,12000.0
2024-05-10 12:00,614.1090307200003,5000.0,8000.0,12000.0
2024-05-10 13:00,645.6969912900001,5000.0,8000.0,12000.0
2024-05-10 14:00,671.4410534400001,5000.0,8000.0,12000.0
2024-05-10 15:00,611.0921340599999,5000.0,8000.0,12000.0
2024-05-10 16:00,612.58252923,5000.0,8000.0,12000.0
2024-05-10 17:00,759.2163570900003,5000.0,8000.0,12000.0
2024-05-10 18:00,945.1745793900005,5000.0,8000.0,12000.0
2024-05-10 19:00,966.4190825400005,5000.0,8000.0,12000.0
2024-05-10 20:00,910.6735616400005,5000.0,8000.0,12000.0
2024-05-10 21:00,939.5985921000006,5000.0,8000.0,12000.0
2024-05-10 22:00,772.1618617800005,5000.0,8000.0,12000.0
2024-05-10 23:00,543.60281454,5000.0,8000.0,12000.0
2024-05-11 00:00,541.4293311,5000.0,8000.0,12000.0
2024-05-11 01:00,550.57866141,5000.0,8000.0,12000.0
2024-05-11 02:00,553.1040434700001,5000.0,8000.0,12000.0
2024-05-11 03:00,552.77284416,5000.0,8000.0,12000.0
2024-05-11 04:00,553.51803933,5000.0,8000.0,12000.0
2024-05-11 05:00,555.0705289800001,5000.0,8000.0,12000.0
2024-05-11 06:00,563.1729078000003,5000.0,8000.0,12000.0
2024-05-11 07:00,568.6374594000002,5000.0,8000.0,12000.0
2024-05-11 08:00,589.4008738500004,5000.0,8000.0,12000.0
2024-05-11 09:00,608.2433952300003,5000.0,8000.0,12000.0
2024-05-11 10:00,626.1218527500002,5000.0,8000.0,12000.0
2024-05-11 11:00,643.0542850800001,5000.0,8000.0,12000.0
2024-05-11 12:00,633.6082237200002,5000.0,8000.0,12000.0
2024-05-11 13:00,688.0560416100002,5000.0,8000.0,12000.0
2024-05-11 14:00,621.1057452600002,5000.0,8000.0,12000.0
2024-05-11 15:00,592.1792713199999,5000.0,8000.0,12000.0
2024-05-11 16:00,586.34188788,5000.0,8000.0,12000.0
2024-05-11 17:00,805.2737929200001,5000.0,8000.0,12000.0
2024-05-11 18:00,866.3835270000004,5000.0,8000.0,12000.0
2024-05-11 19:00,959.0569005300005,5000.0,8000.0,12000.0
2024-05-11 20:00,910.8805623300005,5000.0,8000.0,12000.0
2024-05-11 21:00,1002.8298636600006,5000.0,8000.0,12000.0
2024-05-11 22:00,807.1378155000004,5000.0,8000.0,12000.0
2024-05-11 23:00,544.05820971,5000.0,8000.0,12000.0
2024-05-12 00:00,543.9961104,5000.0,8000.0,12000.0
2024-05-12 01:00,551.86205175,5000.0,8000.0,12000.0
2024-05-12 02:00,553.45594071,5000.0,8000.0,12000.0
2024-05-12 03:00,553.53873864,5000.0,8000.0,12000.0
2024-05-12 04:00,555.96062139,5000.0,8000.0,12000.0
2024-05-12 05:00,553.3524414,5000.0,8000.0,12000.0
2024-05-12 06:00,565.8567856200002,5000.0,8000.0,12000.0
2024-05-12 07:00,572.4323227800002,5000.0,8000.0,12000.0
2024-05-12 08:00,582.9286014000004,5000.0,8000.0,12000.0
2024-05-12 09:00,604.1655821700003,5000.0,8000.0,12000.0
2024-05-12 10:00,659.5383429900002,5000.0,8000.0,12000.0
2024-05-12 11:00,690.7123270200002,5000.0,8000.0,12000.0
2024-05-12 12:00,663.2021125800002,5000.0,8000.0,12000.0
2024-05-12 13:00,658.8485010000002,5000.0,8000.0,12000.0
2024-05-12 14:00,635.7750666000003,5000.0,8000.0,12000.0
2024-05-12 15:00,600.673152,5000.0,8000.0,12000.0
2024-05-12 16:00,572.700621,5000.0,8000.0,12000.0
2024-05-12 17:00,857.4377004600002,5000.0,8000.0,12000.0
2024-05-12 18:00,923.9712450900006,5000.0,8000.0,12000.0
2024-05-12 19:00,968.1376200000005,5000.0,8000.0,12000.0
2024-05-12 20:00,920.8856237400006,5000.0,8000.0,12000.0
2024-05-12 21:00,894.2999941200006,5000.0,8000.0,12000.0
2024-05-12 22:00,713.2634328000004,5000.0,8000.0,12000.0
2024-05-12 23:00,541.67772834,5000.0,8000.0,12000.0
2024-05-13 00:00,542.7127186800001,5000.0,8000.0,12000.0
2024-05-13 01:00,549.95766624,5000.0,8000.0,12000.0
2024-05-13 02:00,553.31104209,5000.0,8000.0,12000.0
2024-05-13 03:00,554.44953312,5000.0,8000.0,12000.0
2024-05-13 04:00,554.7393310499999,5000.0,8000.0,12000.0
2024-05-13 05:00,554.05623657,5000.0,8000.0,12000.0
2024-05-13 06:00,563.0693926200003,5000.0,8000.0,12000.0
2024-05-13 07:00,570.2106531900002,5000.0,8000.0,12000.0
2024-05-13 08:00,581.5279241700005,5000.0,8000.0,12000.0
2024-05-13 09:00,620.2631151900002,5000.0,8000.0,12000.0
2024-05-13 10:00,644.2411630500003,5000.0,8000.0,12000.0
2024-05-13 11:00,635.8164334800002,5000.0,8000.0,12000.0
2024-05-13 12:00,632.2146231300002,5000.0,8000.0,12000.0
2024-05-13 13:00,623.3342430900001,5000.0,8000.0,12000.0
2024-05-13 14:00,622.2994425000002,5000.0,8000.0,12000.0
2024-05-13 15:00,620.75211612,5000.0,8000.0,12000.0
2024-05-13 16:00,585.3206865,5000.0,8000.0,12000.0
2024-05-13 17:00,710.2057088400002,5000.0,8000.0,12000.0
2024-05-13 18:00,847.1878422300005,5000.0,8000.0,12000.0
2024-05-13 19:00,979.1149804200005,5000.0,8000.0,12000.0
2024-05-13 20:00,999.6625421700005,5000.0,8000.0,12000.0
2024-05-13 21:00,989.0436229500006,5000.0,8000.0,12000.0
2024-05-13 22:00,878.2837265400005,5000.0,8000.0,12000.0
2024-05-13 23:00,542.89902006,5000.0,8000.0,12000.0
2024-05-14 00:00,543.16811454,5000.0,8000.0,12000.0
2024-05-14 01:00,549.02617245,5000.0,8000.0,12000.0
2024-05-14 02:00,553.24894209,5000.0,8000.0,12000.0
2024-05-14 03:00,552.60724761,5000.0,8000.0,12000.0
2024-05-14 04:00,551.7792538199999,5000.0,8000.0,12000.0
2024-05-14 05:00,555.54662484,5000.0,8000.0,12000.0
2024-05-14 06:00,564.3113105100002,5000.0,8000.0,12000.0
2024-05-14 07:00,579.7393103100002,5000.0,8000.0,12000.0
2024-05-14 08:00,585.7920758700004,5000.0,8000.0,12000.0
2024-05-14 09:00,617.2616779800003,5000.0,8000.0,12000.0
2024-05-14 10:00,659.6420065200002,5000.0,8000.0,12000.0
2024-05-14 11:00,646.8425368800002,5000.0,8000.0,12000.0
2024-05-14 12:00,633.3669169200002,5000.0,8000.0,12000.0
2024-05-14 13:00,616.6689224400002,5000.0,8000.0,12000.0
2024-05-14 14:00,621.0436045500003,5000.0,8000.0,12000.0
2024-05-14 15:00,594.8357727,5000.0,8000.0,12000.0
2024-05-14 16:00,616.5017313000001,5000.0,8000.0,12000.0
2024-05-14 17:00,760.3962384600003,5000.0,8000.0,12000.0
2024-05-14 18:00,1014.4159489800005,5000.0,8000.0,12000.0
2024-05-14 19:00,1001.6847707100004,5000.0,8000.0,12000.0
2024-05-14 20:00,942.3583685400005,5000.0,8000.0,12000.0
2024-05-14 21:00,850.1538672600004,5000.0,8000.0,12000.0
2024-05-14 22:00,816.9911355600004,5000.0,8000.0,12000.0
2024-05-14 23:00,543.5821131600001,5000.0,8000.0,12000.0
2024-05-15 00:00,541.38793041,5000.0,8000.0,12000.0
2024-05-15 01:00,549.29527176,5000.0,8000.0,12000.0
2024-05-15 02:00,551.4480552,5000.0,8000.0,12000.0
2024-05-15 03:00,554.01483588,5000.0,8000.0,12000.0
2024-05-15 04:00,553.95273588,5000.0,8000.0,12000.0
2024-05-15 05:00,553.0212434700001,5000.0,8000.0,12000.0
2024-05-15 06:00,566.6366443200003,5000.0,8000.0,12000.0
2024-05-15 07:00,569.1618994200002,5000.0,8000.0,12000.0
2024-05-15 08:00,589.5663827700004,5000.0,8000.0,12000.0
2024-05-15 09:00,614.7983545200002,5000.0,8000.0,12000.0
2024-05-15 10:00,660.7940691600002,5000.0,8000.0,12000.0
2024-05-15 11:00,678.4580284500001,5000.0,8000.0,12000.0
2024-05-15 12:00,669.5296616700001,5000.0,8000.0,12000.0
2024-05-15 13:00,622.0992638400003,5000.0,8000.0,12000.0
2024-05-15 14:00,654.3912224400003,5000.0,8000.0,12000.0
2024-05-15 15:00,587.77018374,5000.0,8000.0,12000.0
2024-05-15 16:00,564.9381285899999,5000.0,8000.0,12000.0
2024-05-15 17:00,840.6017135700002,5000.0,8000.0,12000.0
2024-05-15 18:00,826.7156829900006,5000.0,8000.0,12000.0
2024-05-15 19:00,958.6774239900005,5000.0,8000.0,12000.0
2024-05-15 20:00,977.3963139300006,5000.0,8000.0,12000.0
2024-05-15 21:00,982.1437450800006,5000.0,8000.0,12000.0
2024-05-15 22:00,744.4584590700003,5000.0,8000.0,12000.0
2024-05-15 23:00,543.49931385,5000.0,8000.0,12000.0
2024-05-16 00:00,541.47072696,5000.0,8000.0,12000.0
2024-05-16 01:00,550.26816486,5000.0,8000.0,12000.0
2024-05-16 02:00,550.88915865,5000.0,8000.0,12000.0
2024-05-16 03:00,554.53233243,5000.0,8000.0,12000.0
2024-05-16 04:00,554.3046338099999,5000.0,8000.0,12000.0
2024-05-16 05:00,555.0705289800001,5000.0,8000.0,12000.0
2024-05-16 06:00,564.3044401800003,5000.0,8000.0,12000.0
2024-05-16 07:00,568.4166759600001,5000.0,8000.0,12000.0
2024-05-16 08:00,576.3599828700004,5000.0,8000.0,12000.0
2024-05-16 09:00,592.9669408200002,5000.0,8000.0,12000.0
2024-05-16 10:00,643.0266740400001,5000.0,8000.0,12000.0
2024-05-16 11:00,662.9884375200002,5000.0,8000.0,12000.0
2024-05-16 12:00,657.5924946900001,5000.0,8000.0,12000.0
2024-05-16 13:00,652.0588278600002,5000.0,8000.0,12000.0
2024-05-16 14:00,620.8711673400002,5000.0,8000.0,12000.0
2024-05-16 15:00,619.91031888,5000.0,8000.0,12000.0
2024-05-16 16:00,604.9511451,5000.0,8000.0,12000.0
2024-05-16 17:00,799.6709929200002,5000.0,8000.0,12000.0
2024-05-16 18:00,952.9785173400006,5000.0,8000.0,12000.0
2024-05-16 19:00,941.6411094000003,5000.0,8000.0,12000.0
2024-05-16 20:00,991.2929118600006,5000.0,8000.0,12000.0
2024-05-16 21:00,863.7055838700006,5000.0,8000.0,12000.0
2024-05-16 22:00,781.0696665600005,5000.0,8000.0,12000.0
2024-05-16 23:00,541.7605311,5000.0,8000.0,12000.0
2024-05-17 00:00,543.31301454,5000.0,8000.0,12000.0
2024-05-17 01:00,549.8748676199999,5000.0,8000.0,12000.0
2024-05-17 02:00,554.01483588,5000.0,8000.0,12000.0
2024-05-17 03:00,552.46234761,5000.0,8000.0,12000.0
2024-05-17 04:00,554.0769358800001,5000.0,8000.0,12000.0
2024-05-17 05:00,554.3874345,5000.0,8000.0,12000.0
2024-05-17 06:00,564.2009843400003,5000.0,8000.0,12000.0
2024-05-17 07:00,567.3265911900002,5000.0,8000.0,12000.0
2024-05-17 08:00,579.4855724700004,5000.0,8000.0,12000.0
2024-05-17 09:00,592.9531608300002,5000.0,8000.0,12000.0
2024-05-17 10:00,621.0641769000001,5000.0,8000.0,12000.0
2024-05-17 11:00,606.6985487100003,5000.0,8000.0,12000.0
2024-05-17 12:00,635.3127148500002,5000.0,8000.0,12000.0
2024-05-17 13:00,667.7700816300002,5000.0,8000.0,12000.0
2024-05-17 14:00,654.3704789700002,5000.0,8000.0,12000.0
2024-05-17 15:00,612.1478375099999,5000.0,8000.0,12000.0
2024-05-17 16:00,592.0688740799999,5000.0,8000.0,12000.0
2024-05-17 17:00,772.2642212100002,5000.0,8000.0,12000.0
2024-05-17 18:00,920.5276227600004,5000.0,8000.0,12000.0
2024-05-17 19:00,994.8054396600005,5000.0,8000.0,12000.0
2024-05-17 20:00,981.3842199900007,5000.0,8000.0,12000.0
2024-05-17 21:00,1007.4736871700005,5000.0,8000.0,12000.0
2024-05-17 22:00,763.7232804600005,5000.0,8000.0,12000.0
2024-05-17 23:00,540.58063524,5000.0,8000.0,12000.0
2024-05-18 00:00,544.18240971,5000.0,8000.0,12000.0
2024-05-18 01:00,550.28886486,5000.0,8000.0,12000.0
2024-05-18 02:00,551.90345313,5000.0,8000.0,12000.0
2024-05-18 03:00,552.4623482999999,5000.0,8000.0,12000.0
2024-05-18 04:00,553.91133657,5000.0,8000.0,12000.0
2024-05-18 05:00,555.38102553,5000.0,8000.0,12000.0
2024-05-18 06:00,566.1673380600002,5000.0,8000.0,12000.0
2024-05-18 07:00,570.2726772900003,5000.0,8000.0,12000.0
2024-05-18 08:00,579.5890904100004,5000.0,8000.0,12000.0
2024-05-18 09:00,607.2498939000002,5000.0,8000.0,12000.0
2024-05-18 10:00,637.9759920300003,5000.0,8000.0,12000.0
2024-05-18 11:00,636.0163782300002,5000.0,8000.0,12000.0
2024-05-18 12:00,632.3248851300001,5000.0,8000.0,12000.0
2024-05-18 13:00,662.0706209100002,5000.0,8000.0,12000.0
2024-05-18 14:00,680.4593437800002,5000.0,8000.0,12000.0
2024-05-18 15:00,592.1861761499999,5000.0,8000.0,12000.0
2024-05-18 16:00,570.2235147899999,5000.0,8000.0,12000.0
2024-05-18 17:00,828.0230432400002,5000.0,8000.0,12000.0
2024-05-18 18:00,939.1096077300004,5000.0,8000.0,12000.0
2024-05-18 19:00,878.2304882100004,5000.0,8000.0,12000.0
2024-05-18 20:00,896.0176656300006,5000.0,8000.0,12000.0
2024-05-18 21:00,992.9424810600005,5000.0,8000.0,12000.0
2024-05-18 22:00,832.0054120500005,5000.0,8000.0,12000.0
2024-05-18 23:00,543.0646173,5000.0,8000.0,12000.0
2024-05-19 00:00,541.49142834,5000.0,8000.0,12000.0
2024-05-19 01:00,550.30956417,5000.0,8000.0,12000.0
2024-05-19 02:00,551.88275175,5000.0,8000.0,12000.0
2024-05-19 03:00,551.48945313,5000.0,8000.0,12000.0
2024-05-19 04:00,552.56584692,5000.0,8000.0,12000.0
2024-05-19 05:00,554.51163312,5000.0,8000.0,12000.0
2024-05-19 06:00,561.8067443700003,5000.0,8000.0,12000.0
2024-05-19 07:00,570.8799393900002,5000.0,8000.0,12000.0
2024-05-19 08:00,587.2894379700004,5000.0,8000.0,12000.0
2024-05-19 09:00,604.3242152400003,5000.0,8000.0,12000.0
2024-05-19 10:00,657.5718774900001,5000.0,8000.0,12000.0
2024-05-19 11:00,663.6230912400002,5000.0,8000.0,12000.0
2024-05-19 12:00,654.2460091800001,5000.0,8000.0,12000.0
2024-05-19 13:00,622.7477934600003,5000.0,8000.0,12000.0
2024-05-19 14:00,615.3857860200003,5000.0,8000.0,12000.0
2024-05-19 15:00,571.9209140999999,5000.0,8000.0,12000.0
2024-05-19 16:00,569.86470858,5000.0,8000.0,12000.0
2024-05-19 17:00,759.1059432900003,5000.0,8000.0,12000.0
2024-05-19 18:00,989.3343875700004,5000.0,8000.0,12000.0
2024-05-19 19:00,1019.8938803700005,5000.0,8000.0,12000.0
2024-05-19 20:00,954.0605760300004,5000.0,8000.0,12000.0
2024-05-19 21:00,853.5004590300007,5000.0,8000.0,12000.0
2024-05-19 22:00,816.0044990400005,5000.0,8000.0,12000.0
2024-05-19 23:00,542.1538242,5000.0,8000.0,12000.0
2024-05-20 00:00,541.51213041,5000.0,8000.0,12000.0
2024-05-20 01:00,550.6407614100001,5000.0,8000.0,12000.0
2024-05-20 02:00,552.50374692,5000.0,8000.0,12000.0
2024-05-20 03:00,552.91774485,5000.0,8000.0,12000.0
2024-05-20 04:00,553.84923657,5000.0,8000.0,12000.0
2024-05-20 05:00,553.62153933,5000.0,8000.0,12000.0
2024-05-20 06:00,565.5739939500003,5000.0,8000.0,12000.0
2024-05-20 07:00,574.8472406700001,5000.0,8000.0,12000.0
2024-05-20 08:00,579.2164324500004,5000.0,8000.0,12000.0
2024-05-20 09:00,607.6913931600003,5000.0,8000.0,12000.0
2024-05-20 10:00,628.8403878900002,5000.0,8000.0,12000.0
2024-05-20 11:00,673.8074788200003,5000.0,8000.0,12000.0
2024-05-20 12:00,668.7910346100001,5000.0,8000.0,12000.0
2024-05-20 13:00,640.0735823700002,5000.0,8000.0,12000.0
2024-05-20 14:00,635.1265425000003,5000.0,8000.0,12000.0
2024-05-20 15:00,598.99646442,5000.0,8000.0,12000.0
2024-05-20 16:00,590.3714761499999,5000.0,8000.0,12000.0
2024-05-20 17:00,808.0820701500002,5000.0,8000.0,12000.0
2024-05-20 18:00,923.5569877200006,5000.0,8000.0,12000.0
2024-05-20 19:00,971.3318928900005,5000.0,8000.0,12000.0
2024-05-20 20:00,923.6114245800005,5000.0,8000.0,12000.0
2024-05-20 21:00,811.8935114700005,5000.0,8000.0,12000.0
2024-05-20 22:00,867.8922761700004,5000.0,8000.0,12000.0
2024-05-20 23:00,543.5407145400001,5000.0,8000.0,12000.0
2024-05-21 00:00,543.4993124700001,5000.0,8000.0,12000.0
2024-05-21 01:00,551.73785313,5000.0,8000.0,12000.0
2024-05-21 02:00,552.2139496799999,5000.0,8000.0,12000.0
2024-05-21 03:00,554.94632898,5000.0,8000.0,12000.0
2024-05-21 04:00,552.4002483,5000.0,8000.0,12000.0
2024-05-21 05:00,554.05623588,5000.0,8000.0,12000.0
2024-05-21 06:00,565.0151684700002,5000.0,8000.0,12000.0
2024-05-21 07:00,570.9559001100002,5000.0,8000.0,12000.0
2024-05-21 08:00,582.7630676400004,5000.0,8000.0,12000.0
2024-05-21 09:00,613.3424538300002,5000.0,8000.0,12000.0
2024-05-21 10:00,664.5339078000001,5000.0,8000.0,12000.0
2024-05-21 11:00,648.9261416100002,5000.0,8000.0,12000.0
2024-05-21 12:00,658.7310216000002,5000.0,8000.0,12000.0
2024-05-21 13:00,664.9894837500002,5000.0,8000.0,12000.0
2024-05-21 14:00,641.0053004100002,5000.0,8000.0,12000.0
2024-05-21 15:00,588.9155823599999,5000.0,8000.0,12000.0
2024-05-21 16:00,590.7923878799999,5000.0,8000.0,12000.0
2024-05-21 17:00,856.4993225333335,5000.0,8000.0,12000.0
2024-05-21 18:00,1002.5896008300006,5000.0,8000.0,12000.0
2024-05-21 19:00,900.7866206400006,5000.0,8000.0,12000.0
2024-05-21 20:00,853.9209091500005,5000.0,8000.0,12000.0
2024-05-21 21:00,892.8579127500004,5000.0,8000.0,12000.0
2024-05-21 22:00,811.1743493100005,5000.0,8000.0,12000.0
2024-05-21 23:00,544.67920488,5000.0,8000.0,12000.0
2024-05-22 00:00,542.40222144,5000.0,8000.0,12000.0
2024-05-22 01:00,550.95125934,5000.0,8000.0,12000.0
2024-05-22 02:00,552.25534899,5000.0,8000.0,12000.0
2024-05-22 03:00,553.84923726,5000.0,8000.0,12000.0
2024-05-22 04:00,553.18684278,5000.0,8000.0,12000.0
2024-05-22 05:00,554.71863105,5000.0,8000.0,12000.0
2024-05-22 06:00,562.3310588100002,5000.0,8000.0,12000.0
2024-05-22 07:00,569.4999407700002,5000.0,8000.0,12000.0
2024-05-22 08:00,586.6270241700004,5000.0,8000.0,12000.0
2024-05-22 09:00,622.5262765500003,5000.0,8000.0,12000.0
2024-05-22 10:00,630.2203727100002,5000.0,8000.0,12000.0
2024-05-22 11:00,626.5979292900003,5000.0,8000.0,12000.0
2024-05-22 12:00,637.4170754700002,5000.0,8000.0,12000.0
2024-05-22 13:00,654.2874843900001,5000.0,8000.0,12000.0
2024-05-22 14:00,617.3797335300002,5000.0,8000.0,12000.0
2024-05-22 15:00,581.65680099,5000.0,8000.0,12000.0
2024-05-22 16:00,598.84466649,5000.0,8000.0,12000.0
2024-05-22 17:00,868.4984011500003,5000.0,8000.0,12000.0
2024-05-22 18:00,928.6009256700005,5000.0,8000.0,12000.0
2024-05-22 19:00,1012.4490094500004,5000.0,8000.0,12000.0
2024-05-22 20:00,824.4098265000005,5000.0,8000.0,12000.0
2024-05-22 21:00,904.6706347800006,5000.0,8000.0,12000.0
2024-05-22 22:00,859.0671471900005,5000.0,8000.0,12000.0
2024-05-22 23:00,543.41651523,5000.0,8000.0,12000.0
2024-05-23 00:00,543.43721592,5000.0,8000.0,12000.0
2024-05-23 01:00,551.7792538199999,5000.0,8000.0,12000.0
2024-05-23 02:00,552.2760483,5000.0,8000.0,12000.0
2024-05-23 03:00,554.57373174,5000.0,8000.0,12000.0
2024-05-23 04:00,554.88422967,5000.0,8000.0,12000.0
2024-05-23 05:00,554.49093243,5000.0,8000.0,12000.0
2024-05-23 06:00,565.7672022300002,5000.0,8000.0,12000.0
2024-05-23 07:00,573.6950793600002,5000.0,8000.0,12000.0
2024-05-23 08:00,585.9026062800003,5000.0,8000.0,12000.0
2024-05-23 09:00,610.7619076500002,5000.0,8000.0,12000.0
2024-05-23 10:00,625.2386679300001,5000.0,8000.0,12000.0
2024-05-23 11:00,651.2998602900002,5000.0,8000.0,12000.0
2024-05-23 12:00,673.2762774900002,5000.0,8000.0,12000.0
2024-05-23 13:00,637.4032451100001,5000.0,8000.0,12000.0
2024-05-23 14:00,654.2808362400003,5000.0,8000.0,12000.0
2024-05-23 15:00,573.6735147899999,5000.0,8000.0,12000.0
2024-05-23 16:00,575.35021203,5000.0,8000.0,12000.0
2024-05-23 17:00,888.9982852800002,5000.0,8000.0,12000.0
2024-05-23 18:00,969.0554255700005,5000.0,8000.0,12000.0
2024-05-23 19:00,983.3377942200005,5000.0,8000.0,12000.0
2024-05-23 20:00,883.4807865300006,5000.0,8000.0,12000.0
2024-05-23 21:00,928.5170803200006,5000.0,8000.0,12000.0
2024-05-23 22:00,734.1566390100004,5000.0,8000.0,12000.0
2024-05-23 23:00,541.09813179,5000.0,8000.0,12000.0
2024-05-24 00:00,542.0296242000001,5000.0,8000.0,12000.0
2024-05-24 01:00,551.46875589,5000.0,8000.0,12000.0
2024-05-24 02:00,552.87634416,5000.0,8000.0,12000.0
2024-05-24 03:00,553.95273519,5000.0,8000.0,12000.0
2024-05-24 04:00,554.11833588,5000.0,8000.0,12000.0
2024-05-24 05:00,554.24253519,5000.0,8000.0,12000.0
2024-05-24 06:00,566.6710491000002,5000.0,8000.0,12000.0
2024-05-24 07:00,569.8932055800002,5000.0,8000.0,12000.0
2024-05-24 08:00,587.8966538400003,5000.0,8000.0,12000.0
2024-05-24 09:00,608.8989400800002,5000.0,8000.0,12000.0
2024-05-24 10:00,675.7327099200003,5000.0,8000.0,12000.0
2024-05-24 11:00,649.0988272200001,5000.0,8000.0,12000.0
2024-05-24 12:00,647.6154907500002,5000.0,8000.0,12000.0
2024-05-24 13:00,634.6986617700003,5000.0,8000.0,12000.0
2024-05-24 14:00,624.2383832100003,5000.0,8000.0,12000.0
2024-05-24 15:00,579.7593085799999,5000.0,8000.0,12000.0
2024-05-24 16:00,575.97120789,5000.0,8000.0,12000.0
2024-05-24 17:00,759.4371529500003,5000.0,8000.0,12000.0
2024-05-24 18:00,1011.2901337500007,5000.0,8000.0,12000.0
2024-05-24 19:00,1023.7164645000005,5000.0,8000.0,12000.0
2024-05-24 20:00,934.2436256100005,5000.0,8000.0,12000.0
2024-05-24 21:00,835.7743093500005,5000.0,8000.0,12000.0
2024-05-24 22:00,833.2060851900005,5000.0,8000.0,12000.0
2024-05-24 23:00,541.9468242,5000.0,8000.0,12000.0
2024-05-25 00:00,542.34012144,5000.0,8000.0,12000.0
2024-05-25 01:00,550.10256555,5000.0,8000.0,12000.0
2024-05-25 02:00,554.49093243,5000.0,8000.0,12000.0
2024-05-25 03:00,555.44312553,5000.0,8000.0,12000.0
2024-05-25 04:00,553.55944002,5000.0,8000.0,12000.0
2024-05-25 05:00,553.6836386399999,5000.0,8000.0,12000.0
2024-05-25 06:00,567.2783346600003,5000.0,8000.0,12000.0
2024-05-25 07:00,573.2051427900003,5000.0,8000.0,12000.0
2024-05-25 08:00,580.2446311200003,5000.0,8000.0,12000.0
2024-05-25 09:00,617.1719717700001,5000.0,8000.0,12000.0
2024-05-25 10:00,634.0499092800002,5000.0,8000.0,12000.0
2024-05-25 11:00,661.5048167700002,5000.0,8000.0,12000.0
2024-05-25 12:00,689.6085002100002,5000.0,8000.0,12000.0
2024-05-25 13:00,689.9603850300002,5000.0,8000.0,12000.0
2024-05-25 14:00,643.3581183000002,5000.0,8000.0,12000.0
2024-05-25 15:00,598.45135959,5000.0,8000.0,12000.0
2024-05-25 16:00,598.81016442,5000.0,8000.0,12000.0
2024-05-25 17:00,742.9323867600002,5000.0,8000.0,12000.0
2024-05-25 18:00,917.8021551900005,5000.0,8000.0,12000.0
2024-05-25 19:00,992.5288495200004,5000.0,8000.0,12000.0
2024-05-25 20:00,928.5861507000005,5000.0,8000.0,12000.0
2024-05-25 21:00,890.6155659300006,5000.0,8000.0,12000.0
2024-05-25 22:00,800.9692865700003,5000.0,8000.0,12000.0
2024-05-25 23:00,543.9754117800001,5000.0,8000.0,12000.0
2024-05-26 00:00,544.90690281,5000.0,8000.0,12000.0
2024-05-26 01:00,550.4337627900001,5000.0,8000.0,12000.0
2024-05-26 02:00,551.63435313,5000.0,8000.0,12000.0
2024-05-26 03:00,554.59443243,5000.0,8000.0,12000.0
2024-05-26 04:00,554.28393381,5000.0,8000.0,12000.0
2024-05-26 05:00,552.75214554,5000.0,8000.0,12000.0
2024-05-26 06:00,563.5385181000003,5000.0,8000.0,12000.0
2024-05-26 07:00,573.0395641800003,5000.0,8000.0,12000.0
2024-05-26 08:00,581.9764676400004,5000.0,8000.0,12000.0
2024-05-26 09:00,630.3370503300001,5000.0,8000.0,12000.0
2024-05-26 10:00,658.9311995700002,5000.0,8000.0,12000.0
2024-05-26 11:00,714.9728546700002,5000.0,8000.0,12000.0
2024-05-26 12:00,620.5535810400002,5000.0,8000.0,12000.0
2024-05-26 13:00,654.0529492500002,5000.0,8000.0,12000.0
2024-05-26 14:00,591.7671025800003,5000.0,8000.0,12000.0
2024-05-26 15:00,568.6917216899999,5000.0,8000.0,12000.0
2024-05-26 16:00,585.94858443,5000.0,8000.0,12000.0
2024-05-26 17:00,738.6957688200002,5000.0,8000.0,12000.0
2024-05-26 18:00,999.8638786500006,5000.0,8000.0,12000.0
2024-05-26 19:00,1048.4670163500004,5000.0,8000.0,12000.0
2024-05-26 20:00,960.8847443400005,5000.0,8000.0,12000.0
2024-05-26 21:00,873.4757672100005,5000.0,8000.0,12000.0
2024-05-26 22:00,758.6310549300005,5000.0,8000.0,12000.0
2024-05-26 23:00,544.01680971,5000.0,8000.0,12000.0
2024-05-27 00:00,542.40222213,5000.0,8000.0,12000.0
2024-05-27 01:00,551.4066558899999,5000.0,8000.0,12000.0
2024-05-27 02:00,552.2760483,5000.0,8000.0,12000.0
2024-05-27 03:00,553.1868420899999,5000.0,8000.0,12000.0
2024-05-27 04:00,553.24894209,5000.0,8000.0,12000.0
2024-05-27 05:00,554.51163312,5000.0,8000.0,12000.0
2024-05-27 06:00,566.3260780800003,5000.0,8000.0,12000.0
2024-05-27 07:00,569.8310862600002,5000.0,8000.0,12000.0
2024-05-27 08:00,578.0228697600004,5000.0,8000.0,12000.0
2024-05-27 09:00,590.8072918800003,5000.0,8000.0,12000.0
2024-05-27 10:00,636.3545603400001,5000.0,8000.0,12000.0
2024-05-27 11:00,630.1791672900001,5000.0,8000.0,12000.0
2024-05-27 12:00,674.5596512700001,5000.0,8000.0,12000.0
2024-05-27 13:00,681.8873684700001,5000.0,8000.0,12000.0
2024-05-27 14:00,633.9051521100002,5000.0,8000.0,12000.0
2024-05-27 15:00,579.0554975399999,5000.0,8000.0,12000.0
2024-05-27 16:00,595.1945851199999,5000.0,8000.0,12000.0
2024-05-27 17:00,821.8130660100002,5000.0,8000.0,12000.0
2024-05-27 18:00,992.7707994000007,5000.0,8000.0,12000.0
2024-05-27 19:00,884.1988364100005,5000.0,8000.0,12000.0
2024-05-27 20:00,991.1408862300005,5000.0,8000.0,12000.0
2024-05-27 21:00,931.1873306400005,5000.0,8000.0,12000.0
2024-05-27 22:00,755.8157673000005,5000.0,8000.0,12000.0
2024-05-27 23:00,541.86402627,5000.0,8000.0,12000.0
2024-05-28 00:00,542.56782006,5000.0,8000.0,12000.0
2024-05-28 01:00,548.50867728,5000.0,8000.0,12000.0
2024-05-28 02:00,551.40665658,5000.0,8000.0,12000.0
2024-05-28 03:00,553.3524414,5000.0,8000.0,12000.0
2024-05-28 04:00,554.4081345,5000.0,8000.0,12000.0
2024-05-28 05:00,553.95273657,5000.0,8000.0,12000.0
2024-05-28 06:00,565.3739270700003,5000.0,8000.0,12000.0
2024-05-28 07:00,566.4709387500003,5000.0,8000.0,12000.0
2024-05-28 08:00,577.0085456100004,5000.0,8000.0,12000.0
2024-05-28 09:00,597.7900083900003,5000.0,8000.0,12000.0
2024-05-28 10:00,659.4485898600002,5000.0,8000.0,12000.0
2024-05-28 11:00,661.4081843400002,5000.0,8000.0,12000.0
2024-05-28 12:00,650.2786092300001,5000.0,8000.0,12000.0
2024-05-28 13:00,662.5329195300002,5000.0,8000.0,12000.0
2024-05-28 14:00,618.2353549200002,5000.0,8000.0,12000.0
2024-05-28 15:00,610.49183337,5000.0,8000.0,12000.0
2024-05-28 16:00,586.72138305,5000.0,8000.0,12000.0
2024-05-28 17:00,835.4957494500002,5000.0,8000.0,12000.0
2024-05-28 18:00,895.2808374000007,5000.0,8000.0,12000.0
2024-05-28 19:00,889.6707130500005,5000.0,8000.0,12000.0
2024-05-28 20:00,958.1039408400005,5000.0,8000.0,12000.0
2024-05-28 21:00,946.0361161500006,5000.0,8000.0,12000.0
2024-05-28 22:00,787.4245120500004,5000.0,8000.0,12000.0
2024-05-28 23:00,540.66343455,5000.0,8000.0,12000.0
2024-05-29 00:00,544.6378055700001,5000.0,8000.0,12000.0
2024-05-29 01:00,550.57866141,5000.0,8000.0,12000.0
2024-05-29 02:00,552.6072469200001,5000.0,8000.0,12000.0
2024-05-29 03:00,553.74573933,5000.0,8000.0,12000.0
2024-05-29 04:00,553.6836386399999,5000.0,8000.0,12000.0
2024-05-29 05:00,554.38743381,5000.0,8000.0,12000.0
2024-05-29 06:00,564.9254408700002,5000.0,8000.0,12000.0
2024-05-29 07:00,575.3924283000001,5000.0,8000.0,12000.0
2024-05-29 08:00,583.0113938100003,5000.0,8000.0,12000.0
2024-05-29 09:00,597.2035477200003,5000.0,8000.0,12000.0
2024-05-29 10:00,627.8743340700001,5000.0,8000.0,12000.0
2024-05-29 11:00,670.9579168200002,5000.0,8000.0,12000.0
2024-05-29 12:00,672.9381222900003,5000.0,8000.0,12000.0
2024-05-29 13:00,670.9026409200001,5000.0,8000.0,12000.0
2024-05-29 14:00,645.6006886800003,5000.0,8000.0,12000.0
2024-05-29 15:00,603.38486028,5000.0,8000.0,12000.0
2024-05-29 16:00,557.2584513599999,5000.0,8000.0,12000.0
2024-05-29 17:00,749.3769660600003,5000.0,8000.0,12000.0
2024-05-29 18:00,881.2876098000005,5000.0,8000.0,12000.0
2024-05-29 19:00,983.9657356200005,5000.0,8000.0,12000.0
2024-05-29 20:00,926.8746940200004,5000.0,8000.0,12000.0
2024-05-29 21:00,883.3015976700005,5000.0,8000.0,12000.0
2024-05-29 22:00,892.5805017000005,5000.0,8000.0,12000.0
2024-05-29 23:00,544.07890833,5000.0,8000.0,12000.0
2024-05-30 00:00,539.91824007,5000.0,8000.0,12000.0
2024-05-30 01:00,551.03405658,5000.0,8000.0,12000.0
2024-05-30 02:00,552.6693448499999,5000.0,8000.0,12000.0
2024-05-30 03:00,551.6964524399999,5000.0,8000.0,12000.0
2024-05-30 04:00,554.4288324299999,5000.0,8000.0,12000.0
2024-05-30 05:00,556.08482139,5000.0,8000.0,12000.0
2024-05-30 06:00,565.5118594500002,5000.0,8000.0,12000.0
2024-05-30 07:00,571.8527579700002,5000.0,8000.0,12000.0
2024-05-30 08:00,587.4894827700004,5000.0,8000.0,12000.0
2024-05-30 09:00,611.5484565900002,5000.0,8000.0,12000.0
2024-05-30 10:00,659.2968609300002,5000.0,8000.0,12000.0
2024-05-30 11:00,651.8379712800001,5000.0,8000.0,12000.0
2024-05-30 12:00,632.3249672400002,5000.0,8000.0,12000.0
2024-05-30 13:00,625.8873348600002,5000.0,8000.0,12000.0
2024-05-30 14:00,594.2095880400003,5000.0,8000.0,12000.0
2024-05-30 15:00,579.57989685,5000.0,8000.0,12000.0
2024-05-30 16:00,578.4413996099998,5000.0,8000.0,12000.0
2024-05-30 17:00,836.4479280600002,5000.0,8000.0,12000.0
2024-05-30 18:00,835.1334297600005,5000.0,8000.0,12000.0
2024-05-30 19:00,1020.3977735700005,5000.0,8000.0,12000.0
2024-05-30 20:00,1083.9599373900005,5000.0,8000.0,12000.0
2024-05-30 21:00,910.5289548900005,5000.0,8000.0,12000.0
2024-05-30 22:00,759.4658086500004,5000.0,8000.0,12000.0
2024-05-30 23:00,544.63780833,5000.0,8000.0,12000.0
2024-05-31 00:00,541.90542351,5000.0,8000.0,12000.0
2024-05-31 01:00,549.77136831,5000.0,8000.0,12000.0
2024-05-31 02:00,551.36525658,5000.0,8000.0,12000.0
2024-05-31 03:00,554.3874351899999,5000.0,8000.0,12000.0
2024-05-31 04:00,554.3046331200001,5000.0,8000.0,12000.0
2024-05-31 05:00,553.6008400200001,5000.0,8000.0,12000.0
2024-05-31 06:00,564.9599112000002,5000.0,8000.0,12000.0
2024-05-31 07:00,570.6521766000002,5000.0,8000.0,12000.0
2024-05-31 08:00,577.8917200800004,5000.0,8000.0,12000.0
2024-05-31 09:00,608.2089469800002,5000.0,8000.0,12000.0
2024-05-31 10:00,659.8418422500001,5000.0,8000.0,12000.0
2024-05-31 11:00,630.0133671900002,5000.0,8000.0,12000.0
2024-05-31 12:00,656.1505665000002,5000.0,8000.0,12000.0
2024-05-31 13:00,616.7447203200002,5000.0,8000.0,12000.0
2024-05-31 14:00,617.7661818300003,5000.0,8000.0,12000.0
2024-05-31 15:00,588.8189761499999,5000.0,8000.0,12000.0
2024-05-31 16:00,587.1698809799999,5000.0,8000.0,12000.0
2024-05-31 17:00,862.2745797600003,5000.0,8000.0,12000.0
2024-05-31 18:00,900.7937511000005,5000.0,8000.0,12000.0
2024-05-31 19:00,999.2217957000005,5000.0,8000.0,12000.0
2024-05-31 20:00,1008.2532988500005,5000.0,8000.0,12000.0
2024-05-31 21:00,810.2856934800005,5000.0,8000.0,12000.0
2024-05-31 22:00,810.0495782400005,5000.0,8000.0,12000.0
2024-05-31 23:00,542.62992006,5000.0,8000.0,12000.0
2024-06-01 00:00,542.75412006,5000.0,8000.0,12000.0
2024-06-01 01:00,549.79206693,5000.0,8000.0,12000.0
2024-06-01 02:00,552.62794554,5000.0,8000.0,12000.0
2024-06-01 03:00,553.33174071,5000.0,8000.0,12000.0
2024-06-01 04:00,554.42883381,5000.0,8000.0,12000.0
2024-06-01 05:00,554.59443243,5000.0,8000.0,12000.0
2024-06-01 06:00,561.0753195300002,5000.0,8000.0,12000.0
2024-06-01 07:00,570.4314552600002,5000.0,8000.0,12000.0
2024-06-01 08:00,587.3514468900004,5000.0,8000.0,12000.0
2024-06-01 09:00,619.2901800000002,5000.0,8000.0,12000.0
2024-06-01 10:00,638.6384003100003,5000.0,8000.0,12000.0
2024-06-01 11:00,676.5330540300001,5000.0,8000.0,12000.0
2024-06-01 12:00,653.1283768500001,5000.0,8000.0,12000.0
2024-06-01 13:00,638.0449126800002,5000.0,8000.0,12000.0
2024-06-01 14:00,641.0259507300002,5000.0,8000.0,12000.0
2024-06-01 15:00,585.1067885699999,5000.0,8000.0,12000.0
2024-06-01 16:00,569.2920223799999,5000.0,8000.0,12000.0
2024-06-01 17:00,755.6283488100001,5000.0,8000.0,12000.0
2024-06-01 18:00,988.2650200500005,5000.0,8000.0,12000.0
2024-06-01 19:00,1081.7109720866672,5000.0,8000.0,12000.0
2024-06-01 20:00,918.4638086100006,5000.0,8000.0,12000.0
2024-06-01 21:00,872.8825590300005,5000.0,8000.0,12000.0
2024-06-01 22:00,761.2045824300004,5000.0,8000.0,12000.0
2024-06-01 23:00,541.94682627,5000.0,8000.0,12000.0
2024-06-02 00:00,542.7127193700001,5000.0,8000.0,12000.0
2024-06-02 01:00,550.28886348,5000.0,8000.0,12000.0
2024-06-02 02:00,553.49734002,5000.0,8000.0,12000.0
2024-06-02 03:00,552.1932489899999,5000.0,8000.0,12000.0
2024-06-02 04:00,553.78713864,5000.0,8000.0,12000.0
2024-06-02 05:00,554.63583105,5000.0,8000.0,12000.0
2024-06-02 06:00,568.0234863600002,5000.0,8000.0,12000.0
2024-06-02 07:00,572.0459151900002,5000.0,8000.0,12000.0
2024-06-02 08:00,579.9617442300004,5000.0,8000.0,12000.0
2024-06-02 09:00,608.6022483600003,5000.0,8000.0,12000.0
2024-06-02 10:00,640.5150899100003,5000.0,8000.0,12000.0
2024-06-02 11:00,646.9595650200002,5000.0,8000.0,12000.0
2024-06-02 12:00,663.6921588600002,5000.0,8000.0,12000.0
2024-06-02 13:00,680.4177243600002,5000.0,8000.0,12000.0
2024-06-02 14:00,610.9558790700002,5000.0,8000.0,12000.0
2024-06-02 15:00,591.43407684,5000.0,8000.0,12000.0
2024-06-02 16:00,584.32709271,5000.0,8000.0,12000.0
2024-06-02 17:00,836.9309315100003,5000.0,8000.0,12000.0
2024-06-02 18:00,901.1596650000005,5000.0,8000.0,12000.0
2024-06-02 19:00,1006.5496205400005,5000.0,8000.0,12000.0
2024-06-02 20:00,822.1812838200005,5000.0,8000.0,12000.0
2024-06-02 21:00,961.8026920500005,5000.0,8000.0,12000.0
2024-06-02 22:00,819.2610382200004,5000.0,8000.0,12000.0
2024-06-02 23:00,543.8512104,5000.0,8000.0,12000.0
2024-06-03 00:00,544.74130488,5000.0,8000.0,12000.0
2024-06-03 01:00,548.34307797,5000.0,8000.0,12000.0
2024-06-03 02:00,552.29674968,5000.0,8000.0,12000.0
2024-06-03 03:00,554.53233243,5000.0,8000.0,12000.0
2024-06-03 04:00,555.46382553,5000.0,8000.0,12000.0
2024-06-03 05:00,554.55303243,5000.0,8000.0,12000.0
2024-06-03 06:00,568.8100539300002,5000.0,8000.0,12000.0
2024-06-03 07:00,573.0602869500002,5000.0,8000.0,12000.0
2024-06-03 08:00,580.3273986900003,5000.0,8000.0,12000.0
2024-06-03 09:00,606.2838497400003,5000.0,8000.0,12000.0
2024-06-03 10:00,659.7038940000001,5000.0,8000.0,12000.0
2024-06-03 11:00,693.3689263800002,5000.0,8000.0,12000.0
2024-06-03 12:00,648.0086058300002,5000.0,8000.0,12000.0
2024-06-03 13:00,669.3847113000003,5000.0,8000.0,12000.0
2024-06-03 14:00,633.4980893700002,5000.0,8000.0,12000.0
2024-06-03 15:00,573.11461203,5000.0,8000.0,12000.0
2024-06-03 16:00,577.2615072,5000.0,8000.0,12000.0
2024-06-03 17:00,862.9508204633335,5000.0,8000.0,12000.0
2024-06-03 18:00,1064.4271641600005,5000.0,8000.0,12000.0
2024-06-03 19:00,876.4777184700005,5000.0,8000.0,12000.0
2024-06-03 20:00,860.8900623300004,5000.0,8000.0,12000.0
2024-06-03 21:00,896.0044790400005,5000.0,8000.0,12000.0
2024-06-03 22:00,736.1508397500004,5000.0,8000.0,12000.0
2024-06-03 23:00,542.67132144,5000.0,8000.0,12000.0
2024-06-04 00:00,540.87043248,5000.0,8000.0,12000.0
2024-06-04 01:00,549.37807038,5000.0,8000.0,12000.0
2024-06-04 02:00,553.60083864,5000.0,8000.0,12000.0
2024-06-04 03:00,553.1454427799999,5000.0,8000.0,12000.0
2024-06-04 04:00,554.34603381,5000.0,8000.0,12000.0
2024-06-04 05:00,554.92562967,5000.0,8000.0,12000.0
2024-06-04 06:00,565.8707174100002,5000.0,8000.0,12000.0
2024-06-04 07:00,574.6748089800002,5000.0,8000.0,12000.0
2024-06-04 08:00,586.9374917400004,5000.0,8000.0,12000.0
2024-06-04 09:00,596.4651628500002,5000.0,8000.0,12000.0
2024-06-04 10:00,655.0120202700002,5000.0,8000.0,12000.0
2024-06-04 11:00,653.6526098700001,5000.0,8000.0,12000.0
2024-06-04 12:00,649.1608278600002,5000.0,8000.0,12000.0
2024-06-04 13:00,656.8130065200003,5000.0,8000.0,12000.0
2024-06-04 14:00,603.2624011500003,5000.0,8000.0,12000.0
2024-06-04 15:00,563.6478389399999,5000.0,8000.0,12000.0
2024-06-04 16:00,572.31421134,5000.0,8000.0,12000.0
2024-06-04 17:00,910.9609411200003,5000.0,8000.0,12000.0
2024-06-04 18:00,1006.2464034900005,5000.0,8000.0,12000.0
2024-06-04 19:00,911.6470239900005,5000.0,8000.0,12000.0
2024-06-04 20:00,842.8259741100006,5000.0,8000.0,12000.0
2024-06-04 21:00,843.0744714000006,5000.0,8000.0,12000.0
2024-06-04 22:00,904.4553989400005,5000.0,8000.0,12000.0
2024-06-04 23:00,544.41010626,5000.0,8000.0,12000.0
2024-06-05 00:00,542.34012282,5000.0,8000.0,12000.0
2024-06-05 01:00,550.6821600300001,5000.0,8000.0,12000.0
2024-06-05 02:00,551.82065244,5000.0,8000.0,12000.0
2024-06-05 03:00,554.53233312,5000.0,8000.0,12000.0
2024-06-05 04:00,554.15973519,5000.0,8000.0,12000.0
2024-06-05 05:00,551.88275106,5000.0,8000.0,12000.0
2024-06-05 06:00,561.9447084900003,5000.0,8000.0,12000.0
2024-06-05 07:00,574.1296544700002,5000.0,8000.0,12000.0
2024-06-05 08:00,577.6018766100004,5000.0,8000.0,12000.0
2024-06-05 09:00,605.2488290400001,5000.0,8000.0,12000.0
2024-06-05 10:00,648.5811933600002,5000.0,8000.0,12000.0
2024-06-05 11:00,658.3240499400001,5000.0,8000.0,12000.0
2024-06-05 12:00,656.1160354500003,5000.0,8000.0,12000.0
2024-06-05 13:00,676.8020657100002,5000.0,8000.0,12000.0
2024-06-05 14:00,603.0967845900002,5000.0,8000.0,12000.0
2024-06-05 15:00,588.6050740799999,5000.0,8000.0,12000.0
2024-06-05 16:00,604.35774786,5000.0,8000.0,12000.0
2024-06-05 17:00,784.2357219000003,5000.0,8000.0,12000.0
2024-06-05 18:00,954.1514400600006,5000.0,8000.0,12000.0
2024-06-05 19:00,912.0817281300004,5000.0,8000.0,12000.0
2024-06-05 20:00,1008.8674719900006,5000.0,8000.0,12000.0
2024-06-05 21:00,934.8168424200006,5000.0,8000.0,12000.0
2024-06-05 22:00,767.3317520700004,5000.0,8000.0,12000.0
2024-06-05 23:00,540.87043317,5000.0,8000.0,12000.0
2024-06-06 00:00,540.53923524,5000.0,8000.0,12000.0
2024-06-06 01:00,550.18536417,5000.0,8000.0,12000.0
2024-06-06 02:00,551.51015382,5000.0,8000.0,12000.0
2024-06-06 03:00,553.84923657,5000.0,8000.0,12000.0
2024-06-06 04:00,554.1597344999999,5000.0,8000.0,12000.0
2024-06-06 05:00,554.36673519,5000.0,8000.0,12000.0
2024-06-06 06:00,564.8840560500004,5000.0,8000.0,12000.0
2024-06-06 07:00,575.5648599900002,5000.0,8000.0,12000.0
2024-06-06 08:00,577.2638601000003,5000.0,8000.0,12000.0
2024-06-06 09:00,611.3621372700002,5000.0,8000.0,12000.0
2024-06-06 10:00,640.1218644300002,5000.0,8000.0,12000.0
2024-06-06 11:00,684.5853340200002,5000.0,8000.0,12000.0
2024-06-06 12:00,670.2265244100001,5000.0,8000.0,12000.0
2024-06-06 13:00,655.9779947400002,5000.0,8000.0,12000.0
2024-06-06 14:00,626.8327011000002,5000.0,8000.0,12000.0
2024-06-06 15:00,583.1816871899999,5000.0,8000.0,12000.0
2024-06-06 16:00,593.4971699399999,5000.0,8000.0,12000.0
2024-06-06 17:00,891.7996763100002,5000.0,8000.0,12000.0
2024-06-06 18:00,970.6975876200005,5000.0,8000.0,12000.0
2024-06-06 19:00,1012.3177783500004,5000.0,8000.0,12000.0
2024-06-06 20:00,933.7195754400004,5000.0,8000.0,12000.0
2024-06-06 21:00,780.8298577500007,5000.0,8000.0,12000.0
2024-06-06 22:00,720.8604169800004,5000.0,8000.0,12000.0
2024-06-06 23:00,542.44362282,5000.0,8000.0,12000.0
2024-06-07 00:00,544.8655035,5000.0,8000.0,12000.0
2024-06-07 01:00,551.26175658,5000.0,8000.0,12000.0
2024-06-07 02:00,552.1932503700001,5000.0,8000.0,12000.0
2024-06-07 03:00,554.15973519,5000.0,8000.0,12000.0
2024-06-07 04:00,552.91774485,5000.0,8000.0,12000.0
2024-06-07 05:00,554.36673519,5000.0,8000.0,12000.0
2024-06-07 06:00,567.9544815300002,5000.0,8000.0,12000.0
2024-06-07 07:00,573.2534924700002,5000.0,8000.0,12000.0
2024-06-07 08:00,590.6566503900004,5000.0,8000.0,12000.0
2024-06-07 09:00,615.4055655600002,5000.0,8000.0,12000.0
2024-06-07 10:00,650.0991416100002,5000.0,8000.0,12000.0
2024-06-07 11:00,653.8665816300002,5000.0,8000.0,12000.0
2024-06-07 12:00,643.1786424000002,5000.0,8000.0,12000.0
2024-06-07 13:00,621.0435183000002,5000.0,8000.0,12000.0
2024-06-07 14:00,605.3806928700002,5000.0,8000.0,12000.0
2024-06-07 15:00,582.0776975399999,5000.0,8000.0,12000.0
2024-06-07 16:00,601.23205407,5000.0,8000.0,12000.0
2024-06-07 17:00,813.6503618700003,5000.0,8000.0,12000.0
2024-06-07 18:00,867.2667332100006,5000.0,8000.0,12000.0
2024-06-07 19:00,949.4796301500005,5000.0,8000.0,12000.0
2024-06-07 20:00,931.2906850500004,5000.0,8000.0,12000.0
2024-06-07 21:00,1005.3071265000005,5000.0,8000.0,12000.0
2024-06-07 22:00,833.0611520700004,5000.0,8000.0,12000.0
2024-06-07 23:00,541.2223311,5000.0,8000.0,12000.0
2024-06-08 00:00,545.85909729,5000.0,8000.0,12000.0
2024-06-08 01:00,552.4416483,5000.0,8000.0,12000.0
2024-06-08 02:00,552.46234761,5000.0,8000.0,12000.0
2024-06-08 03:00,552.64864761,5000.0,8000.0,12000.0
2024-06-08 04:00,553.55944002,5000.0,8000.0,12000.0
2024-06-08 05:00,552.37954761,5000.0,8000.0,12000.0
2024-06-08 06:00,564.9599132700002,5000.0,8000.0,12000.0
2024-06-08 07:00,571.2662476200002,5000.0,8000.0,12000.0
2024-06-08 08:00,579.0716200800003,5000.0,8000.0,12000.0
2024-06-08 09:00,611.6244124800002,5000.0,8000.0,12000.0
2024-06-08 10:00,657.0819906000002,5000.0,8000.0,12000.0
2024-06-08 11:00,682.8741443700002,5000.0,8000.0,12000.0
2024-06-08 12:00,669.5917016400001,5000.0,8000.0,12000.0
2024-06-08 13:00,673.8489022800002,5000.0,8000.0,12000.0
2024-06-08 14:00,627.8468775900002,5000.0,8000.0,12000.0
2024-06-08 15:00,573.3285140999999,5000.0,8000.0,12000.0
2024-06-08 16:00,564.8001272099999,5000.0,8000.0,12000.0
2024-06-08 17:00,819.7637687700003,5000.0,8000.0,12000.0
2024-06-08 18:00,999.7742752500006,5000.0,8000.0,12000.0
2024-06-08 19:00,872.5724585400004,5000.0,8000.0,12000.0
2024-06-08 20:00,919.0777568100006,5000.0,8000.0,12000.0
2024-06-08 21:00,938.3566217700006,5000.0,8000.0,12000.0
2024-06-08 22:00,766.8487886400004,5000.0,8000.0,12000.0
2024-06-08 23:00,543.52001454,5000.0,8000.0,12000.0
2024-06-09 00:00,542.54712144,5000.0,8000.0,12000.0
2024-06-09 01:00,549.9783676200001,5000.0,8000.0,12000.0
2024-06-09 02:00,552.5037483,5000.0,8000.0,12000.0
2024-06-09 03:00,553.80783864,5000.0,8000.0,12000.0
2024-06-09 04:00,554.67723105,5000.0,8000.0,12000.0
2024-06-09 05:00,555.09122829,5000.0,8000.0,12000.0
2024-06-09 06:00,563.8352891700002,5000.0,8000.0,12000.0
2024-06-09 07:00,569.7898380600002,5000.0,8000.0,12000.0
2024-06-09 08:00,580.5551366400003,5000.0,8000.0,12000.0
2024-06-09 09:00,604.3105104600003,5000.0,8000.0,12000.0
2024-06-09 10:00,650.7825114000002,5000.0,8000.0,12000.0
2024-06-09 11:00,665.9761361400002,5000.0,8000.0,12000.0
2024-06-09 12:00,655.2533422500002,5000.0,8000.0,12000.0
2024-06-09 13:00,662.3396284500001,5000.0,8000.0,12000.0
2024-06-09 14:00,605.9327066700002,5000.0,8000.0,12000.0
2024-06-09 15:00,593.4695664899999,5000.0,8000.0,12000.0
2024-06-09 16:00,567.1185279,5000.0,8000.0,12000.0
2024-06-09 17:00,845.4248342700004,5000.0,8000.0,12000.0
2024-06-09 18:00,906.6657421800005,5000.0,8000.0,12000.0
2024-06-09 19:00,843.5165033400004,5000.0,8000.0,12000.0
2024-06-09 20:00,956.0339263500006,5000.0,8000.0,12000.0
2024-06-09 21:00,997.1856774600005,5000.0,8000.0,12000.0
2024-06-09 22:00,829.1419327500005,5000.0,8000.0,12000.0
2024-06-09 23:00,542.67131868,5000.0,8000.0,12000.0
2024-06-10 00:00,542.25732213,5000.0,8000.0,12000.0
2024-06-10 01:00,551.61365313,5000.0,8000.0,12000.0
2024-06-10 02:00,552.31744899,5000.0,8000.0,12000.0
2024-06-10 03:00,554.24253381,5000.0,8000.0,12000.0
2024-06-10 04:00,552.83494347,5000.0,8000.0,12000.0
2024-06-10 05:00,553.80783795,5000.0,8000.0,12000.0
2024-06-10 06:00,571.5147870000002,5000.0,8000.0,12000.0
2024-06-10 07:00,584.3691178500002,5000.0,8000.0,12000.0
2024-06-10 08:00,583.3978124400004,5000.0,8000.0,12000.0
2024-06-10 09:00,603.1167870000003,5000.0,8000.0,12000.0
2024-06-10 10:00,637.5688609800002,5000.0,8000.0,12000.0
2024-06-10 11:00,657.0612015900001,5000.0,8000.0,12000.0
2024-06-10 12:00,662.8225994700001,5000.0,8000.0,12000.0
2024-06-10 13:00,713.7722429400002,5000.0,8000.0,12000.0
2024-06-10 14:00,618.5113845900001,5000.0,8000.0,12000.0
2024-06-10 15:00,603.9644630399999,5000.0,8000.0,12000.0
2024-06-10 16:00,581.02890306,5000.0,8000.0,12000.0
2024-06-10 17:00,845.5490335800002,5000.0,8000.0,12000.0
2024-06-10 18:00,797.4322065000005,5000.0,8000.0,12000.0
2024-06-10 19:00,937.0392061500004,5000.0,8000.0,12000.0
2024-06-10 20:00,898.6193113200004,5000.0,8000.0,12000.0
2024-06-10 21:00,933.3540886500007,5000.0,8000.0,12000.0
2024-06-10 22:00,890.2346038200005,5000.0,8000.0,12000.0
2024-06-10 23:00,543.41651454,5000.0,8000.0,12000.0
2024-06-11 00:00,545.67279798,5000.0,8000.0,12000.0
2024-06-11 01:00,550.57866141,5000.0,8000.0,12000.0
2024-06-11 02:00,554.76002967,5000.0,8000.0,12000.0
2024-06-11 03:00,551.73785175,5000.0,8000.0,12000.0
2024-06-11 04:00,554.22183588,5000.0,8000.0,12000.0
2024-06-11 05:00,553.78713795,5000.0,8000.0,12000.0
2024-06-11 06:00,563.5454505300003,5000.0,8000.0,12000.0
2024-06-11 07:00,569.2928848800002,5000.0,8000.0,12000.0
2024-06-11 08:00,576.8566738500004,5000.0,8000.0,12000.0
2024-06-11 09:00,604.1240952300002,5000.0,8000.0,12000.0
2024-06-11 10:00,646.9252947900002,5000.0,8000.0,12000.0
2024-06-11 11:00,659.2624057800002,5000.0,8000.0,12000.0
2024-06-11 12:00,687.3454009500002,5000.0,8000.0,12000.0
2024-06-11 13:00,635.3402085900001,5000.0,8000.0,12000.0
2024-06-11 14:00,627.2605052400002,5000.0,8000.0,12000.0
2024-06-11 15:00,585.44489133,5000.0,8000.0,12000.0
2024-06-11 16:00,597.6509575199999,5000.0,8000.0,12000.0
2024-06-11 17:00,739.6893702000002,5000.0,8000.0,12000.0
2024-06-11 18:00,930.2636980200006,5000.0,8000.0,12000.0
2024-06-11 19:00,981.7922804700005,5000.0,8000.0,12000.0
2024-06-11 20:00,940.3847415300005,5000.0,8000.0,12000.0
2024-06-11 21:00,954.4955589300006,5000.0,8000.0,12000.0
2024-06-11 22:00,796.6776059400005,5000.0,8000.0,12000.0
2024-06-11 23:00,541.69842558,5000.0,8000.0,12000.0
2024-06-12 00:00,542.40222213,5000.0,8000.0,12000.0
2024-06-12 01:00,549.27456969,5000.0,8000.0,12000.0
2024-06-12 02:00,553.0212434700001,5000.0,8000.0,12000.0
2024-06-12 03:00,553.39384071,5000.0,8000.0,12000.0
2024-06-12 04:00,553.89063588,5000.0,8000.0,12000.0
2024-06-12 05:00,553.93203657,5000.0,8000.0,12000.0
2024-06-12 06:00,569.3345139600002,5000.0,8000.0,12000.0
2024-06-12 07:00,579.1874089800002,5000.0,8000.0,12000.0
2024-06-12 08:00,579.6236594100004,5000.0,8000.0,12000.0
2024-06-12 09:00,595.8373014900003,5000.0,8000.0,12000.0
2024-06-12 10:00,636.4096064700002,5000.0,8000.0,12000.0
2024-06-12 11:00,643.6339050900002,5000.0,8000.0,12000.0
2024-06-12 12:00,647.2563581700001,5000.0,8000.0,12000.0
2024-06-12 13:00,663.3954319500002,5000.0,8000.0,12000.0
2024-06-12 14:00,638.0588872500001,5000.0,8000.0,12000.0
2024-06-12 15:00,592.3586775299999,5000.0,8000.0,12000.0
2024-06-12 16:00,567.66362721,5000.0,8000.0,12000.0
2024-06-12 17:00,802.9622887733335,5000.0,8000.0,12000.0
2024-06-12 18:00,1016.5549627800007,5000.0,8000.0,12000.0
2024-06-12 19:00,982.1928151200005,5000.0,8000.0,12000.0
2024-06-12 20:00,912.2261085600005,5000.0,8000.0,12000.0
2024-06-12 21:00,891.6986948100003,5000.0,8000.0,12000.0
2024-06-12 22:00,791.7025610400004,5000.0,8000.0,12000.0
2024-06-12 23:00,544.53430695,5000.0,8000.0,12000.0
2024-06-13 00:00,544.86550212,5000.0,8000.0,12000.0
2024-06-13 01:00,548.9019745200001,5000.0,8000.0,12000.0
2024-06-13 02:00,552.95914347,5000.0,8000.0,12000.0
2024-06-13 03:00,552.1518483,5000.0,8000.0,12000.0
2024-06-13 04:00,553.33174209,5000.0,8000.0,12000.0
2024-06-13 05:00,555.2361275999999,5000.0,8000.0,12000.0
2024-06-13 06:00,565.5326477700003,5000.0,8000.0,12000.0
2024-06-13 07:00,579.4771144500003,5000.0,8000.0,12000.0
2024-06-13 08:00,576.7325366400004,5000.0,8000.0,12000.0
2024-06-13 09:00,598.6869945900003,5000.0,8000.0,12000.0
2024-06-13 10:00,643.3788314100003,5000.0,8000.0,12000.0
2024-06-13 11:00,625.9769672400002,5000.0,8000.0,12000.0
2024-06-13 12:00,673.2347871000002,5000.0,8000.0,12000.0
2024-06-13 13:00,666.8936105100001,5000.0,8000.0,12000.0
2024-06-13 14:00,620.5535989800003,5000.0,8000.0,12000.0
2024-06-13 15:00,596.8781658,5000.0,8000.0,12000.0
2024-06-13 16:00,597.98906511,5000.0,8000.0,12000.0
2024-06-13 17:00,843.9551218500002,5000.0,8000.0,12000.0
2024-06-13 18:00,975.6588849600006,5000.0,8000.0,12000.0
2024-06-13 19:00,889.5258558300005,5000.0,8000.0,12000.0
2024-06-13 20:00,886.4545085100004,5000.0,8000.0,12000.0
2024-06-13 21:00,939.1498768200005,5000.0,8000.0,12000.0
2024-06-13 22:00,805.0471596600005,5000.0,8000.0,12000.0
2024-06-13 23:00,545.27949867,5000.0,8000.0,12000.0
2024-06-14 00:00,541.51212834,5000.0,8000.0,12000.0
2024-06-14 01:00,549.9576669300001,5000.0,8000.0,12000.0
2024-06-14 02:00,551.4273558900001,5000.0,8000.0,12000.0
2024-06-14 03:00,553.14544416,5000.0,8000.0,12000.0
2024-06-14 04:00,555.2775262199999,5000.0,8000.0,12000.0
2024-06-14 05:00,555.4224255299999,5000.0,8000.0,12000.0
2024-06-14 06:00,564.6908077500003,5000.0,8000.0,12000.0
2024-06-14 07:00,571.6595062200001,5000.0,8000.0,12000.0
2024-06-14 08:00,579.0646000200003,5000.0,8000.0,12000.0
2024-06-14 09:00,619.4489614200003,5000.0,8000.0,12000.0
2024-06-14 10:00,621.6851796600002,5000.0,8000.0,12000.0
2024-06-14 11:00,632.3869734000001,5000.0,8000.0,12000.0
2024-06-14 12:00,645.8902851300003,5000.0,8000.0,12000.0
2024-06-14 13:00,659.9592554100002,5000.0,8000.0,12000.0
2024-06-14 14:00,636.7204066200003,5000.0,8000.0,12000.0
2024-06-14 15:00,571.30682238,5000.0,8000.0,12000.0
2024-06-14 16:00,604.0472609699999,5000.0,8000.0,12000.0
2024-06-14 17:00,880.9252707900002,5000.0,8000.0,12000.0
2024-06-14 18:00,965.9919994500004,5000.0,8000.0,12000.0
2024-06-14 19:00,1058.1063018600005,5000.0,8000.0,12000.0
2024-06-14 20:00,956.1719974200005,5000.0,8000.0,12000.0
2024-06-14 21:00,799.6667114700006,5000.0,8000.0,12000.0
2024-06-14 22:00,765.3652493100004,5000.0,8000.0,12000.0
2024-06-14 23:00,541.90542765,5000.0,8000.0,12000.0
2024-06-15 00:00,542.87831937,5000.0,8000.0,12000.0
2024-06-15 01:00,550.90985865,5000.0,8000.0,12000.0
2024-06-15 02:00,553.0212434700001,5000.0,8000.0,12000.0
2024-06-15 03:00,554.18043588,5000.0,8000.0,12000.0
2024-06-15 04:00,552.73144485,5000.0,8000.0,12000.0
2024-06-15 05:00,554.1390358799999,5000.0,8000.0,12000.0
2024-06-15 06:00,567.7130229300003,5000.0,8000.0,12000.0
2024-06-15 07:00,569.6724193800002,5000.0,8000.0,12000.0
2024-06-15 08:00,584.0395952400003,5000.0,8000.0,12000.0
2024-06-15 09:00,604.2069421500003,5000.0,8000.0,12000.0
2024-06-15 10:00,647.8084361400001,5000.0,8000.0,12000.0
2024-06-15 11:00,663.5678498400001,5000.0,8000.0,12000.0
2024-06-15 12:00,648.9124237200001,5000.0,8000.0,12000.0
2024-06-15 13:00,664.9066927200003,5000.0,8000.0,12000.0
2024-06-15 14:00,631.6696038600002,5000.0,8000.0,12000.0
2024-06-15 15:00,596.7884616599999,5000.0,8000.0,12000.0
2024-06-15 16:00,596.1605637299999,5000.0,8000.0,12000.0
2024-06-15 17:00,874.0045894200003,5000.0,8000.0,12000.0
2024-06-15 18:00,1042.9544856000005,5000.0,8000.0,12000.0
2024-06-15 19:00,896.2463109300005,5000.0,8000.0,12000.0
2024-06-15 20:00,832.8967354200006,5000.0,8000.0,12000.0
2024-06-15 21:00,857.9992445400005,5000.0,8000.0,12000.0
2024-06-15 22:00,837.2286540900005,5000.0,8000.0,12000.0
2024-06-15 23:00,545.98329453,5000.0,8000.0,12000.0
2024-06-16 00:00,543.45791454,5000.0,8000.0,12000.0
2024-06-16 01:00,551.09615796,5000.0,8000.0,12000.0
2024-06-16 02:00,551.71715382,5000.0,8000.0,12000.0
2024-06-16 03:00,552.04834968,5000.0,8000.0,12000.0
2024-06-16 04:00,555.93992139,5000.0,8000.0,12000.0
2024-06-16 05:00,554.96702898,5000.0,8000.0,12000.0
2024-06-16 06:00,566.9816567400002,5000.0,8000.0,12000.0
2024-06-16 07:00,569.1895049400003,5000.0,8000.0,12000.0
2024-06-16 08:00,575.0006580300003,5000.0,8000.0,12000.0
2024-06-16 09:00,587.5160305200003,5000.0,8000.0,12000.0
2024-06-16 10:00,662.6434527000001,5000.0,8000.0,12000.0
2024-06-16 11:00,680.2244312100003,5000.0,8000.0,12000.0
2024-06-16 12:00,666.1623022800002,5000.0,8000.0,12000.0
2024-06-16 13:00,642.9922954800002,5000.0,8000.0,12000.0
2024-06-16 14:00,651.4241665500001,5000.0,8000.0,12000.0
2024-06-16 15:00,570.4443279,5000.0,8000.0,12000.0
2024-06-16 16:00,581.1807002999999,5000.0,8000.0,12000.0
2024-06-16 17:00,934.5244211100003,5000.0,8000.0,12000.0
2024-06-16 18:00,875.0017084200006,5000.0,8000.0,12000.0
2024-06-16 19:00,921.1483177800004,5000.0,8000.0,12000.0
2024-06-16 20:00,942.4549989000005,5000.0,8000.0,12000.0
2024-06-16 21:00,840.4040196000005,5000.0,8000.0,12000.0
2024-06-16 22:00,837.3390106200004,5000.0,8000.0,12000.0
2024-06-16 23:00,540.74623455,5000.0,8000.0,12000.0
2024-06-17 00:00,542.60921868,5000.0,8000.0,12000.0
2024-06-17 01:00,550.80636072,5000.0,8000.0,12000.0
2024-06-17 02:00,552.5244469200001,5000.0,8000.0,12000.0
2024-06-17 03:00,553.12474278,5000.0,8000.0,12000.0
2024-06-17 04:00,554.76003036,5000.0,8000.0,12000.0
2024-06-17 05:00,555.02912898,5000.0,8000.0,12000.0
2024-06-17 06:00,565.2773056800002,5000.0,8000.0,12000.0
2024-06-17 07:00,567.2299863600002,5000.0,8000.0,12000.0
2024-06-17 08:00,576.6151897200003,5000.0,8000.0,12000.0
2024-06-17 09:00,613.8944448600001,5000.0,8000.0,12000.0
2024-06-17 10:00,667.5010789200003,5000.0,8000.0,12000.0
2024-06-17 11:00,657.1785167700001,5000.0,8000.0,12000.0
2024-06-17 12:00,644.5447692600003,5000.0,8000.0,12000.0
2024-06-17 13:00,647.1599962200003,5000.0,8000.0,12000.0
2024-06-17 14:00,616.1169976500003,5000.0,8000.0,12000.0
2024-06-17 15:00,570.5547189299999,5000.0,8000.0,12000.0
2024-06-17 16:00,619.4618216399999,5000.0,8000.0,12000.0
2024-06-17 17:00,890.4817673333334,5000.0,8000.0,12000.0
2024-06-17 18:00,957.0562931400004,5000.0,8000.0,12000.0
2024-06-17 19:00,848.1257771700006,5000.0,8000.0,12000.0
2024-06-17 20:00,878.9195525700005,5000.0,8000.0,12000.0
2024-06-17 21:00,896.8806755400005,5000.0,8000.0,12000.0
2024-06-17 22:00,885.8391389100004,5000.0,8000.0,12000.0
2024-06-17 23:00,544.57570488,5000.0,8000.0,12000.0
2024-06-18 00:00,542.0503248900001,5000.0,8000.0,12000.0
2024-06-18 01:00,550.12326693,5000.0,8000.0,12000.0
2024-06-18 02:00,554.69793174,5000.0,8000.0,12000.0
2024-06-18 03:00,553.1661427800001,5000.0,8000.0,12000.0
2024-06-18 04:00,553.12474209,5000.0,8000.0,12000.0
2024-06-18 05:00,554.2218338099999,5000.0,8000.0,12000.0
2024-06-18 06:00,563.2142898600002,5000.0,8000.0,12000.0
2024-06-18 07:00,569.0652490500001,5000.0,8000.0,12000.0
2024-06-18 08:00,582.8872476300004,5000.0,8000.0,12000.0
2024-06-18 09:00,603.6274242600003,5000.0,8000.0,12000.0
2024-06-18 10:00,647.3531189400002,5000.0,8000.0,12000.0
2024-06-18 11:00,642.2539202700002,5000.0,8000.0,12000.0
2024-06-18 12:00,669.8330015400002,5000.0,8000.0,12000.0
2024-06-18 13:00,637.6378906500001,5000.0,8000.0,12000.0
2024-06-18 14:00,646.1803017900002,5000.0,8000.0,12000.0
2024-06-18 15:00,570.8238161699999,5000.0,8000.0,12000.0
2024-06-18 16:00,578.9243989199999,5000.0,8000.0,12000.0
2024-06-18 17:00,912.9895576733336,5000.0,8000.0,12000.0
2024-06-18 18:00,876.6851918100004,5000.0,8000.0,12000.0
2024-06-18 19:00,934.8447025500005,5000.0,8000.0,12000.0
2024-06-18 20:00,897.0736616400005,5000.0,8000.0,12000.0
2024-06-18 21:00,869.4670348800005,5000.0,8000.0,12000.0
2024-06-18 22:00,900.1427899200005,5000.0,8000.0,12000.0
2024-06-18 23:00,541.9468242,5000.0,8000.0,12000.0
2024-06-19 00:00,544.90690419,5000.0,8000.0,12000.0
2024-06-19 01:00,550.7028621000001,5000.0,8000.0,12000.0
2024-06-19 02:00,552.04835037,5000.0,8000.0,12000.0
2024-06-19 03:00,552.44164623,5000.0,8000.0,12000.0
2024-06-19 04:00,553.41454071,5000.0,8000.0,12000.0
2024-06-19 05:00,554.05623726,5000.0,8000.0,12000.0
2024-06-19 06:00,564.7597960200003,5000.0,8000.0,12000.0
2024-06-19 07:00,575.4130517100002,5000.0,8000.0,12000.0
2024-06-19 08:00,590.1391055400004,5000.0,8000.0,12000.0
2024-06-19 09:00,599.2873580700002,5000.0,8000.0,12000.0
2024-06-19 10:00,662.4847299300002,5000.0,8000.0,12000.0
2024-06-19 11:00,664.4717746800001,5000.0,8000.0,12000.0
2024-06-19 12:00,637.3756140600001,5000.0,8000.0,12000.0
2024-06-19 13:00,660.2008050900002,5000.0,8000.0,12000.0
2024-06-19 14:00,623.0584266300003,5000.0,8000.0,12000.0
2024-06-19 15:00,599.2379589,5000.0,8000.0,12000.0
2024-06-19 16:00,626.67230439,5000.0,8000.0,12000.0
2024-06-19 17:00,744.9678708900003,5000.0,8000.0,12000.0
2024-06-19 18:00,910.0469326200006,5000.0,8000.0,12000.0
2024-06-19 19:00,1022.9509143300005,5000.0,8000.0,12000.0
2024-06-19 20:00,1006.9005938700005,5000.0,8000.0,12000.0
2024-06-19 21:00,811.0171728300005,5000.0,8000.0,12000.0
2024-06-19 22:00,796.2221811000005,5000.0,8000.0,12000.0
2024-06-19 23:00,541.01533248,5000.0,8000.0,12000.0
2024-06-20 00:00,543.47861523,5000.0,8000.0,12000.0
2024-06-20 01:00,551.8413531299999,5000.0,8000.0,12000.0
2024-06-20 02:00,552.60724623,5000.0,8000.0,12000.0
2024-06-20 03:00,550.57866141,5000.0,8000.0,12000.0
2024-06-20 04:00,553.89063795,5000.0,8000.0,12000.0
2024-06-20 05:00,553.53874002,5000.0,8000.0,12000.0
2024-06-20 06:00,560.1990395400003,5000.0,8000.0,12000.0
2024-06-20 07:00,573.1016552100002,5000.0,8000.0,12000.0
2024-06-20 08:00,581.4245290500004,5000.0,8000.0,12000.0
2024-06-20 09:00,615.1157634900003,5000.0,8000.0,12000.0
2024-06-20 10:00,618.2972934600002,5000.0,8000.0,12000.0
2024-06-20 11:00,653.2248864600002,5000.0,8000.0,12000.0
2024-06-20 12:00,674.8908650700001,5000.0,8000.0,12000.0
2024-06-20 13:00,678.2581609800002,5000.0,8000.0,12000.0
2024-06-20 14:00,629.0821162800002,5000.0,8000.0,12000.0
2024-06-20 15:00,568.20182238,5000.0,8000.0,12000.0
2024-06-20 16:00,610.65743199,5000.0,8000.0,12000.0
2024-06-20 17:00,755.4972564000002,5000.0,8000.0,12000.0
2024-06-20 18:00,937.5087856500005,5000.0,8000.0,12000.0
2024-06-20 19:00,1007.4601611000004,5000.0,8000.0,12000.0
2024-06-20 20:00,983.4339015600005,5000.0,8000.0,12000.0
2024-06-20 21:00,944.4422106300005,5000.0,8000.0,12000.0
2024-06-20 22:00,730.8032190000005,5000.0,8000.0,12000.0
2024-06-20 23:00,543.72701178,5000.0,8000.0,12000.0
2024-06-21 00:00,541.96752282,5000.0,8000.0,12000.0
2024-06-21 01:00,552.48304761,5000.0,8000.0,12000.0
2024-06-21 02:00,552.40024899,5000.0,8000.0,12000.0
2024-06-21 03:00,553.7250400199999,5000.0,8000.0,12000.0
2024-06-21 04:00,554.92562967,5000.0,8000.0,12000.0
2024-06-21 05:00,554.8014303599999,5000.0,8000.0,12000.0
2024-06-21 06:00,564.7321849800003,5000.0,8000.0,12000.0
2024-06-21 07:00,565.3738925700002,5000.0,8000.0,12000.0
2024-06-21 08:00,586.3578751800003,5000.0,8000.0,12000.0
2024-06-21 09:00,619.2696069600003,5000.0,8000.0,12000.0
2024-06-21 10:00,675.1669789200002,5000.0,8000.0,12000.0
2024-06-21 11:00,652.3833107100002,5000.0,8000.0,12000.0
2024-06-21 12:00,634.5811727100003,5000.0,8000.0,12000.0
2024-06-21 13:00,654.7566678300002,5000.0,8000.0,12000.0
2024-06-21 14:00,615.3166908000002,5000.0,8000.0,12000.0
2024-06-21 15:00,567.98792169,5000.0,8000.0,12000.0
2024-06-21 16:00,584.4581961599999,5000.0,8000.0,12000.0
2024-06-21 17:00,791.4668846400002,5000.0,8000.0,12000.0
2024-06-21 18:00,895.9157436600005,5000.0,8000.0,12000.0
2024-06-21 19:00,943.8352341900005,5000.0,8000.0,12000.0
2024-06-21 20:00,1004.9340835200004,5000.0,8000.0,12000.0
2024-06-21 21:00,952.6187568600005,5000.0,8000.0,12000.0
2024-06-21 22:00,820.9861389600005,5000.0,8000.0,12000.0
2024-06-21 23:00,544.72060419,5000.0,8000.0,12000.0
2024-06-22 00:00,538.6969518000001,5000.0,8000.0,12000.0
2024-06-22 01:00,549.15037314,5000.0,8000.0,12000.0
2024-06-22 02:00,552.91774416,5000.0,8000.0,12000.0
2024-06-22 03:00,552.5244483,5000.0,8000.0,12000.0
2024-06-22 04:00,553.0833427800001,5000.0,8000.0,12000.0
2024-06-22 05:00,553.97343657,5000.0,8000.0,12000.0
2024-06-22 06:00,565.0220187900002,5000.0,8000.0,12000.0
2024-06-22 07:00,577.2346724100003,5000.0,8000.0,12000.0
2024-06-22 08:00,568.9909105200004,5000.0,8000.0,12000.0
2024-06-22 09:00,594.4435497900002,5000.0,8000.0,12000.0
2024-06-22 10:00,627.5501127300001,5000.0,8000.0,12000.0
2024-06-22 11:00,646.1041830600002,5000.0,8000.0,12000.0
2024-06-22 12:00,663.1332719700001,5000.0,8000.0,12000.0
2024-06-22 13:00,667.2871713300002,5000.0,8000.0,12000.0
2024-06-22 14:00,651.1620948900003,5000.0,8000.0,12000.0
2024-06-22 15:00,604.67514855,5000.0,8000.0,12000.0
2024-06-22 16:00,572.12791065,5000.0,8000.0,12000.0
2024-06-22 17:00,841.4642556600003,5000.0,8000.0,12000.0
2024-06-22 18:00,944.5190842200007,5000.0,8000.0,12000.0
2024-06-22 19:00,998.1935156100005,5000.0,8000.0,12000.0
2024-06-22 20:00,863.4014718900005,5000.0,8000.0,12000.0
2024-06-22 21:00,885.6404313300005,5000.0,8000.0,12000.0
2024-06-22 22:00,836.1799348200004,5000.0,8000.0,12000.0
2024-06-22 23:00,541.42932903,5000.0,8000.0,12000.0
2024-06-23 00:00,539.54564214,5000.0,8000.0,12000.0
2024-06-23 01:00,551.5308552,5000.0,8000.0,12000.0
2024-06-23 02:00,553.5801393300001,5000.0,8000.0,12000.0
2024-06-23 03:00,554.20113381,5000.0,8000.0,12000.0
2024-06-23 04:00,553.22824209,5000.0,8000.0,12000.0
2024-06-23 05:00,552.95914347,5000.0,8000.0,12000.0
2024-06-23 06:00,567.5955745800002,5000.0,8000.0,12000.0
2024-06-23 07:00,571.1007600900003,5000.0,8000.0,12000.0
2024-06-23 08:00,578.6989876500004,5000.0,8000.0,12000.0
2024-06-23 09:00,604.1932532400002,5000.0,8000.0,12000.0
2024-06-23 10:00,669.2327774400002,5000.0,8000.0,12000.0
2024-06-23 11:00,664.0786023300002,5000.0,8000.0,12000.0
2024-06-23 12:00,684.1438147500002,5000.0,8000.0,12000.0
2024-06-23 13:00,655.3430781300001,5000.0,8000.0,12000.0
2024-06-23 14:00,633.0495528000002,5000.0,8000.0,12000.0
2024-06-23 15:00,609.0152464799999,5000.0,8000.0,12000.0
2024-06-23 16:00,564.73112928,5000.0,8000.0,12000.0
2024-06-23 17:00,805.5083984400003,5000.0,8000.0,12000.0
2024-06-23 18:00,962.9213345400004,5000.0,8000.0,12000.0
2024-06-23 19:00,949.8453867300005,5000.0,8000.0,12000.0
2024-06-23 20:00,969.0891058500005,5000.0,8000.0,12000.0
2024-06-23 21:00,826.8319417800005,5000.0,8000.0,12000.0
2024-06-23 22:00,787.4038513800004,5000.0,8000.0,12000.0
2024-06-23 23:00,544.01681247,5000.0,8000.0,12000.0
2024-06-24 00:00,542.02962489,5000.0,8000.0,12000.0
2024-06-24 01:00,551.13755658,5000.0,8000.0,12000.0
2024-06-24 02:00,552.69004623,5000.0,8000.0,12000.0
2024-06-24 03:00,552.89704416,5000.0,8000.0,12000.0
2024-06-24 04:00,554.09763588,5000.0,8000.0,12000.0
2024-06-24 05:00,556.51951725,5000.0,8000.0,12000.0
2024-06-24 06:00,569.2653883800002,5000.0,8000.0,12000.0
2024-06-24 07:00,572.6186931600002,5000.0,8000.0,12000.0
2024-06-24 08:00,578.0849449200003,5000.0,8000.0,12000.0
2024-06-24 09:00,604.1725180500002,5000.0,8000.0,12000.0
2024-06-24 10:00,636.7754969100002,5000.0,8000.0,12000.0
2024-06-24 11:00,632.7665258400003,5000.0,8000.0,12000.0
2024-06-24 12:00,707.2240932600001,5000.0,8000.0,12000.0
2024-06-24 13:00,668.0736464400002,5000.0,8000.0,12000.0
2024-06-24 14:00,641.9850093300003,5000.0,8000.0,12000.0
2024-06-24 15:00,600.7904637299999,5000.0,8000.0,12000.0
2024-06-24 16:00,567.5946292799999,5000.0,8000.0,12000.0
2024-06-24 17:00,838.0763522033336,5000.0,8000.0,12000.0
2024-06-24 18:00,909.1428808200004,5000.0,8000.0,12000.0
2024-06-24 19:00,931.6154866800005,5000.0,8000.0,12000.0
2024-06-24 20:00,906.6439588800005,5000.0,8000.0,12000.0
2024-06-24 21:00,1007.2253292600005,5000.0,8000.0,12000.0
2024-06-24 22:00,767.0489928300005,5000.0,8000.0,12000.0
2024-06-24 23:00,541.45002903,5000.0,8000.0,12000.0
2024-06-25 00:00,542.40222213,5000.0,8000.0,12000.0
2024-06-25 01:00,550.6821600300001,5000.0,8000.0,12000.0
2024-06-25 02:00,550.0611655499999,5000.0,8000.0,12000.0
2024-06-25 03:00,552.02765106,5000.0,8000.0,12000.0
2024-06-25 04:00,553.62153864,5000.0,8000.0,12000.0
2024-06-25 05:00,553.37314071,5000.0,8000.0,12000.0
2024-06-25 06:00,564.6632353500003,5000.0,8000.0,12000.0
2024-06-25 07:00,573.1153496400002,5000.0,8000.0,12000.0
2024-06-25 08:00,587.6275531500003,5000.0,8000.0,12000.0
2024-06-25 09:00,604.3655938500002,5000.0,8000.0,12000.0
2024-06-25 10:00,638.7418030200002,5000.0,8000.0,12000.0
2024-06-25 11:00,633.6151782300002,5000.0,8000.0,12000.0
2024-06-25 12:00,635.7334506300001,5000.0,8000.0,12000.0
2024-06-25 13:00,658.4621154900002,5000.0,8000.0,12000.0
2024-06-25 14:00,613.6192928700002,5000.0,8000.0,12000.0
2024-06-25 15:00,562.3437382499999,5000.0,8000.0,12000.0
2024-06-25 16:00,592.37246925,5000.0,8000.0,12000.0
2024-06-25 17:00,760.0443301800003,5000.0,8000.0,12000.0
2024-06-25 18:00,994.4886772200006,5000.0,8000.0,12000.0
2024-06-25 19:00,976.5068080200003,5000.0,8000.0,12000.0
2024-06-25 20:00,968.7785044200007,5000.0,8000.0,12000.0
2024-06-25 21:00,929.5660838700005,5000.0,8000.0,12000.0
2024-06-25 22:00,821.4069616800004,5000.0,8000.0,12000.0
2024-06-25 23:00,539.77334076,5000.0,8000.0,12000.0
2024-06-26 00:00,543.14741799,5000.0,8000.0,12000.0
2024-06-26 01:00,551.13755727,5000.0,8000.0,12000.0
2024-06-26 02:00,553.10404278,5000.0,8000.0,12000.0
2024-06-26 03:00,553.8492358799999,5000.0,8000.0,12000.0
2024-06-26 04:00,554.01483588,5000.0,8000.0,12000.0
2024-06-26 05:00,555.58802484,5000.0,8000.0,12000.0
2024-06-26 06:00,561.1995554100002,5000.0,8000.0,12000.0
2024-06-26 07:00,566.2984159800002,5000.0,8000.0,12000.0
2024-06-26 08:00,594.6101295900004,5000.0,8000.0,12000.0
2024-06-26 09:00,632.3862420000003,5000.0,8000.0,12000.0
2024-06-26 10:00,657.64073397,5000.0,8000.0,12000.0
2024-06-26 11:00,629.8960188900002,5000.0,8000.0,12000.0
2024-06-26 12:00,626.9290982400001,5000.0,8000.0,12000.0
2024-06-26 13:00,647.7326824200002,5000.0,8000.0,12000.0
2024-06-26 14:00,624.8109548700002,5000.0,8000.0,12000.0
2024-06-26 15:00,620.24151819,5000.0,8000.0,12000.0
2024-06-26 16:00,605.4410471699999,5000.0,8000.0,12000.0
2024-06-26 17:00,836.5583411700002,5000.0,8000.0,12000.0
2024-06-26 18:00,926.4274898400005,5000.0,8000.0,12000.0
2024-06-26 19:00,928.2208026000005,5000.0,8000.0,12000.0
2024-06-26 20:00,937.3490064900005,5000.0,8000.0,12000.0
2024-06-26 21:00,903.6910348800005,5000.0,8000.0,12000.0
2024-06-26 22:00,817.8121707000005,5000.0,8000.0,12000.0
2024-06-26 23:00,544.57570695,5000.0,8000.0,12000.0
2024-06-27 00:00,541.90542489,5000.0,8000.0,12000.0
2024-06-27 01:00,550.84775934,5000.0,8000.0,12000.0
2024-06-27 02:00,552.7314469199999,5000.0,8000.0,12000.0
2024-06-27 03:00,553.84923795,5000.0,8000.0,12000.0
2024-06-27 04:00,555.1947262199999,5000.0,8000.0,12000.0
2024-06-27 05:00,554.49093174,5000.0,8000.0,12000.0
2024-06-27 06:00,564.8357843400003,5000.0,8000.0,12000.0
2024-06-27 07:00,575.6753552100002,5000.0,8000.0,12000.0
2024-06-27 08:00,577.7951883900004,5000.0,8000.0,12000.0
2024-06-27 09:00,607.1048724600003,5000.0,8000.0,12000.0
2024-06-27 10:00,642.6678554100001,5000.0,8000.0,12000.0
2024-06-27 11:00,652.8592464900001,5000.0,8000.0,12000.0
2024-06-27 12:00,646.3939016400002,5000.0,8000.0,12000.0
2024-06-27 13:00,667.3076526000002,5000.0,8000.0,12000.0
2024-06-27 14:00,599.6812376700002,5000.0,8000.0,12000.0
2024-06-27 15:00,564.53102928,5000.0,8000.0,12000.0
2024-06-27 16:00,599.12066511,5000.0,8000.0,12000.0
2024-06-27 17:00,835.9718287500002,5000.0,8000.0,12000.0
2024-06-27 18:00,865.1348146800004,5000.0,8000.0,12000.0
2024-06-27 19:00,959.9333309400005,5000.0,8000.0,12000.0
2024-06-27 20:00,944.8767001800005,5000.0,8000.0,12000.0
2024-06-27 21:00,905.5469127000007,5000.0,8000.0,12000.0
2024-06-27 22:00,876.2482444800005,5000.0,8000.0,12000.0
2024-06-27 23:00,543.25091661,5000.0,8000.0,12000.0
2024-06-28 00:00,541.2016317900001,5000.0,8000.0,12000.0
2024-06-28 01:00,549.522969,5000.0,8000.0,12000.0
2024-06-28 02:00,551.5929531300001,5000.0,8000.0,12000.0
2024-06-28 03:00,553.53873933,5000.0,8000.0,12000.0
2024-06-28 04:00,552.40024761,5000.0,8000.0,12000.0
2024-06-28 05:00,554.2218345,5000.0,8000.0,12000.0
2024-06-28 06:00,564.4630898100003,5000.0,8000.0,12000.0
2024-06-28 07:00,570.7143380100002,5000.0,8000.0,12000.0
2024-06-28 08:00,595.9489262400003,5000.0,8000.0,12000.0
2024-06-28 09:00,634.3045455000002,5000.0,8000.0,12000.0
2024-06-28 10:00,636.2854747800001,5000.0,8000.0,12000.0
2024-06-28 11:00,646.8354540300002,5000.0,8000.0,12000.0
2024-06-28 12:00,652.1898843900002,5000.0,8000.0,12000.0
2024-06-28 13:00,648.1465830600002,5000.0,8000.0,12000.0
2024-06-28 14:00,647.8708100700003,5000.0,8000.0,12000.0
2024-06-28 15:00,611.5268312999999,5000.0,8000.0,12000.0
2024-06-28 16:00,603.2261588999999,5000.0,8000.0,12000.0
2024-06-28 17:00,781.5654143100002,5000.0,8000.0,12000.0
2024-06-28 18:00,984.9806862900004,5000.0,8000.0,12000.0
2024-06-28 19:00,903.4082673600004,5000.0,8000.0,12000.0
2024-06-28 20:00,922.6727396100007,5000.0,8000.0,12000.0
2024-06-28 21:00,830.1234301500007,5000.0,8000.0,12000.0
2024-06-28 22:00,909.8718223500005,5000.0,8000.0,12000.0
2024-06-28 23:00,541.40863248,5000.0,8000.0,12000.0
2024-06-29 00:00,542.0710242,5000.0,8000.0,12000.0
2024-06-29 01:00,550.66146141,5000.0,8000.0,12000.0
2024-06-29 02:00,553.80783864,5000.0,8000.0,12000.0
2024-06-29 03:00,552.95914554,5000.0,8000.0,12000.0
2024-06-29 04:00,554.03553588,5000.0,8000.0,12000.0
2024-06-29 05:00,554.82213036,5000.0,8000.0,12000.0
2024-06-29 06:00,563.5800216000004,5000.0,8000.0,12000.0
2024-06-29 07:00,572.0184669900003,5000.0,8000.0,12000.0
2024-06-29 08:00,583.3979435400004,5000.0,8000.0,12000.0
2024-06-29 09:00,624.6101393400003,5000.0,8000.0,12000.0
2024-06-29 10:00,685.2198945900001,5000.0,8000.0,12000.0
2024-06-29 11:00,649.9336244100001,5000.0,8000.0,12000.0
2024-06-29 12:00,628.2608727600002,5000.0,8000.0,12000.0
2024-06-29 13:00,654.0392403300001,5000.0,8000.0,12000.0
2024-06-29 14:00,629.8618618200002,5000.0,8000.0,12000.0
2024-06-29 15:00,583.8923975399999,5000.0,8000.0,12000.0
2024-06-29 16:00,600.14875752,5000.0,8000.0,12000.0
2024-06-29 17:00,894.1801777033336,5000.0,8000.0,12000.0
2024-06-29 18:00,917.3815339500005,5000.0,8000.0,12000.0
2024-06-29 19:00,995.8477074300005,5000.0,8000.0,12000.0
2024-06-29 20:00,872.2957250700005,5000.0,8000.0,12000.0
2024-06-29 21:00,877.4156789400006,5000.0,8000.0,12000.0
2024-06-29 22:00,791.0675478300004,5000.0,8000.0,12000.0
2024-06-29 23:00,540.49783662,5000.0,8000.0,12000.0
2024-06-30 00:00,545.83839729,5000.0,8000.0,12000.0
2024-06-30 01:00,549.647169,5000.0,8000.0,12000.0
2024-06-30 02:00,551.59295244,5000.0,8000.0,12000.0
2024-06-30 03:00,553.2903414,5000.0,8000.0,12000.0
2024-06-30 04:00,552.6693448499999,5000.0,8000.0,12000.0
2024-06-30 05:00,553.26964278,5000.0,8000.0,12000.0
2024-06-30 06:00,561.0063512700002,5000.0,8000.0,12000.0
2024-06-30 07:00,569.1618773400003,5000.0,8000.0,12000.0
2024-06-30 08:00,580.7069635500004,5000.0,8000.0,12000.0
2024-06-30 09:00,626.0798703900002,5000.0,8000.0,12000.0
2024-06-30 10:00,647.6980037100001,5000.0,8000.0,12000.0
2024-06-30 11:00,645.1312368300001,5000.0,8000.0,12000.0
2024-06-30 12:00,673.1797464900003,5000.0,8000.0,12000.0
2024-06-30 13:00,666.1073589600002,5000.0,8000.0,12000.0
2024-06-30 14:00,651.0723341700002,5000.0,8000.0,12000.0
2024-06-30 15:00,587.29408098,5000.0,8000.0,12000.0
2024-06-30 16:00,561.3570389399999,5000.0,8000.0,12000.0
2024-06-30 17:00,813.2570749833336,5000.0,8000.0,12000.0
2024-06-30 18:00,956.2284539100006,5000.0,8000.0,12000.0
2024-06-30 19:00,937.4667425700005,5000.0,8000.0,12000.0
2024-06-30 20:00,892.9127270400005,5000.0,8000.0,12000.0
2024-06-30 21:00,968.5784492700005,5000.0,8000.0,12000.0
2024-06-30 22:00,802.6664850900004,5000.0,8000.0,12000.0
2024-06-30 23:00,542.34012075,5000.0,8000.0,12000.0
2024-07-01 00:00,542.02962558,5000.0,8000.0,12000.0
2024-07-01 01:00,547.57718142,5000.0,8000.0,12000.0
2024-07-01 02:00,553.1454427799999,5000.0,8000.0,12000.0
2024-07-01 03:00,551.51015451,5000.0,8000.0,12000.0
2024-07-01 04:00,552.35884899,5000.0,8000.0,12000.0
2024-07-01 05:00,554.71863174,5000.0,8000.0,12000.0
2024-07-01 06:00,566.0086863600003,5000.0,8000.0,12000.0
2024-07-01 07:00,564.0835566900003,5000.0,8000.0,12000.0
2024-07-01 08:00,580.2032380200003,5000.0,8000.0,12000.0
2024-07-01 09:00,612.3626641800003,5000.0,8000.0,12000.0
2024-07-01 10:00,633.9256602900002,5000.0,8000.0,12000.0
2024-07-01 11:00,675.3048084900001,5000.0,8000.0,12000.0
2024-07-01 12:00,647.0977437300002,5000.0,8000.0,12000.0
2024-07-01 13:00,628.9508617200003,5000.0,8000.0,12000.0
2024-07-01 14:00,655.3226844900003,5000.0,8000.0,12000.0
2024-07-01 15:00,569.3748168599999,5000.0,8000.0,12000.0
2024-07-01 16:00,585.42418512,5000.0,8000.0,12000.0
2024-07-01 17:00,797.1317818800002,5000.0,8000.0,12000.0
2024-07-01 18:00,883.5369918600006,5000.0,8000.0,12000.0
2024-07-01 19:00,987.5882977200005,5000.0,8000.0,12000.0
2024-07-01 20:00,974.6638828800005,5000.0,8000.0,12000.0
2024-07-01 21:00,888.4626520800006,5000.0,8000.0,12000.0
2024-07-01 22:00,847.1578313700005,5000.0,8000.0,12000.0
2024-07-01 23:00,540.8497352400001,5000.0,8000.0,12000.0
2024-07-02 00:00,541.82262627,5000.0,8000.0,12000.0
2024-07-02 01:00,551.3859552,5000.0,8000.0,12000.0
2024-07-02 02:00,553.10404278,5000.0,8000.0,12000.0
2024-07-02 03:00,552.60724554,5000.0,8000.0,12000.0
2024-07-02 04:00,554.24253519,5000.0,8000.0,12000.0
2024-07-02 05:00,554.78073105,5000.0,8000.0,12000.0
2024-07-02 06:00,566.0776877400002,5000.0,8000.0,12000.0
2024-07-02 07:00,575.0749972500001,5000.0,8000.0,12000.0
2024-07-02 08:00,579.8167669500003,5000.0,8000.0,12000.0
2024-07-02 09:00,605.1315304200002,5000.0,8000.0,12000.0
2024-07-02 10:00,631.6349203200002,5000.0,8000.0,12000.0
2024-07-02 11:00,671.4891009000002,5000.0,8000.0,12000.0
2024-07-02 12:00,678.70648917,5000.0,8000.0,12000.0
2024-07-02 13:00,687.6557795100001,5000.0,8000.0,12000.0
2024-07-02 14:00,621.6232507800001,5000.0,8000.0,12000.0
2024-07-02 15:00,585.9209920199999,5000.0,8000.0,12000.0
2024-07-02 16:00,583.16790306,5000.0,8000.0,12000.0
2024-07-02 17:00,775.7487191400002,5000.0,8000.0,12000.0
2024-07-02 18:00,1001.4579311400006,5000.0,8000.0,12000.0
2024-07-02 19:00,869.9160889500005,5000.0,8000.0,12000.0
2024-07-02 20:00,966.2597560200005,5000.0,8000.0,12000.0
2024-07-02 21:00,920.9064893400006,5000.0,8000.0,12000.0
2024-07-02 22:00,781.1594038200004,5000.0,8000.0,12000.0
2024-07-02 23:00,542.5471214400001,5000.0,8000.0,12000.0
2024-07-03 00:00,542.52642213,5000.0,8000.0,12000.0
2024-07-03 01:00,551.0547579600001,5000.0,8000.0,12000.0
2024-07-03 02:00,552.4830489899999,5000.0,8000.0,12000.0
2024-07-03 03:00,553.37314209,5000.0,8000.0,12000.0
2024-07-03 04:00,553.89063588,5000.0,8000.0,12000.0
2024-07-03 05:00,553.78713726,5000.0,8000.0,12000.0
2024-07-03 06:00,568.7755532400002,5000.0,8000.0,12000.0
2024-07-03 07:00,571.2938545200002,5000.0,8000.0,12000.0
2024-07-03 08:00,583.9981407300004,5000.0,8000.0,12000.0
2024-07-03 09:00,607.7396607300002,5000.0,8000.0,12000.0
2024-07-03 10:00,640.9568258400001,5000.0,8000.0,12000.0
2024-07-03 11:00,658.6965961200002,5000.0,8000.0,12000.0
2024-07-03 12:00,650.0439450600002,5000.0,8000.0,12000.0
2024-07-03 13:00,650.5201568400003,5000.0,8000.0,12000.0
2024-07-03 14:00,644.6691514200003,5000.0,8000.0,12000.0
2024-07-03 15:00,592.80718167,5000.0,8000.0,12000.0
2024-07-03 16:00,588.8534830499999,5000.0,8000.0,12000.0
2024-07-03 17:00,761.0517439800003,5000.0,8000.0,12000.0
2024-07-03 18:00,849.2303540100006,5000.0,8000.0,12000.0
2024-07-03 19:00,980.2535625300004,5000.0,8000.0,12000.0
2024-07-03 20:00,961.5265057500005,5000.0,8000.0,12000.0
2024-07-03 21:00,917.0010762300005,5000.0,8000.0,12000.0
2024-07-03 22:00,911.4726913500004,5000.0,8000.0,12000.0
2024-07-03 23:00,540.39433662,5000.0,8000.0,12000.0
2024-07-04 00:00,542.79552144,5000.0,8000.0,12000.0
2024-07-04 01:00,550.5993621,5000.0,8000.0,12000.0
2024-07-04 02:00,553.29034347,5000.0,8000.0,12000.0
2024-07-04 03:00,554.36673519,5000.0,8000.0,12000.0
2024-07-04 04:00,554.51163243,5000.0,8000.0,12000.0
2024-07-04 05:00,554.8221310499999,5000.0,8000.0,12000.0
2024-07-04 06:00,567.2644808400003,5000.0,8000.0,12000.0
2024-07-04 07:00,571.7215917300002,5000.0,8000.0,12000.0
2024-07-04 08:00,581.2657303800004,5000.0,8000.0,12000.0
2024-07-04 09:00,599.9357772900003,5000.0,8000.0,12000.0
2024-07-04 10:00,629.5233643800002,5000.0,8000.0,12000.0
2024-07-04 11:00,672.0410871000001,5000.0,8000.0,12000.0
2024-07-04 12:00,667.1697285000002,5000.0,8000.0,12000.0
2024-07-04 13:00,651.5759679300003,5000.0,8000.0,12000.0
2024-07-04 14:00,651.9002658600002,5000.0,8000.0,12000.0
2024-07-04 15:00,606.5588513099999,5000.0,8000.0,12000.0
2024-07-04 16:00,615.12863268,5000.0,8000.0,12000.0
2024-07-04 17:00,789.3072184500002,5000.0,8000.0,12000.0
2024-07-04 18:00,897.8337552900006,5000.0,8000.0,12000.0
2024-07-04 19:00,968.0683364100005,5000.0,8000.0,12000.0
2024-07-04 20:00,977.4035320200005,5000.0,8000.0,12000.0
2024-07-04 21:00,866.7416708100006,5000.0,8000.0,12000.0
2024-07-04 22:00,809.8150927800003,5000.0,8000.0,12000.0
2024-07-04 23:00,538.07595456,5000.0,8000.0,12000.0
2024-07-05 00:00,540.5806366200001,5000.0,8000.0,12000.0
2024-07-05 01:00,551.6964538200001,5000.0,8000.0,12000.0
2024-07-05 02:00,554.15973519,5000.0,8000.0,12000.0
2024-07-05 03:00,554.90492967,5000.0,8000.0,12000.0
2024-07-05 04:00,555.25682691,5000.0,8000.0,12000.0
2024-07-05 05:00,555.11192898,5000.0,8000.0,12000.0
2024-07-05 06:00,564.5389546200003,5000.0,8000.0,12000.0
2024-07-05 07:00,577.0138427400002,5000.0,8000.0,12000.0
2024-07-05 08:00,586.0750586700003,5000.0,8000.0,12000.0
2024-07-05 09:00,614.5568600400002,5000.0,8000.0,12000.0
2024-07-05 10:00,670.3921747800001,5000.0,8000.0,12000.0
2024-07-05 11:00,677.3747829600002,5000.0,8000.0,12000.0
2024-07-05 12:00,629.2338148500002,5000.0,8000.0,12000.0
2024-07-05 13:00,638.6108210100002,5000.0,8000.0,12000.0
2024-07-05 14:00,673.7871576300003,5000.0,8000.0,12000.0
2024-07-05 15:00,565.1865320399999,5000.0,8000.0,12000.0
2024-07-05 16:00,574.98450858,5000.0,8000.0,12000.0
2024-07-05 17:00,796.7385046500002,5000.0,8000.0,12000.0
2024-07-05 18:00,939.9169332600005,5000.0,8000.0,12000.0
2024-07-05 19:00,974.4646743600003,5000.0,8000.0,12000.0
2024-07-05 20:00,905.1121416300006,5000.0,8000.0,12000.0
2024-07-05 21:00,869.9015561700005,5000.0,8000.0,12000.0
2024-07-05 22:00,869.1618099300005,5000.0,8000.0,12000.0
2024-07-05 23:00,542.11242489,5000.0,8000.0,12000.0
2024-07-06 00:00,542.48502213,5000.0,8000.0,12000.0
2024-07-06 01:00,549.7506689999999,5000.0,8000.0,12000.0
2024-07-06 02:00,553.02124209,5000.0,8000.0,12000.0
2024-07-06 03:00,553.43524071,5000.0,8000.0,12000.0
2024-07-06 04:00,553.6836386399999,5000.0,8000.0,12000.0
2024-07-06 05:00,554.96702898,5000.0,8000.0,12000.0
2024-07-06 06:00,562.6485029700002,5000.0,8000.0,12000.0
2024-07-06 07:00,572.6049000600002,5000.0,8000.0,12000.0
2024-07-06 08:00,587.2548206700004,5000.0,8000.0,12000.0
2024-07-06 09:00,605.3730414600002,5000.0,8000.0,12000.0
2024-07-06 10:00,641.1292796100003,5000.0,8000.0,12000.0
2024-07-06 11:00,630.8138651700002,5000.0,8000.0,12000.0
2024-07-06 12:00,613.5293734500002,5000.0,8000.0,12000.0
2024-07-06 13:00,620.9606686200002,5000.0,8000.0,12000.0
2024-07-06 14:00,656.9581128300002,5000.0,8000.0,12000.0
2024-07-06 15:00,598.39616925,5000.0,8000.0,12000.0
2024-07-06 16:00,563.6685292799999,5000.0,8000.0,12000.0
2024-07-06 17:00,787.2785894700004,5000.0,8000.0,12000.0
2024-07-06 18:00,992.6809255200005,5000.0,8000.0,12000.0
2024-07-06 19:00,954.9374273400006,5000.0,8000.0,12000.0
2024-07-06 20:00,1105.7155276800006,5000.0,8000.0,12000.0
2024-07-06 21:00,886.7721693300006,5000.0,8000.0,12000.0
2024-07-06 22:00,723.7099996800005,5000.0,8000.0,12000.0
2024-07-06 23:00,542.77482006,5000.0,8000.0,12000.0
2024-07-07 00:00,540.80833593,5000.0,8000.0,12000.0
2024-07-07 01:00,551.17895589,5000.0,8000.0,12000.0
2024-07-07 02:00,552.4209483,5000.0,8000.0,12000.0
2024-07-07 03:00,553.6422393299999,5000.0,8000.0,12000.0
2024-07-07 04:00,552.91774485,5000.0,8000.0,12000.0
2024-07-07 05:00,554.3460324299999,5000.0,8000.0,12000.0
2024-07-07 06:00,563.7524953800003,5000.0,8000.0,12000.0
2024-07-07 07:00,572.7980331300002,5000.0,8000.0,12000.0
2024-07-07 08:00,578.3127097800004,5000.0,8000.0,12000.0
2024-07-07 09:00,615.7643793600002,5000.0,8000.0,12000.0
2024-07-07 10:00,671.4131650200002,5000.0,8000.0,12000.0
2024-07-07 11:00,632.2008189900002,5000.0,8000.0,12000.0
2024-07-07 12:00,640.4737423500002,5000.0,8000.0,12000.0
2024-07-07 13:00,685.3787871000002,5000.0,8000.0,12000.0
2024-07-07 14:00,615.1304294400002,5000.0,8000.0,12000.0
2024-07-07 15:00,588.7292795999999,5000.0,8000.0,12000.0
2024-07-07 16:00,587.99788029,5000.0,8000.0,12000.0
2024-07-07 17:00,831.3764384100001,5000.0,8000.0,12000.0
2024-07-07 18:00,926.8965580500005,5000.0,8000.0,12000.0
2024-07-07 19:00,972.2566046700005,5000.0,8000.0,12000.0
2024-07-07 20:00,907.5270063900006,5000.0,8000.0,12000.0
2024-07-07 21:00,943.3312913100006,5000.0,8000.0,12000.0
2024-07-07 22:00,796.3117610400004,5000.0,8000.0,12000.0
2024-07-07 23:00,541.7398269600001,5000.0,8000.0,12000.0
2024-07-08 00:00,542.13312627,5000.0,8000.0,12000.0
2024-07-08 01:00,549.72996762,5000.0,8000.0,12000.0
2024-07-08 02:00,553.12474278,5000.0,8000.0,12000.0
2024-07-08 03:00,553.10404278,5000.0,8000.0,12000.0
2024-07-08 04:00,554.2218345,5000.0,8000.0,12000.0
2024-07-08 05:00,555.1533289800001,5000.0,8000.0,12000.0
2024-07-08 06:00,563.0762774400004,5000.0,8000.0,12000.0
2024-07-08 07:00,570.1209732000002,5000.0,8000.0,12000.0
2024-07-08 08:00,575.9183483700003,5000.0,8000.0,12000.0
2024-07-08 09:00,605.7180435300003,5000.0,8000.0,12000.0
2024-07-08 10:00,633.6911286000002,5000.0,8000.0,12000.0
2024-07-08 11:00,663.2161809900002,5000.0,8000.0,12000.0
2024-07-08 12:00,648.7468789200001,5000.0,8000.0,12000.0
2024-07-08 13:00,641.5571168700002,5000.0,8000.0,12000.0
2024-07-08 14:00,610.2175507800002,5000.0,8000.0,12000.0
2024-07-08 15:00,583.2369003,5000.0,8000.0,12000.0
2024-07-08 16:00,585.76228581,5000.0,8000.0,12000.0
2024-07-08 17:00,814.0298860200003,5000.0,8000.0,12000.0
2024-07-08 18:00,1015.6649497200004,5000.0,8000.0,12000.0
2024-07-08 19:00,972.2702922000005,5000.0,8000.0,12000.0
2024-07-08 20:00,1001.3736462600006,5000.0,8000.0,12000.0
2024-07-08 21:00,806.6907024000006,5000.0,8000.0,12000.0
2024-07-08 22:00,834.9171175200004,5000.0,8000.0,12000.0
2024-07-08 23:00,539.54564214,5000.0,8000.0,12000.0
2024-07-09 00:00,543.41651385,5000.0,8000.0,12000.0
2024-07-09 01:00,549.5850690000001,5000.0,8000.0,12000.0
2024-07-09 02:00,552.66934554,5000.0,8000.0,12000.0
2024-07-09 03:00,551.86205106,5000.0,8000.0,12000.0
2024-07-09 04:00,555.19472553,5000.0,8000.0,12000.0
2024-07-09 05:00,555.67082415,5000.0,8000.0,12000.0
2024-07-09 06:00,563.9525595000002,5000.0,8000.0,12000.0
2024-07-09 07:00,569.4515421000002,5000.0,8000.0,12000.0
2024-07-09 08:00,580.9277870100003,5000.0,8000.0,12000.0
2024-07-09 09:00,592.4977939500003,5000.0,8000.0,12000.0
2024-07-09 10:00,613.2395810400002,5000.0,8000.0,12000.0
2024-07-09 11:00,654.4876402800002,5000.0,8000.0,12000.0
2024-07-09 12:00,642.8887078500001,5000.0,8000.0,12000.0
2024-07-09 13:00,676.8090705900001,5000.0,8000.0,12000.0
2024-07-09 14:00,631.5591541800002,5000.0,8000.0,12000.0
2024-07-09 15:00,572.99040858,5000.0,8000.0,12000.0
2024-07-09 16:00,576.2679099599999,5000.0,8000.0,12000.0
2024-07-09 17:00,808.1993618700002,5000.0,8000.0,12000.0
2024-07-09 18:00,920.5002214800005,5000.0,8000.0,12000.0
2024-07-09 19:00,998.5798735200005,5000.0,8000.0,12000.0
2024-07-09 20:00,953.2532684400005,5000.0,8000.0,12000.0
2024-07-09 21:00,941.1992009700006,5000.0,8000.0,12000.0
2024-07-09 22:00,798.9269196900004,5000.0,8000.0,12000.0
2024-07-09 23:00,541.13953386,5000.0,8000.0,12000.0
2024-07-10 00:00,544.32730971,5000.0,8000.0,12000.0
2024-07-10 01:00,549.9576669300001,5000.0,8000.0,12000.0
2024-07-10 02:00,552.0897503699999,5000.0,8000.0,12000.0
2024-07-10 03:00,553.62153864,5000.0,8000.0,12000.0
2024-07-10 04:00,554.3874345,5000.0,8000.0,12000.0
2024-07-10 05:00,554.82212967,5000.0,8000.0,12000.0
2024-07-10 06:00,565.1599946400003,5000.0,8000.0,12000.0
2024-07-10 07:00,572.1701959200002,5000.0,8000.0,12000.0
2024-07-10 08:00,578.5472097300004,5000.0,8000.0,12000.0
2024-07-10 09:00,618.0551448600003,5000.0,8000.0,12000.0
2024-07-10 10:00,657.7788395400001,5000.0,8000.0,12000.0
2024-07-10 11:00,658.8690926700002,5000.0,8000.0,12000.0
2024-07-10 12:00,668.2392015900002,5000.0,8000.0,12000.0
2024-07-10 13:00,674.3249753700002,5000.0,8000.0,12000.0
2024-07-10 14:00,614.3438046000002,5000.0,8000.0,12000.0
2024-07-10 15:00,584.7893878799999,5000.0,8000.0,12000.0
2024-07-10 16:00,575.86080444,5000.0,8000.0,12000.0
2024-07-10 17:00,873.5353983933335,5000.0,8000.0,12000.0
2024-07-10 18:00,925.1302429200006,5000.0,8000.0,12000.0
2024-07-10 19:00,973.1055399600006,5000.0,8000.0,12000.0
2024-07-10 20:00,946.1464609500005,5000.0,8000.0,12000.0
2024-07-10 21:00,875.9735554800005,5000.0,8000.0,12000.0
2024-07-10 22:00,761.3839665600004,5000.0,8000.0,12000.0
2024-07-10 23:00,542.81621868,5000.0,8000.0,12000.0
2024-07-11 00:00,542.9611173,5000.0,8000.0,12000.0
2024-07-11 01:00,549.15037314,5000.0,8000.0,12000.0
2024-07-11 02:00,551.5308552,5000.0,8000.0,12000.0
2024-07-11 03:00,553.53873864,5000.0,8000.0,12000.0
2024-07-11 04:00,554.55303174,5000.0,8000.0,12000.0
2024-07-11 05:00,552.4002483,5000.0,8000.0,12000.0
2024-07-11 06:00,563.1728208600002,5000.0,8000.0,12000.0
2024-07-11 07:00,572.3219476200003,5000.0,8000.0,12000.0
2024-07-11 08:00,585.9577324500004,5000.0,8000.0,12000.0
2024-07-11 09:00,593.9122960200002,5000.0,8000.0,12000.0
2024-07-11 10:00,633.9740030700001,5000.0,8000.0,12000.0
2024-07-11 11:00,664.3062340200001,5000.0,8000.0,12000.0
2024-07-11 12:00,662.4706428900002,5000.0,8000.0,12000.0
2024-07-11 13:00,692.18203599,5000.0,8000.0,12000.0
2024-07-11 14:00,590.3249908500002,5000.0,8000.0,12000.0
2024-07-11 15:00,592.37937201,5000.0,8000.0,12000.0
2024-07-11 16:00,609.97433268,5000.0,8000.0,12000.0
2024-07-11 17:00,728.3802784800002,5000.0,8000.0,12000.0
2024-07-11 18:00,1015.3958745600006,5000.0,8000.0,12000.0
2024-07-11 19:00,1048.777490136667,5000.0,8000.0,12000.0
2024-07-11 20:00,922.4793981600006,5000.0,8000.0,12000.0
2024-07-11 21:00,893.1134480400007,5000.0,8000.0,12000.0
2024-07-11 22:00,765.4274797200004,5000.0,8000.0,12000.0
2024-07-11 23:00,542.67132213,5000.0,8000.0,12000.0
2024-07-12 00:00,542.73341868,5000.0,8000.0,12000.0
2024-07-12 01:00,548.8605738299999,5000.0,8000.0,12000.0
2024-07-12 02:00,553.10404278,5000.0,8000.0,12000.0
2024-07-12 03:00,551.7585517499999,5000.0,8000.0,12000.0
2024-07-12 04:00,553.1040434700001,5000.0,8000.0,12000.0
2024-07-12 05:00,552.93844416,5000.0,8000.0,12000.0
2024-07-12 06:00,563.5730443200002,5000.0,8000.0,12000.0
2024-07-12 07:00,566.3741910900003,5000.0,8000.0,12000.0
2024-07-12 08:00,575.1870449700003,5000.0,8000.0,12000.0
2024-07-12 09:00,613.0941186900002,5000.0,8000.0,12000.0
2024-07-12 10:00,666.5142057300002,5000.0,8000.0,12000.0
2024-07-12 11:00,693.6863381100001,5000.0,8000.0,12000.0
2024-07-12 12:00,627.6260210100002,5000.0,8000.0,12000.0
2024-07-12 13:00,624.7557555600002,5000.0,8000.0,12000.0
2024-07-12 14:00,632.2147183500002,5000.0,8000.0,12000.0
2024-07-12 15:00,569.5473251399999,5000.0,8000.0,12000.0
2024-07-12 16:00,599.14826235,5000.0,8000.0,12000.0
2024-07-12 17:00,802.3895887800003,5000.0,8000.0,12000.0
2024-07-12 18:00,902.4155298600003,5000.0,8000.0,12000.0
2024-07-12 19:00,1001.6159107800005,5000.0,8000.0,12000.0
2024-07-12 20:00,943.2344339400006,5000.0,8000.0,12000.0
2024-07-12 21:00,956.0962719900004,5000.0,8000.0,12000.0
2024-07-12 22:00,788.1214375800005,5000.0,8000.0,12000.0
2024-07-12 23:00,546.41799108,5000.0,8000.0,12000.0
2024-07-13 00:00,543.56141385,5000.0,8000.0,12000.0
2024-07-13 01:00,551.51015313,5000.0,8000.0,12000.0
2024-07-13 02:00,553.12474278,5000.0,8000.0,12000.0
2024-07-13 03:00,552.97984278,5000.0,8000.0,12000.0
2024-07-13 04:00,553.39384071,5000.0,8000.0,12000.0
2024-07-13 05:00,553.2075414,5000.0,8000.0,12000.0
2024-07-13 06:00,566.3537250000003,5000.0,8000.0,12000.0
2024-07-13 07:00,565.9879725600002,5000.0,8000.0,12000.0
2024-07-13 08:00,581.2451276700004,5000.0,8000.0,12000.0
2024-07-13 09:00,604.8003449100001,5000.0,8000.0,12000.0
2024-07-13 10:00,679.6104774900001,5000.0,8000.0,12000.0
2024-07-13 11:00,661.6359816300002,5000.0,8000.0,12000.0
2024-07-13 12:00,642.4195382100002,5000.0,8000.0,12000.0
2024-07-13 13:00,645.6901878900002,5000.0,8000.0,12000.0
2024-07-13 14:00,603.7109466900002,5000.0,8000.0,12000.0
2024-07-13 15:00,574.70161272,5000.0,8000.0,12000.0
2024-07-13 16:00,570.13381203,5000.0,8000.0,12000.0
2024-07-13 17:00,725.7996791700002,5000.0,8000.0,12000.0
2024-07-13 18:00,955.7523339000005,5000.0,8000.0,12000.0
2024-07-13 19:00,937.3562135400005,5000.0,8000.0,12000.0
2024-07-13 20:00,1001.0425235400005,5000.0,8000.0,12000.0
2024-07-13 21:00,965.0800740600005,5000.0,8000.0,12000.0
2024-07-13 22:00,807.0688555200005,5000.0,8000.0,12000.0
2024-07-13 23:00,542.1538228200001,5000.0,8000.0,12000.0
2024-07-14 00:00,541.55352834,5000.0,8000.0,12000.0
2024-07-14 01:00,551.63435589,5000.0,8000.0,12000.0
2024-07-14 02:00,549.8748676199999,5000.0,8000.0,12000.0
2024-07-14 03:00,553.1247414000001,5000.0,8000.0,12000.0
2024-07-14 04:00,554.5737324300001,5000.0,8000.0,12000.0
2024-07-14 05:00,553.43524071,5000.0,8000.0,12000.0
2024-07-14 06:00,563.6352057300003,5000.0,8000.0,12000.0
2024-07-14 07:00,568.2993870000003,5000.0,8000.0,12000.0
2024-07-14 08:00,589.9597200300003,5000.0,8000.0,12000.0
2024-07-14 09:00,616.0265193300003,5000.0,8000.0,12000.0
2024-07-14 10:00,651.6999381600001,5000.0,8000.0,12000.0
2024-07-14 11:00,693.8587428900001,5000.0,8000.0,12000.0
2024-07-14 12:00,654.7982016900002,5000.0,8000.0,12000.0
2024-07-14 13:00,660.3458237700002,5000.0,8000.0,12000.0
2024-07-14 14:00,626.9707507800002,5000.0,8000.0,12000.0
2024-07-14 15:00,567.1116230699998,5000.0,8000.0,12000.0
2024-07-14 16:00,568.167321,5000.0,8000.0,12000.0
2024-07-14 17:00,715.4565826200002,5000.0,8000.0,12000.0
2024-07-14 18:00,954.5930787000004,5000.0,8000.0,12000.0
2024-07-14 19:00,996.1718721900004,5000.0,8000.0,12000.0
2024-07-14 20:00,964.6037712000006,5000.0,8000.0,12000.0
2024-07-14 21:00,927.6960389700005,5000.0,8000.0,12000.0
2024-07-14 22:00,771.2994018000005,5000.0,8000.0,12000.0
2024-07-14 23:00,542.96111868,5000.0,8000.0,12000.0
2024-07-15 00:00,545.44510005,5000.0,8000.0,12000.0
2024-07-15 01:00,550.53726141,5000.0,8000.0,12000.0
2024-07-15 02:00,553.0212434700001,5000.0,8000.0,12000.0
2024-07-15 03:00,552.48304761,5000.0,8000.0,12000.0
2024-07-15 04:00,552.85564554,5000.0,8000.0,12000.0
2024-07-15 05:00,555.15332691,5000.0,8000.0,12000.0
2024-07-15 06:00,561.5789781300003,5000.0,8000.0,12000.0
2024-07-15 07:00,564.7321815300003,5000.0,8000.0,12000.0
2024-07-15 08:00,578.7405063300005,5000.0,8000.0,12000.0
2024-07-15 09:00,616.6819855200002,5000.0,8000.0,12000.0
2024-07-15 10:00,673.1865098700001,5000.0,8000.0,12000.0
2024-07-15 11:00,673.9662009000001,5000.0,8000.0,12000.0
2024-07-15 12:00,660.2354403300002,5000.0,8000.0,12000.0
2024-07-15 13:00,622.1613038100003,5000.0,8000.0,12000.0
2024-07-15 14:00,620.8986541800002,5000.0,8000.0,12000.0
2024-07-15 15:00,583.1954927099999,5000.0,8000.0,12000.0
2024-07-15 16:00,589.21918305,5000.0,8000.0,12000.0
2024-07-15 17:00,844.8107266800002,5000.0,8000.0,12000.0
2024-07-15 18:00,1045.4865027000005,5000.0,8000.0,12000.0
2024-07-15 19:00,937.7841122100004,5000.0,8000.0,12000.0
2024-07-15 20:00,831.7514630700006,5000.0,8000.0,12000.0
2024-07-15 21:00,870.3847176300005,5000.0,8000.0,12000.0
2024-07-15 22:00,827.0787534000004,5000.0,8000.0,12000.0
2024-07-15 23:00,541.84332696,5000.0,8000.0,12000.0
2024-07-16 00:00,540.99463179,5000.0,8000.0,12000.0
2024-07-16 01:00,551.5929531300001,5000.0,8000.0,12000.0
2024-07-16 02:00,553.00054485,5000.0,8000.0,12000.0
2024-07-16 03:00,553.3938414,5000.0,8000.0,12000.0
2024-07-16 04:00,553.45594071,5000.0,8000.0,12000.0
2024-07-16 05:00,553.45594209,5000.0,8000.0,12000.0
2024-07-16 06:00,565.5050429400002,5000.0,8000.0,12000.0
2024-07-16 07:00,567.8164366800003,5000.0,8000.0,12000.0
2024-07-16 08:00,579.6511490100004,5000.0,8000.0,12000.0
2024-07-16 09:00,607.4844324900002,5000.0,8000.0,12000.0
2024-07-16 10:00,672.3446532900001,5000.0,8000.0,12000.0
2024-07-16 11:00,674.5250022300002,5000.0,8000.0,12000.0
2024-07-16 12:00,637.5964402800001,5000.0,8000.0,12000.0
2024-07-16 13:00,633.8981568900001,5000.0,8000.0,12000.0
2024-07-16 14:00,622.1063349600003,5000.0,8000.0,12000.0
2024-07-16 15:00,588.2117823599999,5000.0,8000.0,12000.0
2024-07-16 16:00,576.89580858,5000.0,8000.0,12000.0
2024-07-16 17:00,871.2031914900002,5000.0,8000.0,12000.0
2024-07-16 18:00,998.2837282800007,5000.0,8000.0,12000.0
2024-07-16 19:00,941.5998936300003,5000.0,8000.0,12000.0
2024-07-16 20:00,895.7488112700006,5000.0,8000.0,12000.0
2024-07-16 21:00,887.4347487300006,5000.0,8000.0,12000.0
2024-07-16 22:00,823.7529685800004,5000.0,8000.0,12000.0
2024-07-16 23:00,541.49142834,5000.0,8000.0,12000.0
2024-07-17 00:00,542.1952242,5000.0,8000.0,12000.0
2024-07-17 01:00,551.46875589,5000.0,8000.0,12000.0
2024-07-17 02:00,552.11045106,5000.0,8000.0,12000.0
2024-07-17 03:00,552.46234623,5000.0,8000.0,12000.0
2024-07-17 04:00,555.07052829,5000.0,8000.0,12000.0
2024-07-17 05:00,553.47663933,5000.0,8000.0,12000.0
2024-07-17 06:00,566.1604359900003,5000.0,8000.0,12000.0
2024-07-17 07:00,573.4880503800001,5000.0,8000.0,12000.0
2024-07-17 08:00,583.4599862700003,5000.0,8000.0,12000.0
2024-07-17 09:00,627.4045703400002,5000.0,8000.0,12000.0
2024-07-17 10:00,652.4727636900002,5000.0,8000.0,12000.0
2024-07-17 11:00,693.2379526500002,5000.0,8000.0,12000.0
2024-07-17 12:00,646.0489547700001,5000.0,8000.0,12000.0
2024-07-17 13:00,646.0283244600001,5000.0,8000.0,12000.0
2024-07-17 14:00,618.2491680300003,5000.0,8000.0,12000.0
2024-07-17 15:00,625.43720163,5000.0,8000.0,12000.0
2024-07-17 16:00,582.9401865,5000.0,8000.0,12000.0
2024-07-17 17:00,716.8918247100003,5000.0,8000.0,12000.0
2024-07-17 18:00,872.0139594300005,5000.0,8000.0,12000.0
2024-07-17 19:00,1045.0930198500005,5000.0,8000.0,12000.0
2024-07-17 20:00,944.4627429600006,5000.0,8000.0,12000.0
2024-07-17 21:00,928.8415045200005,5000.0,8000.0,12000.0
2024-07-17 22:00,782.1253548300006,5000.0,8000.0,12000.0
2024-07-17 23:00,543.29231799,5000.0,8000.0,12000.0
2024-07-18 00:00,542.7127193700001,5000.0,8000.0,12000.0
2024-07-18 01:00,552.23464899,5000.0,8000.0,12000.0
2024-07-18 02:00,553.78713726,5000.0,8000.0,12000.0
2024-07-18 03:00,554.22183312,5000.0,8000.0,12000.0
2024-07-18 04:00,552.2967469199999,5000.0,8000.0,12000.0
2024-07-18 05:00,553.49734002,5000.0,8000.0,12000.0
2024-07-18 06:00,566.3674987800002,5000.0,8000.0,12000.0
2024-07-18 07:00,573.0532958700002,5000.0,8000.0,12000.0
2024-07-18 08:00,572.3028146100004,5000.0,8000.0,12000.0
2024-07-18 09:00,597.3897587100003,5000.0,8000.0,12000.0
2024-07-18 10:00,674.5458685200002,5000.0,8000.0,12000.0
2024-07-18 11:00,674.0282677800002,5000.0,8000.0,12000.0
2024-07-18 12:00,658.3584181500001,5000.0,8000.0,12000.0
2024-07-18 13:00,616.9449617700001,5000.0,8000.0,12000.0
2024-07-18 14:00,608.8444942500003,5000.0,8000.0,12000.0
2024-07-18 15:00,584.7479933999999,5000.0,8000.0,12000.0
2024-07-18 16:00,616.06012716,5000.0,8000.0,12000.0
2024-07-18 17:00,783.3594232800002,5000.0,8000.0,12000.0
2024-07-18 18:00,887.3871235500005,5000.0,8000.0,12000.0
2024-07-18 19:00,1021.5776790900005,5000.0,8000.0,12000.0
2024-07-18 20:00,957.0207277800006,5000.0,8000.0,12000.0
2024-07-18 21:00,950.4038444400006,5000.0,8000.0,12000.0
2024-07-18 22:00,760.9977245700005,5000.0,8000.0,12000.0
2024-07-18 23:00,543.33371661,5000.0,8000.0,12000.0
2024-07-19 00:00,541.7605283400001,5000.0,8000.0,12000.0
2024-07-19 01:00,550.47516072,5000.0,8000.0,12000.0
2024-07-19 02:00,552.29674899,5000.0,8000.0,12000.0
2024-07-19 03:00,552.3174483,5000.0,8000.0,12000.0
2024-07-19 04:00,554.2218338099999,5000.0,8000.0,12000.0
2024-07-19 05:00,553.99413657,5000.0,8000.0,12000.0
2024-07-19 06:00,564.7184346600003,5000.0,8000.0,12000.0
2024-07-19 07:00,565.8844987800003,5000.0,8000.0,12000.0
2024-07-19 08:00,572.1441008100004,5000.0,8000.0,12000.0
2024-07-19 09:00,597.8383008000003,5000.0,8000.0,12000.0
2024-07-19 10:00,623.3411258400002,5000.0,8000.0,12000.0
2024-07-19 11:00,652.5762968100003,5000.0,8000.0,12000.0
2024-07-19 12:00,652.33469262,5000.0,8000.0,12000.0
2024-07-19 13:00,669.6744754200002,5000.0,8000.0,12000.0
2024-07-19 14:00,632.6011335300003,5000.0,8000.0,12000.0
2024-07-19 15:00,644.1361664399999,5000.0,8000.0,12000.0
2024-07-19 16:00,579.5178023699999,5000.0,8000.0,12000.0
2024-07-19 17:00,781.5171198300002,5000.0,8000.0,12000.0
2024-07-19 18:00,875.6916063000004,5000.0,8000.0,12000.0
2024-07-19 19:00,976.0654088100005,5000.0,8000.0,12000.0
2024-07-19 20:00,942.9170946600007,5000.0,8000.0,12000.0
2024-07-19 21:00,910.7013017100005,5000.0,8000.0,12000.0
2024-07-19 22:00,876.9656257500004,5000.0,8000.0,12000.0
2024-07-19 23:00,542.44362213,5000.0,8000.0,12000.0
2024-07-20 00:00,543.70631385,5000.0,8000.0,12000.0
2024-07-20 01:00,550.7028593399999,5000.0,8000.0,12000.0
2024-07-20 02:00,551.86205313,5000.0,8000.0,12000.0
2024-07-20 03:00,551.90345106,5000.0,8000.0,12000.0
2024-07-20 04:00,553.93203657,5000.0,8000.0,12000.0
2024-07-20 05:00,554.47023243,5000.0,8000.0,12000.0
2024-07-20 06:00,569.5552691100003,5000.0,8000.0,12000.0
2024-07-20 07:00,576.0755738400002,5000.0,8000.0,12000.0
2024-07-20 08:00,582.2593745400004,5000.0,8000.0,12000.0
2024-07-20 09:00,619.5937724100002,5000.0,8000.0,12000.0
2024-07-20 10:00,638.8661389500002,5000.0,8000.0,12000.0
2024-07-20 11:00,640.2047796600002,5000.0,8000.0,12000.0
2024-07-20 12:00,645.5866637400002,5000.0,8000.0,12000.0
2024-07-20 13:00,648.7606037100002,5000.0,8000.0,12000.0
2024-07-20 14:00,669.8471727600003,5000.0,8000.0,12000.0
2024-07-20 15:00,594.92547063,5000.0,8000.0,12000.0
2024-07-20 16:00,571.48622169,5000.0,8000.0,12000.0
2024-07-20 17:00,786.7058956800003,5000.0,8000.0,12000.0
2024-07-20 18:00,933.4581848100004,5000.0,8000.0,12000.0
2024-07-20 19:00,964.0112226600005,5000.0,8000.0,12000.0
2024-07-20 20:00,976.1061333000005,5000.0,8000.0,12000.0
2024-07-20 21:00,922.1691327600006,5000.0,8000.0,12000.0
2024-07-20 22:00,802.3217900700005,5000.0,8000.0,12000.0
2024-07-20 23:00,543.0025173,5000.0,8000.0,12000.0
2024-07-21 00:00,544.36870764,5000.0,8000.0,12000.0
2024-07-21 01:00,549.97836624,5000.0,8000.0,12000.0
2024-07-21 02:00,553.14544278,5000.0,8000.0,12000.0
2024-07-21 03:00,551.59295451,5000.0,8000.0,12000.0
2024-07-21 04:00,551.94485106,5000.0,8000.0,12000.0
2024-07-21 05:00,554.15973519,5000.0,8000.0,12000.0
2024-07-21 06:00,570.9352739400002,5000.0,8000.0,12000.0
2024-07-21 07:00,573.4328979900002,5000.0,8000.0,12000.0
2024-07-21 08:00,577.4708952900004,5000.0,8000.0,12000.0
2024-07-21 09:00,620.1526689600001,5000.0,8000.0,12000.0
2024-07-21 10:00,636.6373078500002,5000.0,8000.0,12000.0
2024-07-21 11:00,648.5053740900001,5000.0,8000.0,12000.0
2024-07-21 12:00,654.3220306200002,5000.0,8000.0,12000.0
2024-07-21 13:00,676.1536175100002,5000.0,8000.0,12000.0
2024-07-21 14:00,623.7208556100002,5000.0,8000.0,12000.0
2024-07-21 15:00,589.02598581,5000.0,8000.0,12000.0
2024-07-21 16:00,604.45435338,5000.0,8000.0,12000.0
2024-07-21 17:00,780.0680977500002,5000.0,8000.0,12000.0
2024-07-21 18:00,967.5581593800006,5000.0,8000.0,12000.0
2024-07-21 19:00,1097.8018059000003,5000.0,8000.0,12000.0
2024-07-21 20:00,905.6504665200005,5000.0,8000.0,12000.0
2024-07-21 21:00,854.2386914100006,5000.0,8000.0,12000.0
2024-07-21 22:00,741.1808086500005,5000.0,8000.0,12000.0
2024-07-21 23:00,543.52001592,5000.0,8000.0,12000.0
2024-07-22 00:00,542.62992144,5000.0,8000.0,12000.0
2024-07-22 01:00,548.6535765900001,5000.0,8000.0,12000.0
2024-07-22 02:00,552.2760483,5000.0,8000.0,12000.0
2024-07-22 03:00,554.71863105,5000.0,8000.0,12000.0
2024-07-22 04:00,555.11192898,5000.0,8000.0,12000.0
2024-07-22 05:00,554.40813312,5000.0,8000.0,12000.0
2024-07-22 06:00,566.3468181000003,5000.0,8000.0,12000.0
2024-07-22 07:00,576.4618882800003,5000.0,8000.0,12000.0
2024-07-22 08:00,583.4323704000003,5000.0,8000.0,12000.0
2024-07-22 09:00,620.1872655600002,5000.0,8000.0,12000.0
2024-07-22 10:00,654.3909602400001,5000.0,8000.0,12000.0
2024-07-22 11:00,646.3800630000002,5000.0,8000.0,12000.0
2024-07-22 12:00,655.9090941000002,5000.0,8000.0,12000.0
2024-07-22 13:00,667.4803858200002,5000.0,8000.0,12000.0
2024-07-22 14:00,641.2674134700003,5000.0,8000.0,12000.0
2024-07-22 15:00,568.13972997,5000.0,8000.0,12000.0
2024-07-22 16:00,587.84608857,5000.0,8000.0,12000.0
2024-07-22 17:00,838.4696473800002,5000.0,8000.0,12000.0
2024-07-22 18:00,906.8658511500005,5000.0,8000.0,12000.0
2024-07-22 19:00,1022.9922039300005,5000.0,8000.0,12000.0
2024-07-22 20:00,843.8885037300005,5000.0,8000.0,12000.0
2024-07-22 21:00,909.6388693800005,5000.0,8000.0,12000.0
2024-07-22 22:00,825.8506575900004,5000.0,8000.0,12000.0
2024-07-22 23:00,543.47861385,5000.0,8000.0,12000.0
2024-07-23 00:00,542.54712282,5000.0,8000.0,12000.0
2024-07-23 01:00,550.20606486,5000.0,8000.0,12000.0
2024-07-23 02:00,552.60724623,5000.0,8000.0,12000.0
2024-07-23 03:00,551.8206503700001,5000.0,8000.0,12000.0
2024-07-23 04:00,554.2425344999999,5000.0,8000.0,12000.0
2024-07-23 05:00,554.4702345000001,5000.0,8000.0,12000.0
2024-07-23 06:00,561.1374050400003,5000.0,8000.0,12000.0
2024-07-23 07:00,573.4189537800002,5000.0,8000.0,12000.0
2024-07-23 08:00,583.2184034700003,5000.0,8000.0,12000.0
2024-07-23 09:00,604.0689345600002,5000.0,8000.0,12000.0
2024-07-23 10:00,632.3318210100002,5000.0,8000.0,12000.0
2024-07-23 11:00,655.0672188900002,5000.0,8000.0,12000.0
2024-07-23 12:00,651.3619651200001,5000.0,8000.0,12000.0
2024-07-23 13:00,683.8056084900002,5000.0,8000.0,12000.0
2024-07-23 14:00,651.8796072600002,5000.0,8000.0,12000.0
2024-07-23 15:00,577.0476065099999,5000.0,8000.0,12000.0
2024-07-23 16:00,560.3703389399999,5000.0,8000.0,12000.0
2024-07-23 17:00,832.3493197800002,5000.0,8000.0,12000.0
2024-07-23 18:00,877.8790801800005,5000.0,8000.0,12000.0
2024-07-23 19:00,948.5899172400005,5000.0,8000.0,12000.0
2024-07-23 20:00,1031.4370966800006,5000.0,8000.0,12000.0
2024-07-23 21:00,839.2104465600006,5000.0,8000.0,12000.0
2024-07-23 22:00,836.3108623200004,5000.0,8000.0,12000.0
2024-07-23 23:00,542.00892489,5000.0,8000.0,12000.0
2024-07-24 00:00,542.7748179900001,5000.0,8000.0,12000.0
2024-07-24 01:00,553.43524002,5000.0,8000.0,12000.0
2024-07-24 02:00,554.98772967,5000.0,8000.0,12000.0
2024-07-24 03:00,553.2489413999999,5000.0,8000.0,12000.0
2024-07-24 04:00,554.5944331200001,5000.0,8000.0,12000.0
2024-07-24 05:00,553.0833427800001,5000.0,8000.0,12000.0
2024-07-24 06:00,568.6927704900003,5000.0,8000.0,12000.0
2024-07-24 07:00,569.7622332300002,5000.0,8000.0,12000.0
2024-07-24 08:00,581.4935352600004,5000.0,8000.0,12000.0
2024-07-24 09:00,605.7594490500002,5000.0,8000.0,12000.0
2024-07-24 10:00,638.4659713800003,5000.0,8000.0,12000.0
2024-07-24 11:00,653.6388699000001,5000.0,8000.0,12000.0
2024-07-24 12:00,640.54269336,5000.0,8000.0,12000.0
2024-07-24 13:00,643.4960168700002,5000.0,8000.0,12000.0
2024-07-24 14:00,649.3059224400002,5000.0,8000.0,12000.0
2024-07-24 15:00,598.76877063,5000.0,8000.0,12000.0
2024-07-24 16:00,586.48679685,5000.0,8000.0,12000.0
2024-07-24 17:00,789.8247253500001,5000.0,8000.0,12000.0
2024-07-24 18:00,950.9499490800006,5000.0,8000.0,12000.0
2024-07-24 19:00,1038.3445431600005,5000.0,8000.0,12000.0
2024-07-24 20:00,1002.6846386700005,5000.0,8000.0,12000.0
2024-07-24 21:00,887.3104190100006,5000.0,8000.0,12000.0
2024-07-24 22:00,717.9900266400005,5000.0,8000.0,12000.0
2024-07-24 23:00,541.57422765,5000.0,8000.0,12000.0
2024-07-25 00:00,539.62844421,5000.0,8000.0,12000.0
2024-07-25 01:00,551.5308565800001,5000.0,8000.0,12000.0
2024-07-25 02:00,554.61513174,5000.0,8000.0,12000.0
2024-07-25 03:00,554.1804351899999,5000.0,8000.0,12000.0
2024-07-25 04:00,554.8635296699999,5000.0,8000.0,12000.0
2024-07-25 05:00,554.80143243,5000.0,8000.0,12000.0
2024-07-25 06:00,565.5670642800002,5000.0,8000.0,12000.0
2024-07-25 07:00,569.4998662500002,5000.0,8000.0,12000.0
2024-07-25 08:00,575.7803649300004,5000.0,8000.0,12000.0
2024-07-25 09:00,601.4815146000002,5000.0,8000.0,12000.0
2024-07-25 10:00,648.0360533400001,5000.0,8000.0,12000.0
2024-07-25 11:00,674.9528215500001,5000.0,8000.0,12000.0
2024-07-25 12:00,632.8078630500003,5000.0,8000.0,12000.0
2024-07-25 13:00,651.1962630000002,5000.0,8000.0,12000.0
2024-07-25 14:00,610.2727397400001,5000.0,8000.0,12000.0
2024-07-25 15:00,633.01339473,5000.0,8000.0,12000.0
2024-07-25 16:00,579.7593078900001,5000.0,8000.0,12000.0
2024-07-25 17:00,785.5881205200002,5000.0,8000.0,12000.0
2024-07-25 18:00,893.6937628800006,5000.0,8000.0,12000.0
2024-07-25 19:00,978.9839887500004,5000.0,8000.0,12000.0
2024-07-25 20:00,939.8536678500004,5000.0,8000.0,12000.0
2024-07-25 21:00,965.3562686400005,5000.0,8000.0,12000.0
2024-07-25 22:00,765.6206535000005,5000.0,8000.0,12000.0
2024-07-25 23:00,543.10601868,5000.0,8000.0,12000.0
2024-07-26 00:00,545.44509936,5000.0,8000.0,12000.0
2024-07-26 01:00,553.14544347,5000.0,8000.0,12000.0
2024-07-26 02:00,552.4623482999999,5000.0,8000.0,12000.0
2024-07-26 03:00,552.9591448499999,5000.0,8000.0,12000.0
2024-07-26 04:00,551.9241524400001,5000.0,8000.0,12000.0
2024-07-26 05:00,553.86993795,5000.0,8000.0,12000.0
2024-07-26 06:00,563.8559243100003,5000.0,8000.0,12000.0
2024-07-26 07:00,570.2589007500003,5000.0,8000.0,12000.0
2024-07-26 08:00,573.2687621700004,5000.0,8000.0,12000.0
2024-07-26 09:00,607.7535559500003,5000.0,8000.0,12000.0
2024-07-26 10:00,649.6507527000001,5000.0,8000.0,12000.0
2024-07-26 11:00,658.7104471800001,5000.0,8000.0,12000.0
2024-07-26 12:00,686.5724912400002,5000.0,8000.0,12000.0
2024-07-26 13:00,639.7491878400001,5000.0,8000.0,12000.0
2024-07-26 14:00,601.2959204700003,5000.0,8000.0,12000.0
2024-07-26 15:00,601.94965545,5000.0,8000.0,12000.0
2024-07-26 16:00,601.4390575199999,5000.0,8000.0,12000.0
2024-07-26 17:00,799.4433053400002,5000.0,8000.0,12000.0
2024-07-26 18:00,984.2629545000005,5000.0,8000.0,12000.0
2024-07-26 19:00,947.3889425700004,5000.0,8000.0,12000.0
2024-07-26 20:00,830.7439250700006,5000.0,8000.0,12000.0
2024-07-26 21:00,953.2743900300005,5000.0,8000.0,12000.0
2024-07-26 22:00,842.7970513800005,5000.0,8000.0,12000.0
2024-07-26 23:00,543.8098131600001,5000.0,8000.0,12000.0
2024-07-27 00:00,543.64421385,5000.0,8000.0,12000.0
2024-07-27 01:00,550.04046555,5000.0,8000.0,12000.0
2024-07-27 02:00,553.0833434699999,5000.0,8000.0,12000.0
2024-07-27 03:00,553.4973420900001,5000.0,8000.0,12000.0
2024-07-27 04:00,551.73785313,5000.0,8000.0,12000.0
2024-07-27 05:00,554.53233243,5000.0,8000.0,12000.0
2024-07-27 06:00,563.9318291400002,5000.0,8000.0,12000.0
2024-07-27 07:00,570.0381228300001,5000.0,8000.0,12000.0
2024-07-27 08:00,577.9745345700004,5000.0,8000.0,12000.0
2024-07-27 09:00,613.1147400300001,5000.0,8000.0,12000.0
2024-07-27 10:00,686.3861512200001,5000.0,8000.0,12000.0
2024-07-27 11:00,676.4019595500001,5000.0,8000.0,12000.0
2024-07-27 12:00,670.7508374700002,5000.0,8000.0,12000.0
2024-07-27 13:00,649.9542774900002,5000.0,8000.0,12000.0
2024-07-27 14:00,626.3428500900003,5000.0,8000.0,12000.0
2024-07-27 15:00,563.38563411,5000.0,8000.0,12000.0
2024-07-27 16:00,581.44290444,5000.0,8000.0,12000.0
2024-07-27 17:00,829.5065611800002,5000.0,8000.0,12000.0
2024-07-27 18:00,991.2735815100006,5000.0,8000.0,12000.0
2024-07-27 19:00,948.0377619900006,5000.0,8000.0,12000.0
2024-07-27 20:00,897.6186284700005,5000.0,8000.0,12000.0
2024-07-27 21:00,855.3978003300005,5000.0,8000.0,12000.0
2024-07-27 22:00,791.5991231400004,5000.0,8000.0,12000.0
2024-07-27 23:00,543.23021592,5000.0,8000.0,12000.0
2024-07-28 00:00,542.8369186799999,5000.0,8000.0,12000.0
2024-07-28 01:00,548.69497521,5000.0,8000.0,12000.0
2024-07-28 02:00,552.69004623,5000.0,8000.0,12000.0
2024-07-28 03:00,551.94485037,5000.0,8000.0,12000.0
2024-07-28 04:00,554.47023174,5000.0,8000.0,12000.0
2024-07-28 05:00,554.3667324300001,5000.0,8000.0,12000.0
2024-07-28 06:00,565.5187842900002,5000.0,8000.0,12000.0
2024-07-28 07:00,576.7240558500002,5000.0,8000.0,12000.0
2024-07-28 08:00,597.8118510300004,5000.0,8000.0,12000.0
2024-07-28 09:00,611.8520503800003,5000.0,8000.0,12000.0
2024-07-28 10:00,644.8415775900002,5000.0,8000.0,12000.0
2024-07-28 11:00,647.2220286000003,5000.0,8000.0,12000.0
2024-07-28 12:00,637.9346479200001,5000.0,8000.0,12000.0
2024-07-28 13:00,639.8114223900003,5000.0,8000.0,12000.0
2024-07-28 14:00,598.1219798100003,5000.0,8000.0,12000.0
2024-07-28 15:00,581.95349202,5000.0,8000.0,12000.0
2024-07-28 16:00,574.1634168599999,5000.0,8000.0,12000.0
2024-07-28 17:00,830.8796598000002,5000.0,8000.0,12000.0
2024-07-28 18:00,910.0951291200005,5000.0,8000.0,12000.0
2024-07-28 19:00,936.7352756400004,5000.0,8000.0,12000.0
2024-07-28 20:00,898.8189980100007,5000.0,8000.0,12000.0
2024-07-28 21:00,973.9604899800005,5000.0,8000.0,12000.0
2024-07-28 22:00,842.2450293000005,5000.0,8000.0,12000.0
2024-07-28 23:00,542.56782075,5000.0,8000.0,12000.0
2024-07-29 00:00,541.0981338600001,5000.0,8000.0,12000.0
2024-07-29 01:00,550.82705934,5000.0,8000.0,12000.0
2024-07-29 02:00,552.1518483,5000.0,8000.0,12000.0
2024-07-29 03:00,553.16614209,5000.0,8000.0,12000.0
2024-07-29 04:00,554.36673519,5000.0,8000.0,12000.0
2024-07-29 05:00,554.80143105,5000.0,8000.0,12000.0
2024-07-29 06:00,563.9111567400003,5000.0,8000.0,12000.0
2024-07-29 07:00,570.1485090300001,5000.0,8000.0,12000.0
2024-07-29 08:00,577.4087642400004,5000.0,8000.0,12000.0
2024-07-29 09:00,616.7234076000002,5000.0,8000.0,12000.0
2024-07-29 10:00,658.5171995700001,5000.0,8000.0,12000.0
2024-07-29 11:00,641.9365333800001,5000.0,8000.0,12000.0
2024-07-29 12:00,667.3007422500001,5000.0,8000.0,12000.0
2024-07-29 13:00,662.4293712300001,5000.0,8000.0,12000.0
2024-07-29 14:00,633.9396755700002,5000.0,8000.0,12000.0
2024-07-29 15:00,567.60151617,5000.0,8000.0,12000.0
2024-07-29 16:00,598.89296511,5000.0,8000.0,12000.0
2024-07-29 17:00,799.7537922300002,5000.0,8000.0,12000.0
2024-07-29 18:00,842.7304436100004,5000.0,8000.0,12000.0
2024-07-29 19:00,1046.7834294600004,5000.0,8000.0,12000.0
2024-07-29 20:00,968.5921464600007,5000.0,8000.0,12000.0
2024-07-29 21:00,882.5701583400005,5000.0,8000.0,12000.0
2024-07-29 22:00,807.5725734600005,5000.0,8000.0,12000.0
2024-07-29 23:00,541.45002972,5000.0,8000.0,12000.0
2024-07-30 00:00,540.70483455,5000.0,8000.0,12000.0
2024-07-30 01:00,548.7984759,5000.0,8000.0,12000.0
2024-07-30 02:00,552.3588483,5000.0,8000.0,12000.0
2024-07-30 03:00,553.4145414,5000.0,8000.0,12000.0
2024-07-30 04:00,555.09122898,5000.0,8000.0,12000.0
2024-07-30 05:00,555.48452553,5000.0,8000.0,12000.0
2024-07-30 06:00,562.0343739900003,5000.0,8000.0,12000.0
2024-07-30 07:00,567.3885518100002,5000.0,8000.0,12000.0
2024-07-30 08:00,579.5063842500005,5000.0,8000.0,12000.0
2024-07-30 09:00,612.1971324900003,5000.0,8000.0,12000.0
2024-07-30 10:00,654.5220712800001,5000.0,8000.0,12000.0
2024-07-30 11:00,666.3625389000002,5000.0,8000.0,12000.0
2024-07-30 12:00,640.7153631000002,5000.0,8000.0,12000.0
2024-07-30 13:00,621.8508348600002,5000.0,8000.0,12000.0
2024-07-30 14:00,637.3966480200002,5000.0,8000.0,12000.0
2024-07-30 15:00,598.0511588999999,5000.0,8000.0,12000.0
2024-07-30 16:00,588.82587408,5000.0,8000.0,12000.0
2024-07-30 17:00,856.9133197800003,5000.0,8000.0,12000.0
2024-07-30 18:00,916.1325780600005,5000.0,8000.0,12000.0
2024-07-30 19:00,900.6551915100006,5000.0,8000.0,12000.0
2024-07-30 20:00,972.7594056000005,5000.0,8000.0,12000.0
2024-07-30 21:00,944.6284595700006,5000.0,8000.0,12000.0
2024-07-30 22:00,783.6984961800005,5000.0,8000.0,12000.0
2024-07-30 23:00,541.78122696,5000.0,8000.0,12000.0
2024-07-31 00:00,544.12030902,5000.0,8000.0,12000.0
2024-07-31 01:00,552.4002469200001,5000.0,8000.0,12000.0
2024-07-31 02:00,552.93844347,5000.0,8000.0,12000.0
2024-07-31 03:00,552.54514692,5000.0,8000.0,12000.0
2024-07-31 04:00,554.57373105,5000.0,8000.0,12000.0
2024-07-31 05:00,553.37314071,5000.0,8000.0,12000.0
2024-07-31 06:00,561.6204188400003,5000.0,8000.0,12000.0
2024-07-31 07:00,570.6039531900002,5000.0,8000.0,12000.0
2024-07-31 08:00,582.7631131800003,5000.0,8000.0,12000.0
2024-07-31 09:00,594.4918159800003,5000.0,8000.0,12000.0
2024-07-31 10:00,617.4554575800001,5000.0,8000.0,12000.0
2024-07-31 11:00,692.4927630000002,5000.0,8000.0,12000.0
2024-07-31 12:00,656.4196126800001,5000.0,8000.0,12000.0
2024-07-31 13:00,669.8882367300001,5000.0,8000.0,12000.0
2024-07-31 14:00,652.5627314100002,5000.0,8000.0,12000.0
2024-07-31 15:00,601.45286097,5000.0,8000.0,12000.0
2024-07-31 16:00,574.2600140999999,5000.0,8000.0,12000.0
2024-07-31 17:00,780.7305439800002,5000.0,8000.0,12000.0
2024-07-31 18:00,941.0483007300005,5000.0,8000.0,12000.0
2024-07-31 19:00,997.1034363600005,5000.0,8000.0,12000.0
2024-07-31 20:00,926.9643912600005,5000.0,8000.0,12000.0
2024-07-31 21:00,905.9678817000006,5000.0,8000.0,12000.0
2024-07-31 22:00,777.4126886400004,5000.0,8000.0,12000.0
2024-07-31 23:00,542.00892558,5000.0,8000.0,12000.0
2024-08-01 00:00,543.2095159200001,5000.0,8000.0,12000.0
2024-08-01 01:00,550.12326486,5000.0,8000.0,12000.0
2024-08-01 02:00,550.7856607199999,5000.0,8000.0,12000.0
2024-08-01 03:00,554.2839345,5000.0,8000.0,12000.0
2024-08-01 04:00,552.17255106,5000.0,8000.0,12000.0
2024-08-01 05:00,555.50522484,5000.0,8000.0,12000.0
2024-08-01 06:00,566.0984063700002,5000.0,8000.0,12000.0
2024-08-01 07:00,568.7064352500003,5000.0,8000.0,12000.0
2024-08-01 08:00,574.1243925300004,5000.0,8000.0,12000.0
2024-08-01 09:00,611.5967752200002,5000.0,8000.0,12000.0
2024-08-01 10:00,647.8498816800002,5000.0,8000.0,12000.0
2024-08-01 11:00,696.9154608300001,5000.0,8000.0,12000.0
2024-08-01 12:00,646.2075078000001,5000.0,8000.0,12000.0
2024-08-01 13:00,657.3718499400002,5000.0,8000.0,12000.0
2024-08-01 14:00,631.9938990300002,5000.0,8000.0,12000.0
2024-08-01 15:00,577.4892065099999,5000.0,8000.0,12000.0
2024-08-01 16:00,582.02250099,5000.0,8000.0,12000.0
2024-08-01 17:00,873.0730928633335,5000.0,8000.0,12000.0
2024-08-01 18:00,915.0353704200005,5000.0,8000.0,12000.0
2024-08-01 19:00,1053.0555011700005,5000.0,8000.0,12000.0
2024-08-01 20:00,863.0430375900006,5000.0,8000.0,12000.0
2024-08-01 21:00,876.1047651900005,5000.0,8000.0,12000.0
2024-08-01 22:00,754.3943293500005,5000.0,8000.0,12000.0
2024-08-01 23:00,545.52789936,5000.0,8000.0,12000.0
2024-08-02 00:00,542.13312282,5000.0,8000.0,12000.0
2024-08-02 01:00,551.05475658,5000.0,8000.0,12000.0
2024-08-02 02:00,553.1454427799999,5000.0,8000.0,12000.0
2024-08-02 03:00,554.65653036,5000.0,8000.0,12000.0
2024-08-02 04:00,552.79354554,5000.0,8000.0,12000.0
2024-08-02 05:00,553.2489413999999,5000.0,8000.0,12000.0
2024-08-02 06:00,566.9608691100002,5000.0,8000.0,12000.0
2024-08-02 07:00,567.4713531900002,5000.0,8000.0,12000.0
2024-08-02 08:00,584.3017096800003,5000.0,8000.0,12000.0
2024-08-02 09:00,615.2743944900002,5000.0,8000.0,12000.0
2024-08-02 10:00,648.1189313100002,5000.0,8000.0,12000.0
2024-08-02 11:00,678.1201375200002,5000.0,8000.0,12000.0
2024-08-02 12:00,633.6910140600002,5000.0,8000.0,12000.0
2024-08-02 13:00,655.3086988800002,5000.0,8000.0,12000.0
2024-08-02 14:00,644.4484011000002,5000.0,8000.0,12000.0
2024-08-02 15:00,577.8618044399999,5000.0,8000.0,12000.0
2024-08-02 16:00,573.7839120299999,5000.0,8000.0,12000.0
2024-08-02 17:00,773.2854294900003,5000.0,8000.0,12000.0
2024-08-02 18:00,918.1060187700004,5000.0,8000.0,12000.0
2024-08-02 19:00,926.5096660800006,5000.0,8000.0,12000.0
2024-08-02 20:00,866.6861720400007,5000.0,8000.0,12000.0
2024-08-02 21:00,954.7162547400005,5000.0,8000.0,12000.0
2024-08-02 22:00,884.3349292500004,5000.0,8000.0,12000.0
2024-08-02 23:00,541.67772834,5000.0,8000.0,12000.0
2024-08-03 00:00,542.1538228200001,5000.0,8000.0,12000.0
2024-08-03 01:00,550.6200621,5000.0,8000.0,12000.0
2024-08-03 02:00,551.9862524399999,5000.0,8000.0,12000.0
2024-08-03 03:00,552.46234761,5000.0,8000.0,12000.0
2024-08-03 04:00,555.2154276,5000.0,8000.0,12000.0
2024-08-03 05:00,554.2632351899999,5000.0,8000.0,12000.0
2024-08-03 06:00,563.0210733000002,5000.0,8000.0,12000.0
2024-08-03 07:00,570.2173924200001,5000.0,8000.0,12000.0
2024-08-03 08:00,574.0829276700003,5000.0,8000.0,12000.0
2024-08-03 09:00,614.1083579700003,5000.0,8000.0,12000.0
2024-08-03 10:00,622.4304390000002,5000.0,8000.0,12000.0
2024-08-03 11:00,688.5735319500002,5000.0,8000.0,12000.0
2024-08-03 12:00,646.7043064200002,5000.0,8000.0,12000.0
2024-08-03 13:00,633.3874961700002,5000.0,8000.0,12000.0
2024-08-03 14:00,624.2590245600003,5000.0,8000.0,12000.0
2024-08-03 15:00,594.9185727,5000.0,8000.0,12000.0
2024-08-03 16:00,563.2131306599999,5000.0,8000.0,12000.0
2024-08-03 17:00,823.8899611800002,5000.0,8000.0,12000.0
2024-08-03 18:00,1048.5433986600005,5000.0,8000.0,12000.0
2024-08-03 19:00,1010.4271742100007,5000.0,8000.0,12000.0
2024-08-03 20:00,868.7285927400005,5000.0,8000.0,12000.0
2024-08-03 21:00,835.9260306900004,5000.0,8000.0,12000.0
2024-08-03 22:00,822.2971796700004,5000.0,8000.0,12000.0
2024-08-03 23:00,541.61562627,5000.0,8000.0,12000.0
2024-08-04 00:00,542.98181799,5000.0,8000.0,12000.0
2024-08-04 01:00,552.06905037,5000.0,8000.0,12000.0
2024-08-04 02:00,552.83494554,5000.0,8000.0,12000.0
2024-08-04 03:00,552.93844416,5000.0,8000.0,12000.0
2024-08-04 04:00,554.38743312,5000.0,8000.0,12000.0
2024-08-04 05:00,553.47663933,5000.0,8000.0,12000.0
2024-08-04 06:00,564.9047712300003,5000.0,8000.0,12000.0
2024-08-04 07:00,573.9711366300002,5000.0,8000.0,12000.0
2024-08-04 08:00,578.4644980500003,5000.0,8000.0,12000.0
2024-08-04 09:00,601.4677353000003,5000.0,8000.0,12000.0
2024-08-04 10:00,649.5679527000001,5000.0,8000.0,12000.0
2024-08-04 11:00,656.1987388500002,5000.0,8000.0,12000.0
2024-08-04 12:00,679.0307974500003,5000.0,8000.0,12000.0
2024-08-04 13:00,648.0501114000002,5000.0,8000.0,12000.0
2024-08-04 14:00,637.0862004600002,5000.0,8000.0,12000.0
2024-08-04 15:00,581.5119092699999,5000.0,8000.0,12000.0
2024-08-04 16:00,565.73852859,5000.0,8000.0,12000.0
2024-08-04 17:00,804.3008805000003,5000.0,8000.0,12000.0
2024-08-04 18:00,974.3890179300004,5000.0,8000.0,12000.0
2024-08-04 19:00,932.2019770200005,5000.0,8000.0,12000.0
2024-08-04 20:00,892.9059284700005,5000.0,8000.0,12000.0
2024-08-04 21:00,947.7334561200006,5000.0,8000.0,12000.0
2024-08-04 22:00,800.1343727700004,5000.0,8000.0,12000.0
2024-08-04 23:00,542.65062075,5000.0,8000.0,12000.0
2024-08-05 00:00,542.69202075,5000.0,8000.0,12000.0
2024-08-05 01:00,551.2203558900001,5000.0,8000.0,12000.0
2024-08-05 02:00,552.7728455399999,5000.0,8000.0,12000.0
2024-08-05 03:00,551.8413531299999,5000.0,8000.0,12000.0
2024-08-05 04:00,554.0769365699999,5000.0,8000.0,12000.0
2024-08-05 05:00,554.59443174,5000.0,8000.0,12000.0
2024-08-05 06:00,560.8338692100003,5000.0,8000.0,12000.0
2024-08-05 07:00,570.7143117900001,5000.0,8000.0,12000.0
2024-08-05 08:00,586.1647676400004,5000.0,8000.0,12000.0
2024-08-05 09:00,627.2458627500002,5000.0,8000.0,12000.0
2024-08-05 10:00,662.2569685200002,5000.0,8000.0,12000.0
2024-08-05 11:00,661.6222437300002,5000.0,8000.0,12000.0
2024-08-05 12:00,646.71132234,5000.0,8000.0,12000.0
2024-08-05 13:00,627.2948796600001,5000.0,8000.0,12000.0
2024-08-05 14:00,658.0826920800002,5000.0,8000.0,12000.0
2024-08-05 15:00,585.78299133,5000.0,8000.0,12000.0
2024-08-05 16:00,579.57989547,5000.0,8000.0,12000.0
2024-08-05 17:00,741.2004750300002,5000.0,8000.0,12000.0
2024-08-05 18:00,934.0586787000005,5000.0,8000.0,12000.0
2024-08-05 19:00,1100.7138715500005,5000.0,8000.0,12000.0
2024-08-05 20:00,897.5497602600005,5000.0,8000.0,12000.0
2024-08-05 21:00,859.0823409900004,5000.0,8000.0,12000.0
2024-08-05 22:00,807.4206692700004,5000.0,8000.0,12000.0
2024-08-05 23:00,542.65062006,5000.0,8000.0,12000.0
2024-08-06 00:00,542.17452558,5000.0,8000.0,12000.0
2024-08-06 01:00,552.3381483,5000.0,8000.0,12000.0
2024-08-06 02:00,553.8699358800001,5000.0,8000.0,12000.0
2024-08-06 03:00,553.41454071,5000.0,8000.0,12000.0
2024-08-06 04:00,555.23612622,5000.0,8000.0,12000.0
2024-08-06 05:00,554.32533312,5000.0,8000.0,12000.0
2024-08-06 06:00,568.1407097700002,5000.0,8000.0,12000.0
2024-08-06 07:00,568.4029442700001,5000.0,8000.0,12000.0
2024-08-06 08:00,586.5442579800003,5000.0,8000.0,12000.0
2024-08-06 09:00,609.8856166200002,5000.0,8000.0,12000.0
2024-08-06 10:00,636.8167996200002,5000.0,8000.0,12000.0
2024-08-06 11:00,655.0740485100001,5000.0,8000.0,12000.0
2024-08-06 12:00,640.6462830600002,5000.0,8000.0,12000.0
2024-08-06 13:00,651.7552906500002,5000.0,8000.0,12000.0
2024-08-06 14:00,657.9654948900003,5000.0,8000.0,12000.0
2024-08-06 15:00,576.9234065099998,5000.0,8000.0,12000.0
2024-08-06 16:00,563.82724101,5000.0,8000.0,12000.0
2024-08-06 17:00,741.9456605400003,5000.0,8000.0,12000.0
2024-08-06 18:00,980.8060627800005,5000.0,8000.0,12000.0
2024-08-06 19:00,993.7636369500004,5000.0,8000.0,12000.0
2024-08-06 20:00,959.2840630200005,5000.0,8000.0,12000.0
2024-08-06 21:00,854.1007383300005,5000.0,8000.0,12000.0
2024-08-06 22:00,837.4494568500005,5000.0,8000.0,12000.0
2024-08-06 23:00,539.98034283,5000.0,8000.0,12000.0
2024-08-07 00:00,544.20310902,5000.0,8000.0,12000.0
2024-08-07 01:00,552.6900469200001,5000.0,8000.0,12000.0
2024-08-07 02:00,551.84135106,5000.0,8000.0,12000.0
2024-08-07 03:00,554.3874345,5000.0,8000.0,12000.0
2024-08-07 04:00,554.05623519,5000.0,8000.0,12000.0
2024-08-07 05:00,554.15973519,5000.0,8000.0,12000.0
2024-08-07 06:00,561.4272788700002,5000.0,8000.0,12000.0
2024-08-07 07:00,576.0616834500001,5000.0,8000.0,12000.0
2024-08-07 08:00,578.8024448700004,5000.0,8000.0,12000.0
2024-08-07 09:00,613.3631993700002,5000.0,8000.0,12000.0
2024-08-07 10:00,665.0582802000001,5000.0,8000.0,12000.0
2024-08-07 11:00,663.7196567400002,5000.0,8000.0,12000.0
2024-08-07 12:00,634.5604885800002,5000.0,8000.0,12000.0
2024-08-07 13:00,622.7064914400001,5000.0,8000.0,12000.0
2024-08-07 14:00,621.2368790700002,5000.0,8000.0,12000.0
2024-08-07 15:00,617.21932854,5000.0,8000.0,12000.0
2024-08-07 16:00,593.42127339,5000.0,8000.0,12000.0
2024-08-07 17:00,806.5916673900002,5000.0,8000.0,12000.0
2024-08-07 18:00,873.3665967900004,5000.0,8000.0,12000.0
2024-08-07 19:00,994.3573329600005,5000.0,8000.0,12000.0
2024-08-07 20:00,972.0420595200005,5000.0,8000.0,12000.0
2024-08-07 21:00,925.5705698700004,5000.0,8000.0,12000.0
2024-08-07 22:00,785.4234982500004,5000.0,8000.0,12000.0
2024-08-07 23:00,542.2366228200001,5000.0,8000.0,12000.0
2024-08-08 00:00,545.69349729,5000.0,8000.0,12000.0
2024-08-08 01:00,550.76496003,5000.0,8000.0,12000.0
2024-08-08 02:00,551.55155382,5000.0,8000.0,12000.0
2024-08-08 03:00,551.3238552,5000.0,8000.0,12000.0
2024-08-08 04:00,552.89704278,5000.0,8000.0,12000.0
2024-08-08 05:00,553.49734071,5000.0,8000.0,12000.0
2024-08-08 06:00,561.4479140100003,5000.0,8000.0,12000.0
2024-08-08 07:00,572.7014034600002,5000.0,8000.0,12000.0
2024-08-08 08:00,592.3676654700004,5000.0,8000.0,12000.0
2024-08-08 09:00,616.7027034600002,5000.0,8000.0,12000.0
2024-08-08 10:00,637.0651823700002,5000.0,8000.0,12000.0
2024-08-08 11:00,683.1571002600001,5000.0,8000.0,12000.0
2024-08-08 12:00,699.4408546200001,5000.0,8000.0,12000.0
2024-08-08 13:00,641.3224209600002,5000.0,8000.0,12000.0
2024-08-08 14:00,611.0869625100003,5000.0,8000.0,12000.0
2024-08-08 15:00,570.5823175499999,5000.0,8000.0,12000.0
2024-08-08 16:00,593.6903727,5000.0,8000.0,12000.0
2024-08-08 17:00,938.6368190266669,5000.0,8000.0,12000.0
2024-08-08 18:00,892.9141732800005,5000.0,8000.0,12000.0
2024-08-08 19:00,839.9078854500004,5000.0,8000.0,12000.0
2024-08-08 20:00,913.2128299500005,5000.0,8000.0,12000.0
2024-08-08 21:00,902.2627721400005,5000.0,8000.0,12000.0
2024-08-08 22:00,819.3508134300005,5000.0,8000.0,12000.0
2024-08-08 23:00,542.19522351,5000.0,8000.0,12000.0
2024-08-09 00:00,543.10601799,5000.0,8000.0,12000.0
2024-08-09 01:00,549.0468710700001,5000.0,8000.0,12000.0
2024-08-09 02:00,551.55155382,5000.0,8000.0,12000.0
2024-08-09 03:00,554.8014303599999,5000.0,8000.0,12000.0
2024-08-09 04:00,555.0912276,5000.0,8000.0,12000.0
2024-08-09 05:00,555.33962622,5000.0,8000.0,12000.0
2024-08-09 06:00,565.3393856700003,5000.0,8000.0,12000.0
2024-08-09 07:00,573.9778613700001,5000.0,8000.0,12000.0
2024-08-09 08:00,582.3629442300004,5000.0,8000.0,12000.0
2024-08-09 09:00,622.6919165700002,5000.0,8000.0,12000.0
2024-08-09 10:00,662.6296002600001,5000.0,8000.0,12000.0
2024-08-09 11:00,665.0516493000001,5000.0,8000.0,12000.0
2024-08-09 12:00,655.5778133700002,5000.0,8000.0,12000.0
2024-08-09 13:00,654.1011871500001,5000.0,8000.0,12000.0
2024-08-09 14:00,603.2692949400002,5000.0,8000.0,12000.0
2024-08-09 15:00,585.8381934,5000.0,8000.0,12000.0
2024-08-09 16:00,579.61440237,5000.0,8000.0,12000.0
2024-08-09 17:00,854.1878163300003,5000.0,8000.0,12000.0
2024-08-09 18:00,975.8726862900005,5000.0,8000.0,12000.0
2024-08-09 19:00,987.2708432100005,5000.0,8000.0,12000.0
2024-08-09 20:00,889.8493733700004,5000.0,8000.0,12000.0
2024-08-09 21:00,878.5474231500006,5000.0,8000.0,12000.0
2024-08-09 22:00,773.0657328000004,5000.0,8000.0,12000.0
2024-08-09 23:00,543.33371316,5000.0,8000.0,12000.0
2024-08-10 00:00,545.27950074,5000.0,8000.0,12000.0
2024-08-10 01:00,549.87486555,5000.0,8000.0,12000.0
2024-08-10 02:00,553.70433726,5000.0,8000.0,12000.0
2024-08-10 03:00,553.3317427799999,5000.0,8000.0,12000.0
2024-08-10 04:00,554.07693726,5000.0,8000.0,12000.0
2024-08-10 05:00,553.89063726,5000.0,8000.0,12000.0
2024-08-10 06:00,564.6563436300003,5000.0,8000.0,12000.0
2024-08-10 07:00,574.7161903500001,5000.0,8000.0,12000.0
2024-08-10 08:00,581.1277317600003,5000.0,8000.0,12000.0
2024-08-10 09:00,612.6179365800002,5000.0,8000.0,12000.0
2024-08-10 10:00,669.9504588600001,5000.0,8000.0,12000.0
2024-08-10 11:00,646.3939554600001,5000.0,8000.0,12000.0
2024-08-10 12:00,649.4575623600001,5000.0,8000.0,12000.0
2024-08-10 13:00,654.6532375200002,5000.0,8000.0,12000.0
2024-08-10 14:00,644.3656776900003,5000.0,8000.0,12000.0
2024-08-10 15:00,571.38961548,5000.0,8000.0,12000.0
2024-08-10 16:00,567.2565223799999,5000.0,8000.0,12000.0
2024-08-10 17:00,756.0699605400002,5000.0,8000.0,12000.0
2024-08-10 18:00,974.1615532200004,5000.0,8000.0,12000.0
2024-08-10 19:00,934.1479743600005,5000.0,8000.0,12000.0
2024-08-10 20:00,966.8393877600005,5000.0,8000.0,12000.0
2024-08-10 21:00,854.7078037800004,5000.0,8000.0,12000.0
2024-08-10 22:00,865.8499189500004,5000.0,8000.0,12000.0
2024-08-10 23:00,543.56141247,5000.0,8000.0,12000.0
2024-08-11 00:00,543.04391937,5000.0,8000.0,12000.0
2024-08-11 01:00,551.94485106,5000.0,8000.0,12000.0
2024-08-11 02:00,552.2139496799999,5000.0,8000.0,12000.0
2024-08-11 03:00,553.2696414,5000.0,8000.0,12000.0
2024-08-11 04:00,552.5244469200001,5000.0,8000.0,12000.0
2024-08-11 05:00,554.88422898,5000.0,8000.0,12000.0
2024-08-11 06:00,569.4448359900002,5000.0,8000.0,12000.0
2024-08-11 07:00,575.4821731500002,5000.0,8000.0,12000.0
2024-08-11 08:00,593.9890881900004,5000.0,8000.0,12000.0
2024-08-11 09:00,604.7037801000002,5000.0,8000.0,12000.0
2024-08-11 10:00,619.3944017400003,5000.0,8000.0,12000.0
2024-08-11 11:00,655.6192865100002,5000.0,8000.0,12000.0
2024-08-11 12:00,667.4181250500002,5000.0,8000.0,12000.0
2024-08-11 13:00,659.6073333300002,5000.0,8000.0,12000.0
2024-08-11 14:00,619.2564258900002,5000.0,8000.0,12000.0
2024-08-11 15:00,591.31677063,5000.0,8000.0,12000.0
2024-08-11 16:00,600.70765407,5000.0,8000.0,12000.0
2024-08-11 17:00,873.5836935600003,5000.0,8000.0,12000.0
2024-08-11 18:00,924.0606166500004,5000.0,8000.0,12000.0
2024-08-11 19:00,972.1049136900004,5000.0,8000.0,12000.0
2024-08-11 20:00,867.2313369000005,5000.0,8000.0,12000.0
2024-08-11 21:00,970.4898493200005,5000.0,8000.0,12000.0
2024-08-11 22:00,755.1809134800004,5000.0,8000.0,12000.0
2024-08-11 23:00,541.7812283400001,5000.0,8000.0,12000.0
2024-08-12 00:00,540.33223869,5000.0,8000.0,12000.0
2024-08-12 01:00,550.5165627900001,5000.0,8000.0,12000.0
2024-08-12 02:00,552.6279483,5000.0,8000.0,12000.0
2024-08-12 03:00,553.02124416,5000.0,8000.0,12000.0
2024-08-12 04:00,552.5658483000001,5000.0,8000.0,12000.0
2024-08-12 05:00,553.53874209,5000.0,8000.0,12000.0
2024-08-12 06:00,562.8141464400003,5000.0,8000.0,12000.0
2024-08-12 07:00,576.0273035100003,5000.0,8000.0,12000.0
2024-08-12 08:00,573.4344111600004,5000.0,8000.0,12000.0
2024-08-12 09:00,600.2601676800002,5000.0,8000.0,12000.0
2024-08-12 10:00,657.6891678300002,5000.0,8000.0,12000.0
2024-08-12 11:00,630.4272954300002,5000.0,8000.0,12000.0
2024-08-12 12:00,633.8014678800002,5000.0,8000.0,12000.0
2024-08-12 13:00,663.3610168200001,5000.0,8000.0,12000.0
2024-08-12 14:00,598.8395777400002,5000.0,8000.0,12000.0
2024-08-12 15:00,596.40206787,5000.0,8000.0,12000.0
2024-08-12 16:00,581.1875913299999,5000.0,8000.0,12000.0
2024-08-12 17:00,956.4594631500003,5000.0,8000.0,12000.0
2024-08-12 18:00,954.4963089600005,5000.0,8000.0,12000.0
2024-08-12 19:00,955.2547997400004,5000.0,8000.0,12000.0
2024-08-12 20:00,946.1531953500005,5000.0,8000.0,12000.0
2024-08-12 21:00,900.3721079700006,5000.0,8000.0,12000.0
2024-08-12 22:00,732.9905355600005,5000.0,8000.0,12000.0
2024-08-12 23:00,537.74475525,5000.0,8000.0,12000.0
2024-08-13 00:00,542.2159242,5000.0,8000.0,12000.0
2024-08-13 01:00,550.0818655500001,5000.0,8000.0,12000.0
2024-08-13 02:00,552.91774416,5000.0,8000.0,12000.0
2024-08-13 03:00,552.81424554,5000.0,8000.0,12000.0
2024-08-13 04:00,554.42883312,5000.0,8000.0,12000.0
2024-08-13 05:00,553.2075427799999,5000.0,8000.0,12000.0
2024-08-13 06:00,567.2092780800002,5000.0,8000.0,12000.0
2024-08-13 07:00,572.4737759100002,5000.0,8000.0,12000.0
2024-08-13 08:00,578.9335683300003,5000.0,8000.0,12000.0
2024-08-13 09:00,606.3321649200002,5000.0,8000.0,12000.0
2024-08-13 10:00,655.8743312100002,5000.0,8000.0,12000.0
2024-08-13 11:00,703.2151525500001,5000.0,8000.0,12000.0
2024-08-13 12:00,637.0169175600001,5000.0,8000.0,12000.0
2024-08-13 13:00,610.0034838000003,5000.0,8000.0,12000.0
2024-08-13 14:00,628.1437100700002,5000.0,8000.0,12000.0
2024-08-13 15:00,591.60656856,5000.0,8000.0,12000.0
2024-08-13 16:00,603.92995476,5000.0,8000.0,12000.0
2024-08-13 17:00,818.5424715300002,5000.0,8000.0,12000.0
2024-08-13 18:00,949.7011525800006,5000.0,8000.0,12000.0
2024-08-13 19:00,989.3273254200005,5000.0,8000.0,12000.0
2024-08-13 20:00,944.1178754400006,5000.0,8000.0,12000.0
2024-08-13 21:00,832.5657507000006,5000.0,8000.0,12000.0
2024-08-13 22:00,816.8322126900005,5000.0,8000.0,12000.0
2024-08-13 23:00,543.2716145400001,5000.0,8000.0,12000.0
2024-08-14 00:00,544.0582104,5000.0,8000.0,12000.0
2024-08-14 01:00,550.59936348,5000.0,8000.0,12000.0
2024-08-14 02:00,553.00054347,5000.0,8000.0,12000.0
2024-08-14 03:00,553.76643795,5000.0,8000.0,12000.0
2024-08-14 04:00,554.6358303599999,5000.0,8000.0,12000.0
2024-08-14 05:00,555.00842967,5000.0,8000.0,12000.0
2024-08-14 06:00,567.5887601400003,5000.0,8000.0,12000.0
2024-08-14 07:00,575.5994200200003,5000.0,8000.0,12000.0
2024-08-14 08:00,575.1938801100005,5000.0,8000.0,12000.0
2024-08-14 09:00,606.3666663000002,5000.0,8000.0,12000.0
2024-08-14 10:00,632.4766809900001,5000.0,8000.0,12000.0
2024-08-14 11:00,674.8493153400001,5000.0,8000.0,12000.0
2024-08-14 12:00,672.3515753700001,5000.0,8000.0,12000.0
2024-08-14 13:00,648.2500140600002,5000.0,8000.0,12000.0
2024-08-14 14:00,631.8422025300002,5000.0,8000.0,12000.0
2024-08-14 15:00,584.81700168,5000.0,8000.0,12000.0
2024-08-14 16:00,629.3632968000001,5000.0,8000.0,12000.0
2024-08-14 17:00,901.0801535466669,5000.0,8000.0,12000.0
2024-08-14 18:00,875.1950264100007,5000.0,8000.0,12000.0
2024-08-14 19:00,841.3362813600005,5000.0,8000.0,12000.0
2024-08-14 20:00,939.7983581400006,5000.0,8000.0,12000.0
2024-08-14 21:00,885.4887962400006,5000.0,8000.0,12000.0
2024-08-14 22:00,880.0017078600005,5000.0,8000.0,12000.0
2024-08-14 23:00,543.93401178,5000.0,8000.0,12000.0
2024-08-15 00:00,542.5678186800001,5000.0,8000.0,12000.0
2024-08-15 01:00,551.84135175,5000.0,8000.0,12000.0
2024-08-15 02:00,551.6136538200001,5000.0,8000.0,12000.0
2024-08-15 03:00,553.86993864,5000.0,8000.0,12000.0
2024-08-15 04:00,554.22183519,5000.0,8000.0,12000.0
2024-08-15 05:00,554.01483588,5000.0,8000.0,12000.0
2024-08-15 06:00,566.1052898100003,5000.0,8000.0,12000.0
2024-08-15 07:00,570.0518848800002,5000.0,8000.0,12000.0
2024-08-15 08:00,577.7882463000004,5000.0,8000.0,12000.0
2024-08-15 09:00,610.5687138600003,5000.0,8000.0,12000.0
2024-08-15 10:00,638.7004561500002,5000.0,8000.0,12000.0
2024-08-15 11:00,672.0411616200001,5000.0,8000.0,12000.0
2024-08-15 12:00,664.9134540300001,5000.0,8000.0,12000.0
2024-08-15 13:00,660.5594739900001,5000.0,8000.0,12000.0
2024-08-15 14:00,653.3492568900002,5000.0,8000.0,12000.0
2024-08-15 15:00,585.92098098,5000.0,8000.0,12000.0
2024-08-15 16:00,579.5108989199999,5000.0,8000.0,12000.0
2024-08-15 17:00,874.4254935466669,5000.0,8000.0,12000.0
2024-08-15 18:00,928.0351505100007,5000.0,8000.0,12000.0
2024-08-15 19:00,862.6849883100004,5000.0,8000.0,12000.0
2024-08-15 20:00,944.8560671100005,5000.0,8000.0,12000.0
2024-08-15 21:00,915.4484320200005,5000.0,8000.0,12000.0
2024-08-15 22:00,804.2743500000005,5000.0,8000.0,12000.0
2024-08-15 23:00,541.1395311,5000.0,8000.0,12000.0
2024-08-16 00:00,545.3209014299999,5000.0,8000.0,12000.0
2024-08-16 01:00,550.37166279,5000.0,8000.0,12000.0
2024-08-16 02:00,551.8620538199999,5000.0,8000.0,12000.0
2024-08-16 03:00,552.08975106,5000.0,8000.0,12000.0
2024-08-16 04:00,554.63583243,5000.0,8000.0,12000.0
2024-08-16 05:00,551.77925313,5000.0,8000.0,12000.0
2024-08-16 06:00,565.4429022300003,5000.0,8000.0,12000.0
2024-08-16 07:00,573.0395317500003,5000.0,8000.0,12000.0
2024-08-16 08:00,582.3283669500004,5000.0,8000.0,12000.0
2024-08-16 09:00,629.0398337700002,5000.0,8000.0,12000.0
2024-08-16 10:00,671.0820009000001,5000.0,8000.0,12000.0
2024-08-16 11:00,659.3383678800002,5000.0,8000.0,12000.0
2024-08-16 12:00,641.5157624100001,5000.0,8000.0,12000.0
2024-08-16 13:00,630.7517693100002,5000.0,8000.0,12000.0
2024-08-16 14:00,657.4204783800002,5000.0,8000.0,12000.0
2024-08-16 15:00,607.0004402699999,5000.0,8000.0,12000.0
2024-08-16 16:00,570.3339182399999,5000.0,8000.0,12000.0
2024-08-16 17:00,821.5991770500002,5000.0,8000.0,12000.0
2024-08-16 18:00,892.6933394700005,5000.0,8000.0,12000.0
2024-08-16 19:00,1027.7185369500005,5000.0,8000.0,12000.0
2024-08-16 20:00,902.6763491700005,5000.0,8000.0,12000.0
2024-08-16 21:00,882.7563196500007,5000.0,8000.0,12000.0
2024-08-16 22:00,788.4114066300004,5000.0,8000.0,12000.0
2024-08-16 23:00,544.53430833,5000.0,8000.0,12000.0
2024-08-17 00:00,544.65850557,5000.0,8000.0,12000.0
2024-08-17 01:00,549.2124724500001,5000.0,8000.0,12000.0
2024-08-17 02:00,552.7107455400001,5000.0,8000.0,12000.0
2024-08-17 03:00,553.24894209,5000.0,8000.0,12000.0
2024-08-17 04:00,554.47023174,5000.0,8000.0,12000.0
2024-08-17 05:00,554.24253312,5000.0,8000.0,12000.0
2024-08-17 06:00,567.8096001600003,5000.0,8000.0,12000.0
2024-08-17 07:00,571.9009834500001,5000.0,8000.0,12000.0
2024-08-17 08:00,587.4894255000004,5000.0,8000.0,12000.0
2024-08-17 09:00,610.2443966100002,5000.0,8000.0,12000.0
2024-08-17 10:00,652.1346243600001,5000.0,8000.0,12000.0
2024-08-17 11:00,650.6167451100002,5000.0,8000.0,12000.0
2024-08-17 12:00,645.2210996700002,5000.0,8000.0,12000.0
2024-08-17 13:00,662.3950458000002,5000.0,8000.0,12000.0
2024-08-17 14:00,590.0282770500002,5000.0,8000.0,12000.0
2024-08-17 15:00,578.66220099,5000.0,8000.0,12000.0
2024-08-17 16:00,593.3729706299999,5000.0,8000.0,12000.0
2024-08-17 17:00,747.2034557100002,5000.0,8000.0,12000.0
2024-08-17 18:00,1014.0777275400006,5000.0,8000.0,12000.0
2024-08-17 19:00,1019.4388929900005,5000.0,8000.0,12000.0
2024-08-17 20:00,940.1296506000003,5000.0,8000.0,12000.0
2024-08-17 21:00,892.7060741100005,5000.0,8000.0,12000.0
2024-08-17 22:00,793.3655328000004,5000.0,8000.0,12000.0
2024-08-17 23:00,540.9532304100001,5000.0,8000.0,12000.0
2024-08-18 00:00,540.91183386,5000.0,8000.0,12000.0
2024-08-18 01:00,550.64076003,5000.0,8000.0,12000.0
2024-08-18 02:00,552.69004623,5000.0,8000.0,12000.0
2024-08-18 03:00,553.45594002,5000.0,8000.0,12000.0
2024-08-18 04:00,555.1740282899999,5000.0,8000.0,12000.0
2024-08-18 05:00,554.94632967,5000.0,8000.0,12000.0
2024-08-18 06:00,564.1388781300003,5000.0,8000.0,12000.0
2024-08-18 07:00,577.8004123800001,5000.0,8000.0,12000.0
2024-08-18 08:00,585.5506973100004,5000.0,8000.0,12000.0
2024-08-18 09:00,608.7470317500002,5000.0,8000.0,12000.0
2024-08-18 10:00,631.7797430400002,5000.0,8000.0,12000.0
2024-08-18 11:00,646.3318182000002,5000.0,8000.0,12000.0
2024-08-18 12:00,685.1235167700002,5000.0,8000.0,12000.0
2024-08-18 13:00,653.3217431400002,5000.0,8000.0,12000.0
2024-08-18 14:00,668.1222638400002,5000.0,8000.0,12000.0
2024-08-18 15:00,578.65530168,5000.0,8000.0,12000.0
2024-08-18 16:00,575.2743168599999,5000.0,8000.0,12000.0
2024-08-18 17:00,779.7438315600001,5000.0,8000.0,12000.0
2024-08-18 18:00,839.9427932400006,5000.0,8000.0,12000.0
2024-08-18 19:00,956.7937736700005,5000.0,8000.0,12000.0
2024-08-18 20:00,947.8367705100005,5000.0,8000.0,12000.0
2024-08-18 21:00,998.9728361100006,5000.0,8000.0,12000.0
2024-08-18 22:00,802.8599535000005,5000.0,8000.0,12000.0
2024-08-18 23:00,539.64914421,5000.0,8000.0,12000.0
2024-08-19 00:00,542.77482006,5000.0,8000.0,12000.0
2024-08-19 01:00,551.53085451,5000.0,8000.0,12000.0
2024-08-19 02:00,552.83494554,5000.0,8000.0,12000.0
2024-08-19 03:00,554.57373105,5000.0,8000.0,12000.0
2024-08-19 04:00,553.47664002,5000.0,8000.0,12000.0
2024-08-19 05:00,553.49733933,5000.0,8000.0,12000.0
2024-08-19 06:00,564.3044332800002,5000.0,8000.0,12000.0
2024-08-19 07:00,570.8660966100002,5000.0,8000.0,12000.0
2024-08-19 08:00,582.5077814400004,5000.0,8000.0,12000.0
2024-08-19 09:00,624.4169151900003,5000.0,8000.0,12000.0
2024-08-19 10:00,672.2273912400001,5000.0,8000.0,12000.0
2024-08-19 11:00,633.2633044500002,5000.0,8000.0,12000.0
2024-08-19 12:00,664.8445375200002,5000.0,8000.0,12000.0
2024-08-19 13:00,683.0673492000002,5000.0,8000.0,12000.0
2024-08-19 14:00,658.4966458500002,5000.0,8000.0,12000.0
2024-08-19 15:00,593.9249692499999,5000.0,8000.0,12000.0
2024-08-19 16:00,591.73078029,5000.0,8000.0,12000.0
2024-08-19 17:00,799.2846143100002,5000.0,8000.0,12000.0
2024-08-19 18:00,883.5784118700007,5000.0,8000.0,12000.0
2024-08-19 19:00,893.6933488800005,5000.0,8000.0,12000.0
2024-08-19 20:00,1020.7284112200006,5000.0,8000.0,12000.0
2024-08-19 21:00,888.8973769200005,5000.0,8000.0,12000.0
2024-08-19 22:00,777.8336541900005,5000.0,8000.0,12000.0
2024-08-19 23:00,543.7684117800001,5000.0,8000.0,12000.0
2024-08-20 00:00,543.93401247,5000.0,8000.0,12000.0
2024-08-20 01:00,549.812769,5000.0,8000.0,12000.0
2024-08-20 02:00,551.44805313,5000.0,8000.0,12000.0
2024-08-20 03:00,553.33174071,5000.0,8000.0,12000.0
2024-08-20 04:00,553.55943933,5000.0,8000.0,12000.0
2024-08-20 05:00,552.13115037,5000.0,8000.0,12000.0
2024-08-20 06:00,564.0284560500003,5000.0,8000.0,12000.0
2024-08-20 07:00,569.0859932100003,5000.0,8000.0,12000.0
2024-08-20 08:00,581.2175497500004,5000.0,8000.0,12000.0
2024-08-20 09:00,606.8564917800002,5000.0,8000.0,12000.0
2024-08-20 10:00,636.7407761100002,5000.0,8000.0,12000.0
2024-08-20 11:00,638.2935293400002,5000.0,8000.0,12000.0
2024-08-20 12:00,649.8854348100002,5000.0,8000.0,12000.0
2024-08-20 13:00,664.1406319500002,5000.0,8000.0,12000.0
2024-08-20 14:00,614.5852901100002,5000.0,8000.0,12000.0
2024-08-20 15:00,579.47639754,5000.0,8000.0,12000.0
2024-08-20 16:00,590.3093768399999,5000.0,8000.0,12000.0
2024-08-20 17:00,839.2286480733335,5000.0,8000.0,12000.0
2024-08-20 18:00,845.3386139400005,5000.0,8000.0,12000.0
2024-08-20 19:00,949.8037231500006,5000.0,8000.0,12000.0
2024-08-20 20:00,950.4655980600005,5000.0,8000.0,12000.0
2024-08-20 21:00,901.3725486300006,5000.0,8000.0,12000.0
2024-08-20 22:00,904.2828368400004,5000.0,8000.0,12000.0
2024-08-20 23:00,545.0725028100001,5000.0,8000.0,12000.0
2024-08-21 00:00,540.249438,5000.0,8000.0,12000.0
2024-08-21 01:00,550.78565865,5000.0,8000.0,12000.0
2024-08-21 02:00,553.3317413999999,5000.0,8000.0,12000.0
2024-08-21 03:00,553.0212441599999,5000.0,8000.0,12000.0
2024-08-21 04:00,554.47023312,5000.0,8000.0,12000.0
2024-08-21 05:00,555.1740276,5000.0,8000.0,12000.0
2024-08-21 06:00,565.3601160300003,5000.0,8000.0,12000.0
2024-08-21 07:00,575.4613510200002,5000.0,8000.0,12000.0
2024-08-21 08:00,577.9330503900004,5000.0,8000.0,12000.0
2024-08-21 09:00,592.4701587600003,5000.0,8000.0,12000.0
2024-08-21 10:00,620.1120431400002,5000.0,8000.0,12000.0
2024-08-21 11:00,661.1184892200001,5000.0,8000.0,12000.0
2024-08-21 12:00,658.9380078000002,5000.0,8000.0,12000.0
2024-08-21 13:00,648.5329720200002,5000.0,8000.0,12000.0
2024-08-21 14:00,640.0668997200003,5000.0,8000.0,12000.0
2024-08-21 15:00,572.5626140999999,5000.0,8000.0,12000.0
2024-08-21 16:00,579.3935968499999,5000.0,8000.0,12000.0
2024-08-21 17:00,812.2289508300003,5000.0,8000.0,12000.0
2024-08-21 18:00,946.8099021600005,5000.0,8000.0,12000.0
2024-08-21 19:00,948.9414777600006,5000.0,8000.0,12000.0
2024-08-21 20:00,849.5810071800005,5000.0,8000.0,12000.0
2024-08-21 21:00,957.1520278800006,5000.0,8000.0,12000.0
2024-08-21 22:00,885.7425333900005,5000.0,8000.0,12000.0
2024-08-21 23:00,542.4229228199999,5000.0,8000.0,12000.0
2024-08-22 00:00,542.48502213,5000.0,8000.0,12000.0
2024-08-22 01:00,549.0882724500001,5000.0,8000.0,12000.0
2024-08-22 02:00,552.3588483,5000.0,8000.0,12000.0
2024-08-22 03:00,553.20754209,5000.0,8000.0,12000.0
2024-08-22 04:00,552.46234692,5000.0,8000.0,12000.0
2024-08-22 05:00,553.6422386400001,5000.0,8000.0,12000.0
2024-08-22 06:00,564.4493312100003,5000.0,8000.0,12000.0
2024-08-22 07:00,577.6761613200001,5000.0,8000.0,12000.0
2024-08-22 08:00,594.3549034200004,5000.0,8000.0,12000.0
2024-08-22 09:00,615.7436358900002,5000.0,8000.0,12000.0
2024-08-22 10:00,647.6153624100002,5000.0,8000.0,12000.0
2024-08-22 11:00,648.6295809900002,5000.0,8000.0,12000.0
2024-08-22 12:00,658.5171926700002,5000.0,8000.0,12000.0
2024-08-22 13:00,658.6138168200001,5000.0,8000.0,12000.0
2024-08-22 14:00,634.7952196800002,5000.0,8000.0,12000.0
2024-08-22 15:00,609.8915450999999,5000.0,8000.0,12000.0
2024-08-22 16:00,585.70018098,5000.0,8000.0,12000.0
2024-08-22 17:00,807.9647984400001,5000.0,8000.0,12000.0
2024-08-22 18:00,944.7745063500005,5000.0,8000.0,12000.0
2024-08-22 19:00,899.5236494700005,5000.0,8000.0,12000.0
2024-08-22 20:00,892.0298334000005,5000.0,8000.0,12000.0
2024-08-22 21:00,940.4404983600006,5000.0,8000.0,12000.0
2024-08-22 22:00,837.6289624200004,5000.0,8000.0,12000.0
2024-08-22 23:00,543.49931454,5000.0,8000.0,12000.0
2024-08-23 00:00,543.14741523,5000.0,8000.0,12000.0
2024-08-23 01:00,548.83987659,5000.0,8000.0,12000.0
2024-08-23 02:00,553.6629393300001,5000.0,8000.0,12000.0
2024-08-23 03:00,554.3667345,5000.0,8000.0,12000.0
2024-08-23 04:00,554.88423036,5000.0,8000.0,12000.0
2024-08-23 05:00,553.62153933,5000.0,8000.0,12000.0
2024-08-23 06:00,565.9051166700003,5000.0,8000.0,12000.0
2024-08-23 07:00,569.1272358900002,5000.0,8000.0,12000.0
2024-08-23 08:00,577.9952814900005,5000.0,8000.0,12000.0
2024-08-23 09:00,619.8490627500001,5000.0,8000.0,12000.0
2024-08-23 10:00,648.2016636900001,5000.0,8000.0,12000.0
2024-08-23 11:00,676.0912877400002,5000.0,8000.0,12000.0
2024-08-23 12:00,642.4816389000002,5000.0,8000.0,12000.0
2024-08-23 13:00,621.2435755200003,5000.0,8000.0,12000.0
2024-08-23 14:00,627.1569852300001,5000.0,8000.0,12000.0
2024-08-23 15:00,593.03487546,5000.0,8000.0,12000.0
2024-08-23 16:00,586.51438926,5000.0,8000.0,12000.0
2024-08-23 17:00,850.5722328900002,5000.0,8000.0,12000.0
2024-08-23 18:00,948.0104649000004,5000.0,8000.0,12000.0
2024-08-23 19:00,991.4386667700005,5000.0,8000.0,12000.0
2024-08-23 20:00,851.4787203900006,5000.0,8000.0,12000.0
2024-08-23 21:00,889.5045879600004,5000.0,8000.0,12000.0
2024-08-23 22:00,829.9630175700005,5000.0,8000.0,12000.0
2024-08-23 23:00,541.82262558,5000.0,8000.0,12000.0
2024-08-24 00:00,542.75411868,5000.0,8000.0,12000.0
2024-08-24 01:00,550.10256555,5000.0,8000.0,12000.0
2024-08-24 02:00,551.67575244,5000.0,8000.0,12000.0
2024-08-24 03:00,553.7664386399999,5000.0,8000.0,12000.0
2024-08-24 04:00,554.40813312,5000.0,8000.0,12000.0
2024-08-24 05:00,556.10552139,5000.0,8000.0,12000.0
2024-08-24 06:00,566.2433063700003,5000.0,8000.0,12000.0
2024-08-24 07:00,568.6374062700002,5000.0,8000.0,12000.0
2024-08-24 08:00,580.4930821800004,5000.0,8000.0,12000.0
2024-08-24 09:00,605.2695159300002,5000.0,8000.0,12000.0
2024-08-24 10:00,647.7671348100001,5000.0,8000.0,12000.0
2024-08-24 11:00,633.2909741400002,5000.0,8000.0,12000.0
2024-08-24 12:00,663.6230388000001,5000.0,8000.0,12000.0
2024-08-24 13:00,669.4468030200002,5000.0,8000.0,12000.0
2024-08-24 14:00,677.7130913400001,5000.0,8000.0,12000.0
2024-08-24 15:00,566.46302997,5000.0,8000.0,12000.0
2024-08-24 16:00,608.1527451,5000.0,8000.0,12000.0
2024-08-24 17:00,825.7874618700004,5000.0,8000.0,12000.0
2024-08-24 18:00,851.2932918600005,5000.0,8000.0,12000.0
2024-08-24 19:00,952.2328840200006,5000.0,8000.0,12000.0
2024-08-24 20:00,1041.6560988000006,5000.0,8000.0,12000.0
2024-08-24 21:00,815.3778755400004,5000.0,8000.0,12000.0
2024-08-24 22:00,827.1339623700004,5000.0,8000.0,12000.0
2024-08-24 23:00,541.2016317900001,5000.0,8000.0,12000.0
2024-08-25 00:00,543.56141454,5000.0,8000.0,12000.0
2024-08-25 01:00,551.75855244,5000.0,8000.0,12000.0
2024-08-25 02:00,553.0833427800001,5000.0,8000.0,12000.0
2024-08-25 03:00,552.79354485,5000.0,8000.0,12000.0
2024-08-25 04:00,553.0419414,5000.0,8000.0,12000.0
2024-08-25 05:00,554.05623519,5000.0,8000.0,12000.0
2024-08-25 06:00,567.0436767000003,5000.0,8000.0,12000.0
2024-08-25 07:00,569.6862594000002,5000.0,8000.0,12000.0
2024-08-25 08:00,576.6290621700005,5000.0,8000.0,12000.0
2024-08-25 09:00,601.2814056300002,5000.0,8000.0,12000.0
2024-08-25 10:00,648.3121720200002,5000.0,8000.0,12000.0
2024-08-25 11:00,646.7114072100002,5000.0,8000.0,12000.0
2024-08-25 12:00,671.9376257400002,5000.0,8000.0,12000.0
2024-08-25 13:00,650.9272278600001,5000.0,8000.0,12000.0
2024-08-25 14:00,617.7936541800002,5000.0,8000.0,12000.0
2024-08-25 15:00,630.83990646,5000.0,8000.0,12000.0
2024-08-25 16:00,600.85256994,5000.0,8000.0,12000.0
2024-08-25 17:00,796.2624060300002,5000.0,8000.0,12000.0
2024-08-25 18:00,856.1302870800006,5000.0,8000.0,12000.0
2024-08-25 19:00,910.1704005300004,5000.0,8000.0,12000.0
2024-08-25 20:00,1031.9959773600006,5000.0,8000.0,12000.0
2024-08-25 21:00,914.2203320700006,5000.0,8000.0,12000.0
2024-08-25 22:00,834.0546499500003,5000.0,8000.0,12000.0
2024-08-25 23:00,543.58211247,5000.0,8000.0,12000.0
2024-08-26 00:00,543.0439173,5000.0,8000.0,12000.0
2024-08-26 01:00,551.2824552,5000.0,8000.0,12000.0
2024-08-26 02:00,553.29034071,5000.0,8000.0,12000.0
2024-08-26 03:00,553.99413657,5000.0,8000.0,12000.0
2024-08-26 04:00,553.12474347,5000.0,8000.0,12000.0
2024-08-26 05:00,552.7521448499999,5000.0,8000.0,12000.0
2024-08-26 06:00,558.4740961200002,5000.0,8000.0,12000.0
2024-08-26 07:00,571.6803380100002,5000.0,8000.0,12000.0
2024-08-26 08:00,574.0208980500005,5000.0,8000.0,12000.0
2024-08-26 09:00,605.6973690600003,5000.0,8000.0,12000.0
2024-08-26 10:00,683.4950995200002,5000.0,8000.0,12000.0
2024-08-26 11:00,659.0622636900002,5000.0,8000.0,12000.0
2024-08-26 12:00,656.6541968100003,5000.0,8000.0,12000.0
2024-08-26 13:00,655.7158927200002,5000.0,8000.0,12000.0
2024-08-26 14:00,638.1349135200002,5000.0,8000.0,12000.0
2024-08-26 15:00,595.1531692499999,5000.0,8000.0,12000.0
2024-08-26 16:00,596.80227063,5000.0,8000.0,12000.0
2024-08-26 17:00,799.3260046500002,5000.0,8000.0,12000.0
2024-08-26 18:00,879.6384159600004,5000.0,8000.0,12000.0
2024-08-26 19:00,933.2301991500004,5000.0,8000.0,12000.0
2024-08-26 20:00,956.4408621300005,5000.0,8000.0,12000.0
2024-08-26 21:00,930.2765879100006,5000.0,8000.0,12000.0
2024-08-26 22:00,825.5402210700005,5000.0,8000.0,12000.0
2024-08-26 23:00,541.42932765,5000.0,8000.0,12000.0
2024-08-27 00:00,543.85121178,5000.0,8000.0,12000.0
2024-08-27 01:00,552.44164761,5000.0,8000.0,12000.0
2024-08-27 02:00,553.89063795,5000.0,8000.0,12000.0
2024-08-27 03:00,552.8349448499999,5000.0,8000.0,12000.0
2024-08-27 04:00,554.92562967,5000.0,8000.0,12000.0
2024-08-27 05:00,554.49093174,5000.0,8000.0,12000.0
2024-08-27 06:00,564.9392319000002,5000.0,8000.0,12000.0
2024-08-27 07:00,577.0828406700002,5000.0,8000.0,12000.0
2024-08-27 08:00,583.9290786300004,5000.0,8000.0,12000.0
2024-08-27 09:00,596.8446600900003,5000.0,8000.0,12000.0
2024-08-27 10:00,647.7946996200003,5000.0,8000.0,12000.0
2024-08-27 11:00,637.2031954800002,5000.0,8000.0,12000.0
2024-08-27 12:00,631.8970692600001,5000.0,8000.0,12000.0
2024-08-27 13:00,662.7400954800002,5000.0,8000.0,12000.0
2024-08-27 14:00,632.6493493500002,5000.0,8000.0,12000.0
2024-08-27 15:00,599.5001644199999,5000.0,8000.0,12000.0
2024-08-27 16:00,579.55230444,5000.0,8000.0,12000.0
2024-08-27 17:00,772.0710370800002,5000.0,8000.0,12000.0
2024-08-27 18:00,911.7096704700004,5000.0,8000.0,12000.0
2024-08-27 19:00,1038.7723321200003,5000.0,8000.0,12000.0
2024-08-27 20:00,976.4649678000005,5000.0,8000.0,12000.0
2024-08-27 21:00,857.2747473000006,5000.0,8000.0,12000.0
2024-08-27 22:00,810.7120976100006,5000.0,8000.0,12000.0
2024-08-27 23:00,542.65061868,5000.0,8000.0,12000.0
2024-08-28 00:00,539.42144421,5000.0,8000.0,12000.0
2024-08-28 01:00,552.29674968,5000.0,8000.0,12000.0
2024-08-28 02:00,553.04194347,5000.0,8000.0,12000.0
2024-08-28 03:00,552.64864692,5000.0,8000.0,12000.0
2024-08-28 04:00,554.7807296699999,5000.0,8000.0,12000.0
2024-08-28 05:00,555.04982898,5000.0,8000.0,12000.0
2024-08-28 06:00,560.0610892200003,5000.0,8000.0,12000.0
2024-08-28 07:00,567.2645512200003,5000.0,8000.0,12000.0
2024-08-28 08:00,589.5732993300004,5000.0,8000.0,12000.0
2024-08-28 09:00,604.0068642300004,5000.0,8000.0,12000.0
2024-08-28 10:00,623.8931762100002,5000.0,8000.0,12000.0
2024-08-28 11:00,659.8764933600002,5000.0,8000.0,12000.0
2024-08-28 12:00,665.0928347100001,5000.0,8000.0,12000.0
2024-08-28 13:00,639.3353085900002,5000.0,8000.0,12000.0
2024-08-28 14:00,621.3265466400003,5000.0,8000.0,12000.0
2024-08-28 15:00,592.5173795999999,5000.0,8000.0,12000.0
2024-08-28 16:00,607.0280437199999,5000.0,8000.0,12000.0
2024-08-28 17:00,744.7608564000003,5000.0,8000.0,12000.0
2024-08-28 18:00,947.6447373000007,5000.0,8000.0,12000.0
2024-08-28 19:00,962.6655694800005,5000.0,8000.0,12000.0
2024-08-28 20:00,948.5818987500005,5000.0,8000.0,12000.0
2024-08-28 21:00,932.6155920000004,5000.0,8000.0,12000.0
2024-08-28 22:00,842.5277568000005,5000.0,8000.0,12000.0
2024-08-28 23:00,541.96752351,5000.0,8000.0,12000.0
2024-08-29 00:00,543.85121178,5000.0,8000.0,12000.0
2024-08-29 01:00,549.9162683100001,5000.0,8000.0,12000.0
2024-08-29 02:00,552.79354554,5000.0,8000.0,12000.0
2024-08-29 03:00,553.93203795,5000.0,8000.0,12000.0
2024-08-29 04:00,553.4352414,5000.0,8000.0,12000.0
2024-08-29 05:00,554.9049282899999,5000.0,8000.0,12000.0
2024-08-29 06:00,566.7331359900002,5000.0,8000.0,12000.0
2024-08-29 07:00,570.0381580200003,5000.0,8000.0,12000.0
2024-08-29 08:00,581.0242952400004,5000.0,8000.0,12000.0
2024-08-29 09:00,617.2891938000001,5000.0,8000.0,12000.0
2024-08-29 10:00,669.3846630000002,5000.0,8000.0,12000.0
2024-08-29 11:00,648.8366437800001,5000.0,8000.0,12000.0
2024-08-29 12:00,657.9375919800002,5000.0,8000.0,12000.0
2024-08-29 13:00,644.9725892700002,5000.0,8000.0,12000.0
2024-08-29 14:00,603.5867598000002,5000.0,8000.0,12000.0
2024-08-29 15:00,596.11226442,5000.0,8000.0,12000.0
2024-08-29 16:00,581.22899685,5000.0,8000.0,12000.0
2024-08-29 17:00,838.2005432500002,5000.0,8000.0,12000.0
2024-08-29 18:00,1046.2181697300005,5000.0,8000.0,12000.0
2024-08-29 19:00,901.6902915600006,5000.0,8000.0,12000.0
2024-08-29 20:00,959.2355304900005,5000.0,8000.0,12000.0
2024-08-29 21:00,846.1104845100004,5000.0,8000.0,12000.0
2024-08-29 22:00,792.9170003700004,5000.0,8000.0,12000.0
2024-08-29 23:00,543.2095186800001,5000.0,8000.0,12000.0
2024-08-30 00:00,543.1888173,5000.0,8000.0,12000.0
2024-08-30 01:00,549.19177314,5000.0,8000.0,12000.0
2024-08-30 02:00,553.10404278,5000.0,8000.0,12000.0
2024-08-30 03:00,553.7250400199999,5000.0,8000.0,12000.0
2024-08-30 04:00,554.61513243,5000.0,8000.0,12000.0
2024-08-30 05:00,554.90493036,5000.0,8000.0,12000.0
2024-08-30 06:00,561.9654195300003,5000.0,8000.0,12000.0
2024-08-30 07:00,573.8813841900003,5000.0,8000.0,12000.0
2024-08-30 08:00,579.7616007600004,5000.0,8000.0,12000.0
2024-08-30 09:00,599.8738277100002,5000.0,8000.0,12000.0
2024-08-30 10:00,640.9776610800002,5000.0,8000.0,12000.0
2024-08-30 11:00,657.3166016400003,5000.0,8000.0,12000.0
2024-08-30 12:00,643.0613141100002,5000.0,8000.0,12000.0
2024-08-30 13:00,674.6079802500002,5000.0,8000.0,12000.0
2024-08-30 14:00,611.1835604400002,5000.0,8000.0,12000.0
2024-08-30 15:00,585.9002913299998,5000.0,8000.0,12000.0
2024-08-30 16:00,585.2033837399999,5000.0,8000.0,12000.0
2024-08-30 17:00,782.2485288000003,5000.0,8000.0,12000.0
2024-08-30 18:00,1080.9939523800006,5000.0,8000.0,12000.0
2024-08-30 19:00,902.8011391200005,5000.0,8000.0,12000.0
2024-08-30 20:00,880.8100739100005,5000.0,8000.0,12000.0
2024-08-30 21:00,976.9688023500005,5000.0,8000.0,12000.0
2024-08-30 22:00,793.4275831200005,5000.0,8000.0,12000.0
2024-08-30 23:00,542.52642351,5000.0,8000.0,12000.0
2024-08-31 00:00,542.62992006,5000.0,8000.0,12000.0
2024-08-31 01:00,551.4273565799999,5000.0,8000.0,12000.0
2024-08-31 02:00,552.5037496799999,5000.0,8000.0,12000.0
2024-08-31 03:00,554.3253338100001,5000.0,8000.0,12000.0
2024-08-31 04:00,555.2982269099999,5000.0,8000.0,12000.0
2024-08-31 05:00,554.73933036,5000.0,8000.0,12000.0
2024-08-31 06:00,562.8830601900003,5000.0,8000.0,12000.0
2024-08-31 07:00,571.6044090300002,5000.0,8000.0,12000.0
2024-08-31 08:00,582.8044786800003,5000.0,8000.0,12000.0
2024-08-31 09:00,603.5307711300003,5000.0,8000.0,12000.0
2024-08-31 10:00,652.3279154400002,5000.0,8000.0,12000.0
2024-08-31 11:00,692.6857856700002,5000.0,8000.0,12000.0
2024-08-31 12:00,636.4648941000002,5000.0,8000.0,12000.0
2024-08-31 13:00,635.4644769000002,5000.0,8000.0,12000.0
2024-08-31 14:00,640.0185679800002,5000.0,8000.0,12000.0
2024-08-31 15:00,599.5622644199999,5000.0,8000.0,12000.0
2024-08-31 16:00,586.43848305,5000.0,8000.0,12000.0
2024-08-31 17:00,847.2464342700002,5000.0,8000.0,12000.0
2024-08-31 18:00,978.1219676100004,5000.0,8000.0,12000.0
2024-08-31 19:00,876.2501944200005,5000.0,8000.0,12000.0
2024-08-31 20:00,996.8131243800004,5000.0,8000.0,12000.0
2024-08-31 21:00,887.6828589300005,5000.0,8000.0,12000.0
2024-08-31 22:00,770.6851010100005,5000.0,8000.0,12000.0
2024-08-31 23:00,537.62055939,5000.0,8000.0,12000.0
2024-09-01 00:00,541.8019262700001,5000.0,8000.0,12000.0
2024-09-01 01:00,551.88275175,5000.0,8000.0,12000.0
2024-09-01 02:00,550.97195796,5000.0,8000.0,12000.0
2024-09-01 03:00,554.5737324300001,5000.0,8000.0,12000.0
2024-09-01 04:00,553.2903414,5000.0,8000.0,12000.0
2024-09-01 05:00,553.16614347,5000.0,8000.0,12000.0
2024-09-01 06:00,564.5873457000002,5000.0,8000.0,12000.0
2024-09-01 07:00,572.0597055300002,5000.0,8000.0,12000.0
2024-09-01 08:00,576.7809187500004,5000.0,8000.0,12000.0
2024-09-01 09:00,609.5061497400002,5000.0,8000.0,12000.0
2024-09-01 10:00,642.2608182000002,5000.0,8000.0,12000.0
2024-09-01 11:00,642.1849168200001,5000.0,8000.0,12000.0
2024-09-01 12:00,653.8458678300001,5000.0,8000.0,12000.0
2024-09-01 13:00,630.5102713800003,5000.0,8000.0,12000.0
2024-09-01 14:00,626.4186948900002,5000.0,8000.0,12000.0
2024-09-01 15:00,602.3705575199999,5000.0,8000.0,12000.0
2024-09-01 16:00,581.7671996099999,5000.0,8000.0,12000.0
2024-09-01 17:00,761.4519481200002,5000.0,8000.0,12000.0
2024-09-01 18:00,1008.2750835300005,5000.0,8000.0,12000.0
2024-09-01 19:00,978.7494715500005,5000.0,8000.0,12000.0
2024-09-01 20:00,908.1961566600004,5000.0,8000.0,12000.0
2024-09-01 21:00,868.3491369000005,5000.0,8000.0,12000.0
2024-09-01 22:00,889.9378451700005,5000.0,8000.0,12000.0
2024-09-01 23:00,542.46432282,5000.0,8000.0,12000.0
2024-09-02 00:00,541.47072765,5000.0,8000.0,12000.0
2024-09-02 01:00,550.7028607200001,5000.0,8000.0,12000.0
2024-09-02 02:00,553.14544278,5000.0,8000.0,12000.0
2024-09-02 03:00,553.86993864,5000.0,8000.0,12000.0
2024-09-02 04:00,551.77925382,5000.0,8000.0,12000.0
2024-09-02 05:00,553.86993795,5000.0,8000.0,12000.0
2024-09-02 06:00,563.2349539800002,5000.0,8000.0,12000.0
2024-09-02 07:00,571.0385759100002,5000.0,8000.0,12000.0
2024-09-02 08:00,577.5537401400004,5000.0,8000.0,12000.0
2024-09-02 09:00,615.9713034600003,5000.0,8000.0,12000.0
2024-09-02 10:00,670.0882987800002,5000.0,8000.0,12000.0
2024-09-02 11:00,651.2651898600001,5000.0,8000.0,12000.0
2024-09-02 12:00,668.2805664000001,5000.0,8000.0,12000.0
2024-09-02 13:00,619.0288776900002,5000.0,8000.0,12000.0
2024-09-02 14:00,640.8259818300002,5000.0,8000.0,12000.0
2024-09-02 15:00,612.15474234,5000.0,8000.0,12000.0
2024-09-02 16:00,575.82630375,5000.0,8000.0,12000.0
2024-09-02 17:00,847.5086308133336,5000.0,8000.0,12000.0
2024-09-02 18:00,961.9003070400006,5000.0,8000.0,12000.0
2024-09-02 19:00,936.5283874200005,5000.0,8000.0,12000.0
2024-09-02 20:00,901.1791174800004,5000.0,8000.0,12000.0
2024-09-02 21:00,872.7030886500004,5000.0,8000.0,12000.0
2024-09-02 22:00,809.3871223500005,5000.0,8000.0,12000.0
2024-09-02 23:00,543.47861454,5000.0,8000.0,12000.0
2024-09-03 00:00,544.34800833,5000.0,8000.0,12000.0
2024-09-03 01:00,548.19817866,5000.0,8000.0,12000.0
2024-09-03 02:00,553.18684278,5000.0,8000.0,12000.0
2024-09-03 03:00,553.02124485,5000.0,8000.0,12000.0
2024-09-03 04:00,555.48452553,5000.0,8000.0,12000.0
2024-09-03 05:00,555.21542829,5000.0,8000.0,12000.0
2024-09-03 06:00,564.5252767500002,5000.0,8000.0,12000.0
2024-09-03 07:00,572.4186290400002,5000.0,8000.0,12000.0
2024-09-03 08:00,587.9932331400003,5000.0,8000.0,12000.0
2024-09-03 09:00,595.9063415100003,5000.0,8000.0,12000.0
2024-09-03 10:00,643.4062402800002,5000.0,8000.0,12000.0
2024-09-03 11:00,666.9006636900001,5000.0,8000.0,12000.0
2024-09-03 12:00,671.4202099200003,5000.0,8000.0,12000.0
2024-09-03 13:00,679.6656761100002,5000.0,8000.0,12000.0
2024-09-03 14:00,651.8175741900002,5000.0,8000.0,12000.0
2024-09-03 15:00,575.4123120299998,5000.0,8000.0,12000.0
2024-09-03 16:00,557.3136423899999,5000.0,8000.0,12000.0
2024-09-03 17:00,751.2468633000003,5000.0,8000.0,12000.0
2024-09-03 18:00,852.0729118200004,5000.0,8000.0,12000.0
2024-09-03 19:00,893.1895302000005,5000.0,8000.0,12000.0
2024-09-03 20:00,1048.6181008200006,5000.0,8000.0,12000.0
2024-09-03 21:00,1020.1005988500004,5000.0,8000.0,12000.0
2024-09-03 22:00,771.7686169800004,5000.0,8000.0,12000.0
2024-09-03 23:00,543.43721454,5000.0,8000.0,12000.0
2024-09-04 00:00,543.47861385,5000.0,8000.0,12000.0
2024-09-04 01:00,550.99265796,5000.0,8000.0,12000.0
2024-09-04 02:00,552.35884968,5000.0,8000.0,12000.0
2024-09-04 03:00,554.57373105,5000.0,8000.0,12000.0
2024-09-04 04:00,555.3603262199999,5000.0,8000.0,12000.0
2024-09-04 05:00,555.00842898,5000.0,8000.0,12000.0
2024-09-04 06:00,561.7446319500002,5000.0,8000.0,12000.0
2024-09-04 07:00,568.3131876900003,5000.0,8000.0,12000.0
2024-09-04 08:00,586.7856510300004,5000.0,8000.0,12000.0
2024-09-04 09:00,604.8830710800001,5000.0,8000.0,12000.0
2024-09-04 10:00,616.3514120400001,5000.0,8000.0,12000.0
2024-09-04 11:00,656.5782899100001,5000.0,8000.0,12000.0
2024-09-04 12:00,671.0751602400002,5000.0,8000.0,12000.0
2024-09-04 13:00,665.0791395900002,5000.0,8000.0,12000.0
2024-09-04 14:00,594.7547529000002,5000.0,8000.0,12000.0
2024-09-04 15:00,593.32466718,5000.0,8000.0,12000.0
2024-09-04 16:00,566.3940279,5000.0,8000.0,12000.0
2024-09-04 17:00,797.6768846400003,5000.0,8000.0,12000.0
2024-09-04 18:00,842.4888318300004,5000.0,8000.0,12000.0
2024-09-04 19:00,1083.8155831800007,5000.0,8000.0,12000.0
2024-09-04 20:00,1022.5913449800006,5000.0,8000.0,12000.0
2024-09-04 21:00,850.2504934800005,5000.0,8000.0,12000.0
2024-09-04 22:00,760.6664093400005,5000.0,8000.0,12000.0
2024-09-04 23:00,543.2509173000001,5000.0,8000.0,12000.0
2024-09-05 00:00,544.80340488,5000.0,8000.0,12000.0
2024-09-05 01:00,551.6757531300001,5000.0,8000.0,12000.0
2024-09-05 02:00,552.2139510600001,5000.0,8000.0,12000.0
2024-09-05 03:00,552.0276503700001,5000.0,8000.0,12000.0
2024-09-05 04:00,554.07693519,5000.0,8000.0,12000.0
2024-09-05 05:00,555.40172622,5000.0,8000.0,12000.0
2024-09-05 06:00,563.7593753700003,5000.0,8000.0,12000.0
2024-09-05 07:00,572.1494904000002,5000.0,8000.0,12000.0
2024-09-05 08:00,584.4950014500004,5000.0,8000.0,12000.0
2024-09-05 09:00,625.4518841400002,5000.0,8000.0,12000.0
2024-09-05 10:00,630.8553051900002,5000.0,8000.0,12000.0
2024-09-05 11:00,675.8637319500001,5000.0,8000.0,12000.0
2024-09-05 12:00,667.6045050900001,5000.0,8000.0,12000.0
2024-09-05 13:00,627.5294575800002,5000.0,8000.0,12000.0
2024-09-05 14:00,604.8425135700003,5000.0,8000.0,12000.0
2024-09-05 15:00,590.6957761499999,5000.0,8000.0,12000.0
2024-09-05 16:00,586.6937789099999,5000.0,8000.0,12000.0
2024-09-05 17:00,845.4938384100003,5000.0,8000.0,12000.0
2024-09-05 18:00,977.9839455300005,5000.0,8000.0,12000.0
2024-09-05 19:00,1049.4123439500006,5000.0,8000.0,12000.0
2024-09-05 20:00,894.8035657800004,5000.0,8000.0,12000.0
2024-09-05 21:00,878.8647279300005,5000.0,8000.0,12000.0
2024-09-05 22:00,750.9787017000004,5000.0,8000.0,12000.0
2024-09-05 23:00,545.25880005,5000.0,8000.0,12000.0
2024-09-06 00:00,544.2652083300001,5000.0,8000.0,12000.0
2024-09-06 01:00,551.32385589,5000.0,8000.0,12000.0
2024-09-06 02:00,551.65505382,5000.0,8000.0,12000.0
2024-09-06 03:00,552.95914416,5000.0,8000.0,12000.0
2024-09-06 04:00,553.6422386400001,5000.0,8000.0,12000.0
2024-09-06 05:00,552.9798448500001,5000.0,8000.0,12000.0
2024-09-06 06:00,564.2009463900002,5000.0,8000.0,12000.0
2024-09-06 07:00,570.4590228300002,5000.0,8000.0,12000.0
2024-09-06 08:00,576.5599835100004,5000.0,8000.0,12000.0
2024-09-06 09:00,611.7830469300003,5000.0,8000.0,12000.0
2024-09-06 10:00,658.7035313100002,5000.0,8000.0,12000.0
2024-09-06 11:00,666.4729423500002,5000.0,8000.0,12000.0
2024-09-06 12:00,615.5236080000002,5000.0,8000.0,12000.0
2024-09-06 13:00,653.9356968600002,5000.0,8000.0,12000.0
2024-09-06 14:00,631.2210134700002,5000.0,8000.0,12000.0
2024-09-06 15:00,571.8381140999999,5000.0,8000.0,12000.0
2024-09-06 16:00,596.7470678699999,5000.0,8000.0,12000.0
2024-09-06 17:00,853.4081246100002,5000.0,8000.0,12000.0
2024-09-06 18:00,911.4543842700004,5000.0,8000.0,12000.0
2024-09-06 19:00,885.2475708600006,5000.0,8000.0,12000.0
2024-09-06 20:00,1052.7235677000006,5000.0,8000.0,12000.0
2024-09-06 21:00,837.1817223600005,5000.0,8000.0,12000.0
2024-09-06 22:00,814.1413755300003,5000.0,8000.0,12000.0
2024-09-06 23:00,545.63139936,5000.0,8000.0,12000.0
2024-09-07 00:00,543.35441523,5000.0,8000.0,12000.0
2024-09-07 01:00,549.93696555,5000.0,8000.0,12000.0
2024-09-07 02:00,554.47023243,5000.0,8000.0,12000.0
2024-09-07 03:00,552.73144485,5000.0,8000.0,12000.0
2024-09-07 04:00,554.6772317399999,5000.0,8000.0,12000.0
2024-09-07 05:00,555.1947276,5000.0,8000.0,12000.0
2024-09-07 06:00,563.0141512200003,5000.0,8000.0,12000.0
2024-09-07 07:00,568.5822035100002,5000.0,8000.0,12000.0
2024-09-07 08:00,571.7439104700004,5000.0,8000.0,12000.0
2024-09-07 09:00,604.7037469800002,5000.0,8000.0,12000.0
2024-09-07 10:00,633.4496679300003,5000.0,8000.0,12000.0
2024-09-07 11:00,688.3044878400001,5000.0,8000.0,12000.0
2024-09-07 12:00,666.6453561000002,5000.0,8000.0,12000.0
2024-09-07 13:00,640.4668630500001,5000.0,8000.0,12000.0
2024-09-07 14:00,602.0756328900003,5000.0,8000.0,12000.0
2024-09-07 15:00,559.8045437699999,5000.0,8000.0,12000.0
2024-09-07 16:00,599.13446028,5000.0,8000.0,12000.0
2024-09-07 17:00,807.9164874000002,5000.0,8000.0,12000.0
2024-09-07 18:00,862.1746470600006,5000.0,8000.0,12000.0
2024-09-07 19:00,1018.7140459200004,5000.0,8000.0,12000.0
2024-09-07 20:00,978.9004828800005,5000.0,8000.0,12000.0
2024-09-07 21:00,984.3447678000007,5000.0,8000.0,12000.0
2024-09-07 22:00,746.7284638500005,5000.0,8000.0,12000.0
2024-09-07 23:00,541.65702765,5000.0,8000.0,12000.0
2024-09-08 00:00,543.62351247,5000.0,8000.0,12000.0
2024-09-08 01:00,550.06116417,5000.0,8000.0,12000.0
2024-09-08 02:00,553.51803933,5000.0,8000.0,12000.0
2024-09-08 03:00,552.95914416,5000.0,8000.0,12000.0
2024-09-08 04:00,553.6836386399999,5000.0,8000.0,12000.0
2024-09-08 05:00,554.92562967,5000.0,8000.0,12000.0
2024-09-08 06:00,569.4379366800002,5000.0,8000.0,12000.0
2024-09-08 07:00,571.2938469300002,5000.0,8000.0,12000.0
2024-09-08 08:00,576.6704456100003,5000.0,8000.0,12000.0
2024-09-08 09:00,606.2907863100003,5000.0,8000.0,12000.0
2024-09-08 10:00,645.0484119900001,5000.0,8000.0,12000.0
2024-09-08 11:00,696.5568015900002,5000.0,8000.0,12000.0
2024-09-08 12:00,685.3511291400002,5000.0,8000.0,12000.0
2024-09-08 13:00,683.2121753700001,5000.0,8000.0,12000.0
2024-09-08 14:00,656.5301838000001,5000.0,8000.0,12000.0
2024-09-08 15:00,563.6685334199999,5000.0,8000.0,12000.0
2024-09-08 16:00,603.2606547600001,5000.0,8000.0,12000.0
2024-09-08 17:00,838.8974584200002,5000.0,8000.0,12000.0
2024-09-08 18:00,792.2846174400005,5000.0,8000.0,12000.0
2024-09-08 19:00,1002.9271985100004,5000.0,8000.0,12000.0
2024-09-08 20:00,935.2099864800005,5000.0,8000.0,12000.0
2024-09-08 21:00,924.7428251700006,5000.0,8000.0,12000.0
2024-09-08 22:00,811.5954238800005,5000.0,8000.0,12000.0
2024-09-08 23:00,542.98182006,5000.0,8000.0,12000.0
2024-09-09 00:00,542.44362144,5000.0,8000.0,12000.0
2024-09-09 01:00,549.83346624,5000.0,8000.0,12000.0
2024-09-09 02:00,553.22824209,5000.0,8000.0,12000.0
2024-09-09 03:00,554.40813381,5000.0,8000.0,12000.0
2024-09-09 04:00,552.83494554,5000.0,8000.0,12000.0
2024-09-09 05:00,554.2632345,5000.0,8000.0,12000.0
2024-09-09 06:00,561.9998664000002,5000.0,8000.0,12000.0
2024-09-09 07:00,566.6572194300003,5000.0,8000.0,12000.0
2024-09-09 08:00,578.8370118000004,5000.0,8000.0,12000.0
2024-09-09 09:00,620.8772352000002,5000.0,8000.0,12000.0
2024-09-09 10:00,641.7708871500001,5000.0,8000.0,12000.0
2024-09-09 11:00,674.0698133700002,5000.0,8000.0,12000.0
2024-09-09 12:00,658.2963098700002,5000.0,8000.0,12000.0
2024-09-09 13:00,633.3876169200001,5000.0,8000.0,12000.0
2024-09-09 14:00,620.2295949900002,5000.0,8000.0,12000.0
2024-09-09 15:00,592.48976994,5000.0,8000.0,12000.0
2024-09-09 16:00,585.7139830499999,5000.0,8000.0,12000.0
2024-09-09 17:00,874.5220901100002,5000.0,8000.0,12000.0
2024-09-09 18:00,954.9517476000004,5000.0,8000.0,12000.0
2024-09-09 19:00,1045.7619113700005,5000.0,8000.0,12000.0
2024-09-09 20:00,839.7968306400005,5000.0,8000.0,12000.0
2024-09-09 21:00,856.8607624800005,5000.0,8000.0,12000.0
2024-09-09 22:00,826.3405437900004,5000.0,8000.0,12000.0
2024-09-09 23:00,541.88472627,5000.0,8000.0,12000.0
2024-09-10 00:00,542.52642144,5000.0,8000.0,12000.0
2024-09-10 01:00,551.4687551999999,5000.0,8000.0,12000.0
2024-09-10 02:00,553.99413588,5000.0,8000.0,12000.0
2024-09-10 03:00,554.4909310500001,5000.0,8000.0,12000.0
2024-09-10 04:00,553.20754071,5000.0,8000.0,12000.0
2024-09-10 05:00,553.91133657,5000.0,8000.0,12000.0
2024-09-10 06:00,563.0693319000003,5000.0,8000.0,12000.0
2024-09-10 07:00,566.4640456500002,5000.0,8000.0,12000.0
2024-09-10 08:00,576.8015000700003,5000.0,8000.0,12000.0
2024-09-10 09:00,611.7141428400002,5000.0,8000.0,12000.0
2024-09-10 10:00,655.0121189400002,5000.0,8000.0,12000.0
2024-09-10 11:00,681.9702112500001,5000.0,8000.0,12000.0
2024-09-10 12:00,704.9609781300002,5000.0,8000.0,12000.0
2024-09-10 13:00,638.8178023800002,5000.0,8000.0,12000.0
2024-09-10 14:00,603.7453494000002,5000.0,8000.0,12000.0
2024-09-10 15:00,580.9046975399999,5000.0,8000.0,12000.0
2024-09-10 16:00,584.59619202,5000.0,8000.0,12000.0
2024-09-10 17:00,917.3917493966669,5000.0,8000.0,12000.0
2024-09-10 18:00,926.9793670200005,5000.0,8000.0,12000.0
2024-09-10 19:00,890.6364308400005,5000.0,8000.0,12000.0
2024-09-10 20:00,944.4005284200006,5000.0,8000.0,12000.0
2024-09-10 21:00,880.0240728300006,5000.0,8000.0,12000.0
2024-09-10 22:00,781.2559079100005,5000.0,8000.0,12000.0
2024-09-10 23:00,543.04391661,5000.0,8000.0,12000.0
2024-09-11 00:00,542.34012282,5000.0,8000.0,12000.0
2024-09-11 01:00,548.7984745199999,5000.0,8000.0,12000.0
2024-09-11 02:00,552.02765244,5000.0,8000.0,12000.0
2024-09-11 03:00,553.37314071,5000.0,8000.0,12000.0
2024-09-11 04:00,553.62153864,5000.0,8000.0,12000.0
2024-09-11 05:00,554.98772898,5000.0,8000.0,12000.0
2024-09-11 06:00,564.0974905500003,5000.0,8000.0,12000.0
2024-09-11 07:00,573.3775013400002,5000.0,8000.0,12000.0
2024-09-11 08:00,582.5630311200003,5000.0,8000.0,12000.0
2024-09-11 09:00,612.6593993700003,5000.0,8000.0,12000.0
2024-09-11 10:00,679.1066691600003,5000.0,8000.0,12000.0
2024-09-11 11:00,645.1587830100002,5000.0,8000.0,12000.0
2024-09-11 12:00,663.8716671900002,5000.0,8000.0,12000.0
2024-09-11 13:00,614.0813506800001,5000.0,8000.0,12000.0
2024-09-11 14:00,618.7942707900002,5000.0,8000.0,12000.0
2024-09-11 15:00,568.995321,5000.0,8000.0,12000.0
2024-09-11 16:00,604.58544027,5000.0,8000.0,12000.0
2024-09-11 17:00,778.7847087900003,5000.0,8000.0,12000.0
2024-09-11 18:00,997.4007125100005,5000.0,8000.0,12000.0
2024-09-11 19:00,939.2814853500005,5000.0,8000.0,12000.0
2024-09-11 20:00,942.5856600600006,5000.0,8000.0,12000.0
2024-09-11 21:00,1045.2582120600007,5000.0,8000.0,12000.0
2024-09-11 22:00,651.0877777500006,5000.0,8000.0,12000.0
2024-09-11 23:00,542.17452489,5000.0,8000.0,12000.0
2024-09-12 00:00,541.88472627,5000.0,8000.0,12000.0
2024-09-12 01:00,551.77925313,5000.0,8000.0,12000.0
2024-09-12 02:00,554.78073105,5000.0,8000.0,12000.0
2024-09-12 03:00,554.38743381,5000.0,8000.0,12000.0
2024-09-12 04:00,554.82212898,5000.0,8000.0,12000.0
2024-09-12 05:00,553.7664379500001,5000.0,8000.0,12000.0
2024-09-12 06:00,561.8619367800003,5000.0,8000.0,12000.0
2024-09-12 07:00,567.7888339200002,5000.0,8000.0,12000.0
2024-09-12 08:00,576.1943628600004,5000.0,8000.0,12000.0
2024-09-12 09:00,597.5001842400002,5000.0,8000.0,12000.0
2024-09-12 10:00,638.8660299300002,5000.0,8000.0,12000.0
2024-09-12 11:00,639.3973554600001,5000.0,8000.0,12000.0
2024-09-12 12:00,647.0840065200002,5000.0,8000.0,12000.0
2024-09-12 13:00,689.6706423000002,5000.0,8000.0,12000.0
2024-09-12 14:00,629.0752500900002,5000.0,8000.0,12000.0
2024-09-12 15:00,574.33591479,5000.0,8000.0,12000.0
2024-09-12 16:00,563.8479403199999,5000.0,8000.0,12000.0
2024-09-12 17:00,716.1604150500002,5000.0,8000.0,12000.0
2024-09-12 18:00,886.2003470100004,5000.0,8000.0,12000.0
2024-09-12 19:00,974.6922329100004,5000.0,8000.0,12000.0
2024-09-12 20:00,1009.5709918500005,5000.0,8000.0,12000.0
2024-09-12 21:00,944.0280236400006,5000.0,8000.0,12000.0
2024-09-12 22:00,865.5461581800005,5000.0,8000.0,12000.0
2024-09-12 23:00,541.65702696,5000.0,8000.0,12000.0
2024-09-13 00:00,542.7127186800001,5000.0,8000.0,12000.0
2024-09-13 01:00,548.9640738300001,5000.0,8000.0,12000.0
2024-09-13 02:00,553.9320351900001,5000.0,8000.0,12000.0
2024-09-13 03:00,553.7871365699999,5000.0,8000.0,12000.0
2024-09-13 04:00,555.09122829,5000.0,8000.0,12000.0
2024-09-13 05:00,556.2090207,5000.0,8000.0,12000.0
2024-09-13 06:00,566.8022029200002,5000.0,8000.0,12000.0
2024-09-13 07:00,568.1820794100003,5000.0,8000.0,12000.0
2024-09-13 08:00,585.1228262400003,5000.0,8000.0,12000.0
2024-09-13 09:00,604.5174435300003,5000.0,8000.0,12000.0
2024-09-13 10:00,632.1247423500002,5000.0,8000.0,12000.0
2024-09-13 11:00,653.6044050900002,5000.0,8000.0,12000.0
2024-09-13 12:00,694.7215444200003,5000.0,8000.0,12000.0
2024-09-13 13:00,642.4610244600002,5000.0,8000.0,12000.0
2024-09-13 14:00,616.1998797600003,5000.0,8000.0,12000.0
2024-09-13 15:00,573.5217113399999,5000.0,8000.0,12000.0
2024-09-13 16:00,572.6178106499999,5000.0,8000.0,12000.0
2024-09-13 17:00,750.8190564000001,5000.0,8000.0,12000.0
2024-09-13 18:00,874.8360304500004,5000.0,8000.0,12000.0
2024-09-13 19:00,939.8886446400005,5000.0,8000.0,12000.0
2024-09-13 20:00,1039.1237339400004,5000.0,8000.0,12000.0
2024-09-13 21:00,926.1365347800006,5000.0,8000.0,12000.0
2024-09-13 22:00,844.3080720300004,5000.0,8000.0,12000.0
2024-09-13 23:00,544.53430833,5000.0,8000.0,12000.0
2024-09-14 00:00,544.41010488,5000.0,8000.0,12000.0
2024-09-14 01:00,549.0054724500001,5000.0,8000.0,12000.0
2024-09-14 02:00,550.9305593400001,5000.0,8000.0,12000.0
2024-09-14 03:00,552.04834899,5000.0,8000.0,12000.0
2024-09-14 04:00,553.80783933,5000.0,8000.0,12000.0
2024-09-14 05:00,554.3460345,5000.0,8000.0,12000.0
2024-09-14 06:00,567.2024167200002,5000.0,8000.0,12000.0
2024-09-14 07:00,575.2268931600003,5000.0,8000.0,12000.0
2024-09-14 08:00,577.1741663100004,5000.0,8000.0,12000.0
2024-09-14 09:00,597.2379525000002,5000.0,8000.0,12000.0
2024-09-14 10:00,620.0429907000001,5000.0,8000.0,12000.0
2024-09-14 11:00,667.1145768000002,5000.0,8000.0,12000.0
2024-09-14 12:00,636.1682410200002,5000.0,8000.0,12000.0
2024-09-14 13:00,698.8819587600002,5000.0,8000.0,12000.0
2024-09-14 14:00,642.0194686200001,5000.0,8000.0,12000.0
2024-09-14 15:00,583.7681865,5000.0,8000.0,12000.0
2024-09-14 16:00,582.2294940899999,5000.0,8000.0,12000.0
2024-09-14 17:00,832.7288480700003,5000.0,8000.0,12000.0
2024-09-14 18:00,975.7553490300005,5000.0,8000.0,12000.0
2024-09-14 19:00,958.8913115700004,5000.0,8000.0,12000.0
2024-09-14 20:00,1010.3370477900004,5000.0,8000.0,12000.0
2024-09-14 21:00,779.8153569600005,5000.0,8000.0,12000.0
2024-09-14 22:00,797.2570148100004,5000.0,8000.0,12000.0
2024-09-14 23:00,541.0153311,5000.0,8000.0,12000.0
2024-09-15 00:00,540.91183386,5000.0,8000.0,12000.0
2024-09-15 01:00,549.81276624,5000.0,8000.0,12000.0
2024-09-15 02:00,553.7043386400001,5000.0,8000.0,12000.0
2024-09-15 03:00,552.2967483,5000.0,8000.0,12000.0
2024-09-15 04:00,553.45593933,5000.0,8000.0,12000.0
2024-09-15 05:00,555.44312553,5000.0,8000.0,12000.0
2024-09-15 06:00,561.0546298800002,5000.0,8000.0,12000.0
2024-09-15 07:00,570.9074752200002,5000.0,8000.0,12000.0
2024-09-15 08:00,574.4556284100004,5000.0,8000.0,12000.0
2024-09-15 09:00,589.8964870500002,5000.0,8000.0,12000.0
2024-09-15 10:00,660.1041429900001,5000.0,8000.0,12000.0
2024-09-15 11:00,658.0823808900002,5000.0,8000.0,12000.0
2024-09-15 12:00,652.4796243600001,5000.0,8000.0,12000.0
2024-09-15 13:00,685.9584043500001,5000.0,8000.0,12000.0
2024-09-15 14:00,621.7819328400002,5000.0,8000.0,12000.0
2024-09-15 15:00,569.96131686,5000.0,8000.0,12000.0
2024-09-15 16:00,586.0796927099999,5000.0,8000.0,12000.0
2024-09-15 17:00,782.2761163800002,5000.0,8000.0,12000.0
2024-09-15 18:00,942.5939828400004,5000.0,8000.0,12000.0
2024-09-15 19:00,865.4999695800005,5000.0,8000.0,12000.0
2024-09-15 20:00,1040.2002070800006,5000.0,8000.0,12000.0
2024-09-15 21:00,970.9450223100005,5000.0,8000.0,12000.0
2024-09-15 22:00,785.6788679400004,5000.0,8000.0,12000.0
2024-09-15 23:00,540.99463041,5000.0,8000.0,12000.0
2024-09-16 00:00,544.7206055700001,5000.0,8000.0,12000.0
2024-09-16 01:00,551.30315658,5000.0,8000.0,12000.0
2024-09-16 02:00,553.43524002,5000.0,8000.0,12000.0
2024-09-16 03:00,553.6836400200001,5000.0,8000.0,12000.0
2024-09-16 04:00,553.49734071,5000.0,8000.0,12000.0
2024-09-16 05:00,554.34603312,5000.0,8000.0,12000.0
2024-09-16 06:00,566.1121256400003,5000.0,8000.0,12000.0
2024-09-16 07:00,573.6605883300002,5000.0,8000.0,12000.0
2024-09-16 08:00,582.4318234800004,5000.0,8000.0,12000.0
2024-09-16 09:00,602.5785221400002,5000.0,8000.0,12000.0
2024-09-16 10:00,675.4636044000001,5000.0,8000.0,12000.0
2024-09-16 11:00,656.0746009500001,5000.0,8000.0,12000.0
2024-09-16 12:00,687.6213222900002,5000.0,8000.0,12000.0
2024-09-16 13:00,682.2600291900002,5000.0,8000.0,12000.0
2024-09-16 14:00,644.8899189900002,5000.0,8000.0,12000.0
2024-09-16 15:00,578.9864934,5000.0,8000.0,12000.0
2024-09-16 16:00,575.0052120299999,5000.0,8000.0,12000.0
2024-09-16 17:00,805.7430032700001,5000.0,8000.0,12000.0
2024-09-16 18:00,923.9297816100005,5000.0,8000.0,12000.0
2024-09-16 19:00,977.5974199500005,5000.0,8000.0,12000.0
2024-09-16 20:00,965.4041380800005,5000.0,8000.0,12000.0
2024-09-16 21:00,829.2744196500006,5000.0,8000.0,12000.0
2024-09-16 22:00,800.7692279700004,5000.0,8000.0,12000.0
2024-09-16 23:00,542.81621661,5000.0,8000.0,12000.0
2024-09-17 00:00,544.7827028099999,5000.0,8000.0,12000.0
2024-09-17 01:00,551.71715175,5000.0,8000.0,12000.0
2024-09-17 02:00,551.26175796,5000.0,8000.0,12000.0
2024-09-17 03:00,553.72503795,5000.0,8000.0,12000.0
2024-09-17 04:00,555.2775262199999,5000.0,8000.0,12000.0
2024-09-17 05:00,555.15332691,5000.0,8000.0,12000.0
2024-09-17 06:00,561.6480423000004,5000.0,8000.0,12000.0
2024-09-17 07:00,568.8099318000002,5000.0,8000.0,12000.0
2024-09-17 08:00,578.7265835100004,5000.0,8000.0,12000.0
2024-09-17 09:00,594.7126477200002,5000.0,8000.0,12000.0
2024-09-17 10:00,646.7457443700001,5000.0,8000.0,12000.0
2024-09-17 11:00,680.2934608800002,5000.0,8000.0,12000.0
2024-09-17 12:00,691.1609339700002,5000.0,8000.0,12000.0
2024-09-17 13:00,652.8523533900002,5000.0,8000.0,12000.0
2024-09-17 14:00,621.7751080500002,5000.0,8000.0,12000.0
2024-09-17 15:00,584.06489754,5000.0,8000.0,12000.0
2024-09-17 16:00,578.33100237,5000.0,8000.0,12000.0
2024-09-17 17:00,815.0786584200002,5000.0,8000.0,12000.0
2024-09-17 18:00,935.2110973800004,5000.0,8000.0,12000.0
2024-09-17 19:00,1035.2119624800005,5000.0,8000.0,12000.0
2024-09-17 20:00,914.8894292100006,5000.0,8000.0,12000.0
2024-09-17 21:00,868.4596466100005,5000.0,8000.0,12000.0
2024-09-17 22:00,788.2180368900005,5000.0,8000.0,12000.0
2024-09-17 23:00,542.42292351,5000.0,8000.0,12000.0
2024-09-18 00:00,544.2031083300001,5000.0,8000.0,12000.0
2024-09-18 01:00,551.40665658,5000.0,8000.0,12000.0
2024-09-18 02:00,552.13114899,5000.0,8000.0,12000.0
2024-09-18 03:00,552.56584692,5000.0,8000.0,12000.0
2024-09-18 04:00,553.60083933,5000.0,8000.0,12000.0
2024-09-18 05:00,556.27112001,5000.0,8000.0,12000.0
2024-09-18 06:00,563.1383988300003,5000.0,8000.0,12000.0
2024-09-18 07:00,577.8212145000002,5000.0,8000.0,12000.0
2024-09-18 08:00,585.6886434900005,5000.0,8000.0,12000.0
2024-09-18 09:00,610.5755779800002,5000.0,8000.0,12000.0
2024-09-18 10:00,649.1469588600002,5000.0,8000.0,12000.0
2024-09-18 11:00,670.8611615700003,5000.0,8000.0,12000.0
2024-09-18 12:00,632.0695651200002,5000.0,8000.0,12000.0
2024-09-18 13:00,633.9739830600003,5000.0,8000.0,12000.0
2024-09-18 14:00,654.6949445700003,5000.0,8000.0,12000.0
2024-09-18 15:00,594.66327201,5000.0,8000.0,12000.0
2024-09-18 16:00,567.8568237599999,5000.0,8000.0,12000.0
2024-09-18 17:00,771.2223474300002,5000.0,8000.0,12000.0
2024-09-18 18:00,889.9746884100005,5000.0,8000.0,12000.0
2024-09-18 19:00,1113.1060210800003,5000.0,8000.0,12000.0
2024-09-18 20:00,873.8068954500005,5000.0,8000.0,12000.0
2024-09-18 21:00,945.8361024000005,5000.0,8000.0,12000.0
2024-09-18 22:00,755.9193328500005,5000.0,8000.0,12000.0
2024-09-18 23:00,543.47861247,5000.0,8000.0,12000.0
2024-09-19 00:00,543.54071385,5000.0,8000.0,12000.0
2024-09-19 01:00,551.30315727,5000.0,8000.0,12000.0
2024-09-19 02:00,553.5801393300001,5000.0,8000.0,12000.0
2024-09-19 03:00,554.1390351900001,5000.0,8000.0,12000.0
2024-09-19 04:00,553.78713864,5000.0,8000.0,12000.0
2024-09-19 05:00,553.68363933,5000.0,8000.0,12000.0
2024-09-19 06:00,562.1378670900002,5000.0,8000.0,12000.0
2024-09-19 07:00,569.9621393400001,5000.0,8000.0,12000.0
2024-09-19 08:00,578.2435835100003,5000.0,8000.0,12000.0
2024-09-19 09:00,612.5973290400002,5000.0,8000.0,12000.0
2024-09-19 10:00,639.4456754700002,5000.0,8000.0,12000.0
2024-09-19 11:00,679.0651753200002,5000.0,8000.0,12000.0
2024-09-19 12:00,651.1962505800002,5000.0,8000.0,12000.0
2024-09-19 13:00,647.8221906000001,5000.0,8000.0,12000.0
2024-09-19 14:00,638.1418031700002,5000.0,8000.0,12000.0
2024-09-19 15:00,594.18717477,5000.0,8000.0,12000.0
2024-09-19 16:00,580.18709547,5000.0,8000.0,12000.0
2024-09-19 17:00,839.8496397900002,5000.0,8000.0,12000.0
2024-09-19 18:00,983.2626076800005,5000.0,8000.0,12000.0
2024-09-19 19:00,993.0808005300005,5000.0,8000.0,12000.0
2024-09-19 20:00,861.5250431100006,5000.0,8000.0,12000.0
2024-09-19 21:00,881.7351258600006,5000.0,8000.0,12000.0
2024-09-19 22:00,784.7059955400005,5000.0,8000.0,12000.0
2024-09-19 23:00,539.27654352,5000.0,8000.0,12000.0
2024-09-20 00:00,542.11242351,5000.0,8000.0,12000.0
2024-09-20 01:00,551.44805451,5000.0,8000.0,12000.0
2024-09-20 02:00,553.2282414,5000.0,8000.0,12000.0
2024-09-20 03:00,553.7457379499999,5000.0,8000.0,12000.0
2024-09-20 04:00,553.5801393300001,5000.0,8000.0,12000.0
2024-09-20 05:00,553.97343726,5000.0,8000.0,12000.0
2024-09-20 06:00,564.3458463900002,5000.0,8000.0,12000.0
2024-09-20 07:00,571.5630400800002,5000.0,8000.0,12000.0
2024-09-20 08:00,582.0386228400004,5000.0,8000.0,12000.0
2024-09-20 09:00,617.6342234700002,5000.0,8000.0,12000.0
2024-09-20 10:00,672.6551588100002,5000.0,8000.0,12000.0
2024-09-20 11:00,618.4628900100001,5000.0,8000.0,12000.0
2024-09-20 12:00,626.4461286000003,5000.0,8000.0,12000.0
2024-09-20 13:00,644.0549437800001,5000.0,8000.0,12000.0
2024-09-20 14:00,619.5187949400002,5000.0,8000.0,12000.0
2024-09-20 15:00,596.2916657999999,5000.0,8000.0,12000.0
2024-09-20 16:00,634.92469059,5000.0,8000.0,12000.0
2024-09-20 17:00,772.4505212100004,5000.0,8000.0,12000.0
2024-09-20 18:00,960.7065483900005,5000.0,8000.0,12000.0
2024-09-20 19:00,930.4840453800006,5000.0,8000.0,12000.0
2024-09-20 20:00,898.9917388200006,5000.0,8000.0,12000.0
2024-09-20 21:00,1040.7384367500006,5000.0,8000.0,12000.0
2024-09-20 22:00,748.0462127400004,5000.0,8000.0,12000.0
2024-09-20 23:00,542.48502144,5000.0,8000.0,12000.0
2024-09-21 00:00,543.62351385,5000.0,8000.0,12000.0
2024-09-21 01:00,551.13755589,5000.0,8000.0,12000.0
2024-09-21 02:00,552.79354554,5000.0,8000.0,12000.0
2024-09-21 03:00,554.2425344999999,5000.0,8000.0,12000.0
2024-09-21 04:00,553.7664379500001,5000.0,8000.0,12000.0
2024-09-21 05:00,556.00202139,5000.0,8000.0,12000.0
2024-09-21 06:00,565.8982767000002,5000.0,8000.0,12000.0
2024-09-21 07:00,575.3717020800002,5000.0,8000.0,12000.0
2024-09-21 08:00,579.8581386600003,5000.0,8000.0,12000.0
2024-09-21 09:00,599.6116070100002,5000.0,8000.0,12000.0
2024-09-21 10:00,669.9988727100002,5000.0,8000.0,12000.0
2024-09-21 11:00,634.4501506800002,5000.0,8000.0,12000.0
2024-09-21 12:00,662.4914864100002,5000.0,8000.0,12000.0
2024-09-21 13:00,678.4304443200001,5000.0,8000.0,12000.0
2024-09-21 14:00,637.8174859200002,5000.0,8000.0,12000.0
2024-09-21 15:00,574.1703099599999,5000.0,8000.0,12000.0
2024-09-21 16:00,582.01559685,5000.0,8000.0,12000.0
2024-09-21 17:00,830.3069591100003,5000.0,8000.0,12000.0
2024-09-21 18:00,1071.6031096500005,5000.0,8000.0,12000.0
2024-09-21 19:00,985.0559563200004,5000.0,8000.0,12000.0
2024-09-21 20:00,941.4475023000006,5000.0,8000.0,12000.0
2024-09-21 21:00,830.3234618400005,5000.0,8000.0,12000.0
2024-09-21 22:00,697.0003881000006,5000.0,8000.0,12000.0
2024-09-21 23:00,544.38940626,5000.0,8000.0,12000.0
2024-09-22 00:00,539.79404145,5000.0,8000.0,12000.0
2024-09-22 01:00,549.56436693,5000.0,8000.0,12000.0
2024-09-22 02:00,551.79995106,5000.0,8000.0,12000.0
2024-09-22 03:00,553.53873864,5000.0,8000.0,12000.0
2024-09-22 04:00,554.40813243,5000.0,8000.0,12000.0
2024-09-22 05:00,554.76003105,5000.0,8000.0,12000.0
2024-09-22 06:00,561.8894788200002,5000.0,8000.0,12000.0
2024-09-22 07:00,571.4802683700002,5000.0,8000.0,12000.0
2024-09-22 08:00,589.5526145100005,5000.0,8000.0,12000.0
2024-09-22 09:00,620.0009634900002,5000.0,8000.0,12000.0
2024-09-22 10:00,670.8956581200001,5000.0,8000.0,12000.0
2024-09-22 11:00,630.5033313600002,5000.0,8000.0,12000.0
2024-09-22 12:00,617.0898755700002,5000.0,8000.0,12000.0
2024-09-22 13:00,629.4890072100002,5000.0,8000.0,12000.0
2024-09-22 14:00,626.7083989800002,5000.0,8000.0,12000.0
2024-09-22 15:00,605.12364096,5000.0,8000.0,12000.0
2024-09-22 16:00,593.95946442,5000.0,8000.0,12000.0
2024-09-22 17:00,774.6447101700002,5000.0,8000.0,12000.0
2024-09-22 18:00,927.8762145300004,5000.0,8000.0,12000.0
2024-09-22 19:00,975.4374522300004,5000.0,8000.0,12000.0
2024-09-22 20:00,972.2904712500005,5000.0,8000.0,12000.0
2024-09-22 21:00,891.3883190100006,5000.0,8000.0,12000.0
2024-09-22 22:00,876.6482988900004,5000.0,8000.0,12000.0
2024-09-22 23:00,540.43573455,5000.0,8000.0,12000.0
2024-09-23 00:00,546.60429039,5000.0,8000.0,12000.0
2024-09-23 01:00,550.5372607200001,5000.0,8000.0,12000.0
2024-09-23 02:00,553.04194278,5000.0,8000.0,12000.0
2024-09-23 03:00,551.9241531299999,5000.0,8000.0,12000.0
2024-09-23 04:00,553.66293864,5000.0,8000.0,12000.0
2024-09-23 05:00,554.3046345,5000.0,8000.0,12000.0
2024-09-23 06:00,564.2078229300002,5000.0,8000.0,12000.0
2024-09-23 07:00,570.5211614700003,5000.0,8000.0,12000.0
2024-09-23 08:00,578.7335345700004,5000.0,8000.0,12000.0
2024-09-23 09:00,597.4244001600002,5000.0,8000.0,12000.0
2024-09-23 10:00,634.5950700000002,5000.0,8000.0,12000.0
2024-09-23 11:00,634.4638609800002,5000.0,8000.0,12000.0
2024-09-23 12:00,642.3989044500001,5000.0,8000.0,12000.0
2024-09-23 13:00,695.9219698500002,5000.0,8000.0,12000.0
2024-09-23 14:00,636.0304038600002,5000.0,8000.0,12000.0
2024-09-23 15:00,579.2142037499999,5000.0,8000.0,12000.0
2024-09-23 16:00,577.72380858,5000.0,8000.0,12000.0
2024-09-23 17:00,874.0045818400001,5000.0,8000.0,12000.0
2024-09-23 18:00,929.3252931900005,5000.0,8000.0,12000.0
2024-09-23 19:00,954.7236211800005,5000.0,8000.0,12000.0
2024-09-23 20:00,993.7561628700005,5000.0,8000.0,12000.0
2024-09-23 21:00,885.2470982100006,5000.0,8000.0,12000.0
2024-09-23 22:00,783.7400231400005,5000.0,8000.0,12000.0
2024-09-23 23:00,542.2159228200001,5000.0,8000.0,12000.0
2024-09-24 00:00,542.09172489,5000.0,8000.0,12000.0
2024-09-24 01:00,551.13755658,5000.0,8000.0,12000.0
2024-09-24 02:00,552.06905106,5000.0,8000.0,12000.0
2024-09-24 03:00,551.5308545099999,5000.0,8000.0,12000.0
2024-09-24 04:00,555.1326276,5000.0,8000.0,12000.0
2024-09-24 05:00,554.3046338099999,5000.0,8000.0,12000.0
2024-09-24 06:00,564.1663884300002,5000.0,8000.0,12000.0
2024-09-24 07:00,570.6867117900002,5000.0,8000.0,12000.0
2024-09-24 08:00,590.2150483200004,5000.0,8000.0,12000.0
2024-09-24 09:00,597.5415690600003,5000.0,8000.0,12000.0
2024-09-24 10:00,632.7113727600002,5000.0,8000.0,12000.0
2024-09-24 11:00,660.4285865100003,5000.0,8000.0,12000.0
2024-09-24 12:00,660.5733699000001,5000.0,8000.0,12000.0
2024-09-24 13:00,651.8518547700002,5000.0,8000.0,12000.0
2024-09-24 14:00,625.1215073100003,5000.0,8000.0,12000.0
2024-09-24 15:00,577.04760582,5000.0,8000.0,12000.0
2024-09-24 16:00,607.70424717,5000.0,8000.0,12000.0
2024-09-24 17:00,846.5633321933335,5000.0,8000.0,12000.0
2024-09-24 18:00,949.8871717500006,5000.0,8000.0,12000.0
2024-09-24 19:00,1021.7016886500004,5000.0,8000.0,12000.0
2024-09-24 20:00,894.8036720400006,5000.0,8000.0,12000.0
2024-09-24 21:00,923.8941196500006,5000.0,8000.0,12000.0
2024-09-24 22:00,711.0278548800004,5000.0,8000.0,12000.0
2024-09-24 23:00,543.78911454,5000.0,8000.0,12000.0
2024-09-25 00:00,542.36082213,5000.0,8000.0,12000.0
2024-09-25 01:00,548.92267452,5000.0,8000.0,12000.0
2024-09-25 02:00,551.73785244,5000.0,8000.0,12000.0
2024-09-25 03:00,551.24105382,5000.0,8000.0,12000.0
2024-09-25 04:00,554.9049282899999,5000.0,8000.0,12000.0
2024-09-25 05:00,554.8014303599999,5000.0,8000.0,12000.0
2024-09-25 06:00,570.0864801000002,5000.0,8000.0,12000.0
2024-09-25 07:00,572.7290490000001,5000.0,8000.0,12000.0
2024-09-25 08:00,582.5422476300004,5000.0,8000.0,12000.0
2024-09-25 09:00,598.5627483600002,5000.0,8000.0,12000.0
2024-09-25 10:00,659.8489747800002,5000.0,8000.0,12000.0
2024-09-25 11:00,662.0223229800001,5000.0,8000.0,12000.0
2024-09-25 12:00,658.4067671400002,5000.0,8000.0,12000.0
2024-09-25 13:00,656.0124381600001,5000.0,8000.0,12000.0
2024-09-25 14:00,610.7419790700003,5000.0,8000.0,12000.0
2024-09-25 15:00,579.55229961,5000.0,8000.0,12000.0
2024-09-25 16:00,589.8815671799999,5000.0,8000.0,12000.0
2024-09-25 17:00,955.1415983533335,5000.0,8000.0,12000.0
2024-09-25 18:00,1061.5774407000004,5000.0,8000.0,12000.0
2024-09-25 19:00,958.4496812100004,5000.0,8000.0,12000.0
2024-09-25 20:00,793.5049783500004,5000.0,8000.0,12000.0
2024-09-25 21:00,837.7754487300006,5000.0,8000.0,12000.0
2024-09-25 22:00,745.5622555200005,5000.0,8000.0,12000.0
2024-09-25 23:00,541.94682558,5000.0,8000.0,12000.0
2024-09-26 00:00,543.41651316,5000.0,8000.0,12000.0
2024-09-26 01:00,552.0069524400001,5000.0,8000.0,12000.0
2024-09-26 02:00,552.0483510600001,5000.0,8000.0,12000.0
2024-09-26 03:00,551.88275244,5000.0,8000.0,12000.0
2024-09-26 04:00,555.7950234599999,5000.0,8000.0,12000.0
2024-09-26 05:00,555.56732484,5000.0,8000.0,12000.0
2024-09-26 06:00,561.3857788200003,5000.0,8000.0,12000.0
2024-09-26 07:00,565.3943745300003,5000.0,8000.0,12000.0
2024-09-26 08:00,585.3643648800004,5000.0,8000.0,12000.0
2024-09-26 09:00,608.6919021300001,5000.0,8000.0,12000.0
2024-09-26 10:00,662.6709609300001,5000.0,8000.0,12000.0
2024-09-26 11:00,689.6359146000001,5000.0,8000.0,12000.0
2024-09-26 12:00,687.6282216000002,5000.0,8000.0,12000.0
2024-09-26 13:00,652.7351292900003,5000.0,8000.0,12000.0
2024-09-26 14:00,629.5375776900003,5000.0,8000.0,12000.0
2024-09-26 15:00,579.6144078899999,5000.0,8000.0,12000.0
2024-09-26 16:00,571.37582514,5000.0,8000.0,12000.0
2024-09-26 17:00,802.6379832600002,5000.0,8000.0,12000.0
2024-09-26 18:00,949.1007621900006,5000.0,8000.0,12000.0
2024-09-26 19:00,865.0168481400007,5000.0,8000.0,12000.0
2024-09-26 20:00,994.7222794800005,5000.0,8000.0,12000.0
2024-09-26 21:00,858.5788493700005,5000.0,8000.0,12000.0
2024-09-26 22:00,845.5157466000005,5000.0,8000.0,12000.0
2024-09-26 23:00,542.77482006,5000.0,8000.0,12000.0
2024-09-27 00:00,539.83543938,5000.0,8000.0,12000.0
2024-09-27 01:00,551.90345175,5000.0,8000.0,12000.0
2024-09-27 02:00,554.59443243,5000.0,8000.0,12000.0
2024-09-27 03:00,551.61365451,5000.0,8000.0,12000.0
2024-09-27 04:00,553.89063726,5000.0,8000.0,12000.0
2024-09-27 05:00,555.60872484,5000.0,8000.0,12000.0
2024-09-27 06:00,565.2910987800003,5000.0,8000.0,12000.0
2024-09-27 07:00,571.1489890200003,5000.0,8000.0,12000.0
2024-09-27 08:00,579.4166159400004,5000.0,8000.0,12000.0
2024-09-27 09:00,602.9373366300002,5000.0,8000.0,12000.0
2024-09-27 10:00,637.2307941000001,5000.0,8000.0,12000.0
2024-09-27 11:00,620.6570941500001,5000.0,8000.0,12000.0
2024-09-27 12:00,675.6430264800001,5000.0,8000.0,12000.0
2024-09-27 13:00,644.6483520600001,5000.0,8000.0,12000.0
2024-09-27 14:00,626.3842556100003,5000.0,8000.0,12000.0
2024-09-27 15:00,573.0456141,5000.0,8000.0,12000.0
2024-09-27 16:00,571.3896216899999,5000.0,8000.0,12000.0
2024-09-27 17:00,793.3919853300001,5000.0,8000.0,12000.0
2024-09-27 18:00,944.0153973300005,5000.0,8000.0,12000.0
2024-09-27 19:00,969.8483756400005,5000.0,8000.0,12000.0
2024-09-27 20:00,898.5293919000004,5000.0,8000.0,12000.0
2024-09-27 21:00,1005.0792422700005,5000.0,8000.0,12000.0
2024-09-27 22:00,799.8859279200005,5000.0,8000.0,12000.0
2024-09-27 23:00,544.67920488,5000.0,8000.0,12000.0
2024-09-28 00:00,539.56634283,5000.0,8000.0,12000.0
2024-09-28 01:00,551.3445552,5000.0,8000.0,12000.0
2024-09-28 02:00,553.10404278,5000.0,8000.0,12000.0
2024-09-28 03:00,554.01483588,5000.0,8000.0,12000.0
2024-09-28 04:00,554.67723105,5000.0,8000.0,12000.0
2024-09-28 05:00,552.6693462300001,5000.0,8000.0,12000.0
2024-09-28 06:00,563.3523029700003,5000.0,8000.0,12000.0
2024-09-28 07:00,579.2286813300002,5000.0,8000.0,12000.0
2024-09-28 08:00,584.2258345200004,5000.0,8000.0,12000.0
2024-09-28 09:00,604.1931642300002,5000.0,8000.0,12000.0
2024-09-28 10:00,620.8227390000001,5000.0,8000.0,12000.0
2024-09-28 11:00,640.6532154900002,5000.0,8000.0,12000.0
2024-09-28 12:00,663.3677436300002,5000.0,8000.0,12000.0
2024-09-28 13:00,660.0972678300002,5000.0,8000.0,12000.0
2024-09-28 14:00,650.2650238200002,5000.0,8000.0,12000.0
2024-09-28 15:00,584.90670582,5000.0,8000.0,12000.0
2024-09-28 16:00,587.70118512,5000.0,8000.0,12000.0
2024-09-28 17:00,792.0947963700003,5000.0,8000.0,12000.0
2024-09-28 18:00,962.0725869300006,5000.0,8000.0,12000.0
2024-09-28 19:00,1001.9196039300004,5000.0,8000.0,12000.0
2024-09-28 20:00,965.5975892400005,5000.0,8000.0,12000.0
2024-09-28 21:00,915.4693314300005,5000.0,8000.0,12000.0
2024-09-28 22:00,748.5155114100004,5000.0,8000.0,12000.0
2024-09-28 23:00,541.71912696,5000.0,8000.0,12000.0
2024-09-29 00:00,544.63780626,5000.0,8000.0,12000.0
2024-09-29 01:00,550.33026348,5000.0,8000.0,12000.0
2024-09-29 02:00,553.3317427799999,5000.0,8000.0,12000.0
2024-09-29 03:00,554.53233174,5000.0,8000.0,12000.0
2024-09-29 04:00,553.43524071,5000.0,8000.0,12000.0
2024-09-29 05:00,555.6294248400001,5000.0,8000.0,12000.0
2024-09-29 06:00,568.8652470300002,5000.0,8000.0,12000.0
2024-09-29 07:00,571.7769104100003,5000.0,8000.0,12000.0
2024-09-29 08:00,584.7502027800003,5000.0,8000.0,12000.0
2024-09-29 09:00,633.3247434300002,5000.0,8000.0,12000.0
2024-09-29 10:00,666.6936712800001,5000.0,8000.0,12000.0
2024-09-29 11:00,676.2432312600001,5000.0,8000.0,12000.0
2024-09-29 12:00,635.8853513700002,5000.0,8000.0,12000.0
2024-09-29 13:00,628.8198293400002,5000.0,8000.0,12000.0
2024-09-29 14:00,595.4862667500003,5000.0,8000.0,12000.0
2024-09-29 15:00,596.7608644200001,5000.0,8000.0,12000.0
2024-09-29 16:00,584.72729547,5000.0,8000.0,12000.0
2024-09-29 17:00,794.1992984400002,5000.0,8000.0,12000.0
2024-09-29 18:00,924.2745525300005,5000.0,8000.0,12000.0
2024-09-29 19:00,920.5616452800004,5000.0,8000.0,12000.0
2024-09-29 20:00,1012.0895208300005,5000.0,8000.0,12000.0
2024-09-29 21:00,913.2889341900005,5000.0,8000.0,12000.0
2024-09-29 22:00,801.7213707000005,5000.0,8000.0,12000.0
2024-09-29 23:00,542.69201868,5000.0,8000.0,12000.0
2024-09-30 00:00,541.8019269600001,5000.0,8000.0,12000.0
2024-09-30 01:00,550.55796279,5000.0,8000.0,12000.0
2024-09-30 02:00,551.1789565800001,5000.0,8000.0,12000.0
2024-09-30 03:00,552.91774416,5000.0,8000.0,12000.0
2024-09-30 04:00,554.94632898,5000.0,8000.0,12000.0
2024-09-30 05:00,555.46382553,5000.0,8000.0,12000.0
2024-09-30 06:00,560.7096153900003,5000.0,8000.0,12000.0
2024-09-30 07:00,572.5152207600003,5000.0,8000.0,12000.0
2024-09-30 08:00,572.3096552700005,5000.0,8000.0,12000.0
2024-09-30 09:00,594.1330587600003,5000.0,8000.0,12000.0
2024-09-30 10:00,660.1800492000002,5000.0,8000.0,12000.0
2024-09-30 11:00,663.4988739900001,5000.0,8000.0,12000.0
2024-09-30 12:00,652.4521223400002,5000.0,8000.0,12000.0
2024-09-30 13:00,649.9336113000003,5000.0,8000.0,12000.0
2024-09-30 14:00,624.4106955300001,5000.0,8000.0,12000.0
2024-09-30 15:00,610.86443199,5000.0,8000.0,12000.0
2024-09-30 16:00,589.2053761499999,5000.0,8000.0,12000.0
2024-09-30 17:00,735.3285771000003,5000.0,8000.0,12000.0
2024-09-30 18:00,1010.5312565700006,5000.0,8000.0,12000.0
2024-09-30 19:00,1090.8397473000005,5000.0,8000.0,12000.0
2024-09-30 20:00,851.5681637100006,5000.0,8000.0,12000.0
2024-09-30 21:00,907.3962714000005,5000.0,8000.0,12000.0
2024-09-30 22:00,764.5719694200004,5000.0,8000.0,12000.0
2024-09-30 23:00,542.48502282,5000.0,8000.0,12000.0
2024-10-01 00:00,543.54071316,5000.0,8000.0,12000.0
2024-10-01 01:00,550.76496003,5000.0,8000.0,12000.0
2024-10-01 02:00,553.20754209,5000.0,8000.0,12000.0
2024-10-01 03:00,553.6629379499999,5000.0,8000.0,12000.0
2024-10-01 04:00,553.6836400200001,5000.0,8000.0,12000.0
2024-10-01 05:00,553.08334209,5000.0,8000.0,12000.0
2024-10-01 06:00,566.8297656600002,5000.0,8000.0,12000.0
2024-10-01 07:00,574.3712483100003,5000.0,8000.0,12000.0
2024-10-01 08:00,573.8760173700005,5000.0,8000.0,12000.0
2024-10-01 09:00,591.9250960200003,5000.0,8000.0,12000.0
2024-10-01 10:00,630.8690079000002,5000.0,8000.0,12000.0
2024-10-01 11:00,641.6673961200001,5000.0,8000.0,12000.0
2024-10-01 12:00,700.0965360900002,5000.0,8000.0,12000.0
2024-10-01 13:00,695.1354029700002,5000.0,8000.0,12000.0
2024-10-01 14:00,630.1653390000002,5000.0,8000.0,12000.0
2024-10-01 15:00,599.60366442,5000.0,8000.0,12000.0
2024-10-01 16:00,574.4325113399999,5000.0,8000.0,12000.0
2024-10-01 17:00,758.7747619200002,5000.0,8000.0,12000.0
2024-10-01 18:00,885.3172477500005,5000.0,8000.0,12000.0
2024-10-01 19:00,949.3968432600005,5000.0,8000.0,12000.0
2024-10-01 20:00,965.7698705100005,5000.0,8000.0,12000.0
2024-10-01 21:00,979.7770892400005,5000.0,8000.0,12000.0
2024-10-01 22:00,788.3354038200006,5000.0,8000.0,12000.0
2024-10-01 23:00,541.38792696,5000.0,8000.0,12000.0
2024-10-02 00:00,540.47713593,5000.0,8000.0,12000.0
2024-10-02 01:00,549.99906693,5000.0,8000.0,12000.0
2024-10-02 02:00,552.54514692,5000.0,8000.0,12000.0
2024-10-02 03:00,553.29034209,5000.0,8000.0,12000.0
2024-10-02 04:00,553.7664400199999,5000.0,8000.0,12000.0
2024-10-02 05:00,553.62153933,5000.0,8000.0,12000.0
2024-10-02 06:00,560.9580374700002,5000.0,8000.0,12000.0
2024-10-02 07:00,569.4239648700002,5000.0,8000.0,12000.0
2024-10-02 08:00,576.7464008100003,5000.0,8000.0,12000.0
2024-10-02 09:00,607.6500863100003,5000.0,8000.0,12000.0
2024-10-02 10:00,659.3313747300001,5000.0,8000.0,12000.0
2024-10-02 11:00,656.9163864600001,5000.0,8000.0,12000.0
2024-10-02 12:00,673.6901650200001,5000.0,8000.0,12000.0
2024-10-02 13:00,642.3782796600002,5000.0,8000.0,12000.0
2024-10-02 14:00,622.0855970100002,5000.0,8000.0,12000.0
2024-10-02 15:00,578.93130306,5000.0,8000.0,12000.0
2024-10-02 16:00,615.46672785,5000.0,8000.0,12000.0
2024-10-02 17:00,864.1445073600003,5000.0,8000.0,12000.0
2024-10-02 18:00,909.3152304000006,5000.0,8000.0,12000.0
2024-10-02 19:00,1018.0241708100004,5000.0,8000.0,12000.0
2024-10-02 20:00,977.1410256600005,5000.0,8000.0,12000.0
2024-10-02 21:00,841.4668500600004,5000.0,8000.0,12000.0
2024-10-02 22:00,770.4436679400005,5000.0,8000.0,12000.0
2024-10-02 23:00,543.1060173,5000.0,8000.0,12000.0
2024-10-03 00:00,539.5042449,5000.0,8000.0,12000.0
2024-10-03 01:00,550.16466417,5000.0,8000.0,12000.0
2024-10-03 02:00,554.03553588,5000.0,8000.0,12000.0
2024-10-03 03:00,554.6358317400001,5000.0,8000.0,12000.0
2024-10-03 04:00,552.66934692,5000.0,8000.0,12000.0
2024-10-03 05:00,554.1597358800001,5000.0,8000.0,12000.0
2024-10-03 06:00,566.1398408700003,5000.0,8000.0,12000.0
2024-10-03 07:00,575.8064145000003,5000.0,8000.0,12000.0
2024-10-03 08:00,579.5062310700004,5000.0,8000.0,12000.0
2024-10-03 09:00,589.1236656600001,5000.0,8000.0,12000.0
2024-10-03 10:00,635.7886872000001,5000.0,8000.0,12000.0
2024-10-03 11:00,683.7090195300002,5000.0,8000.0,12000.0
2024-10-03 12:00,669.5709022800002,5000.0,8000.0,12000.0
2024-10-03 13:00,668.2394099700001,5000.0,8000.0,12000.0
2024-10-03 14:00,627.9229300800001,5000.0,8000.0,12000.0
2024-10-03 15:00,575.1432134099999,5000.0,8000.0,12000.0
2024-10-03 16:00,567.1668244499999,5000.0,8000.0,12000.0
2024-10-03 17:00,896.5399928700002,5000.0,8000.0,12000.0
2024-10-03 18:00,958.9124959500006,5000.0,8000.0,12000.0
2024-10-03 19:00,1005.9836273400005,5000.0,8000.0,12000.0
2024-10-03 20:00,858.1991278800004,5000.0,8000.0,12000.0
2024-10-03 21:00,868.4319541500005,5000.0,8000.0,12000.0
2024-10-03 22:00,801.5626465500005,5000.0,8000.0,12000.0
2024-10-03 23:00,542.44362075,5000.0,8000.0,12000.0
2024-10-04 00:00,543.8719104,5000.0,8000.0,12000.0
2024-10-04 01:00,550.35096486,5000.0,8000.0,12000.0
2024-10-04 02:00,552.37954761,5000.0,8000.0,12000.0
2024-10-04 03:00,552.33814899,5000.0,8000.0,12000.0
2024-10-04 04:00,553.39384071,5000.0,8000.0,12000.0
2024-10-04 05:00,552.60724485,5000.0,8000.0,12000.0
2024-10-04 06:00,565.3048946400002,5000.0,8000.0,12000.0
2024-10-04 07:00,571.8251524500002,5000.0,8000.0,12000.0
2024-10-04 08:00,581.1691993800004,5000.0,8000.0,12000.0
2024-10-04 09:00,611.4657421500002,5000.0,8000.0,12000.0
2024-10-04 10:00,678.8099519100001,5000.0,8000.0,12000.0
2024-10-04 11:00,641.2878567900002,5000.0,8000.0,12000.0
2024-10-04 12:00,676.6159113000001,5000.0,8000.0,12000.0
2024-10-04 13:00,668.4601920300003,5000.0,8000.0,12000.0
2024-10-04 14:00,626.6533701000003,5000.0,8000.0,12000.0
2024-10-04 15:00,586.66618098,5000.0,8000.0,12000.0
2024-10-04 16:00,580.6976933999999,5000.0,8000.0,12000.0
2024-10-04 17:00,757.8294474300002,5000.0,8000.0,12000.0
2024-10-04 18:00,795.3413333100003,5000.0,8000.0,12000.0
2024-10-04 19:00,1043.1261161933337,5000.0,8000.0,12000.0
2024-10-04 20:00,924.3493471500005,5000.0,8000.0,12000.0
2024-10-04 21:00,936.0037072800004,5000.0,8000.0,12000.0
2024-10-04 22:00,848.2619031300004,5000.0,8000.0,12000.0
2024-10-04 23:00,544.28590695,5000.0,8000.0,12000.0
2024-10-05 00:00,540.84973386,5000.0,8000.0,12000.0
2024-10-05 01:00,550.0197662400001,5000.0,8000.0,12000.0
2024-10-05 02:00,551.86205175,5000.0,8000.0,12000.0
2024-10-05 03:00,553.06264278,5000.0,8000.0,12000.0
2024-10-05 04:00,552.87634416,5000.0,8000.0,12000.0
2024-10-05 05:00,554.3667345,5000.0,8000.0,12000.0
2024-10-05 06:00,566.2915932600002,5000.0,8000.0,12000.0
2024-10-05 07:00,577.0759351500002,5000.0,8000.0,12000.0
2024-10-05 08:00,576.1943973600004,5000.0,8000.0,12000.0
2024-10-05 09:00,615.7851628500003,5000.0,8000.0,12000.0
2024-10-05 10:00,621.9680844900001,5000.0,8000.0,12000.0
2024-10-05 11:00,692.3685630000002,5000.0,8000.0,12000.0
2024-10-05 12:00,628.5161189400002,5000.0,8000.0,12000.0
2024-10-05 13:00,659.2762037100001,5000.0,8000.0,12000.0
2024-10-05 14:00,645.2073300300002,5000.0,8000.0,12000.0
2024-10-05 15:00,598.76876649,5000.0,8000.0,12000.0
2024-10-05 16:00,569.40242583,5000.0,8000.0,12000.0
2024-10-05 17:00,846.8738342700002,5000.0,8000.0,12000.0
2024-10-05 18:00,974.1546477000005,5000.0,8000.0,12000.0
2024-10-05 19:00,907.3965819000005,5000.0,8000.0,12000.0
2024-10-05 20:00,897.9222402000006,5000.0,8000.0,12000.0
2024-10-05 21:00,839.7970410900004,5000.0,8000.0,12000.0
2024-10-05 22:00,903.1649519700004,5000.0,8000.0,12000.0
2024-10-05 23:00,543.6442124700001,5000.0,8000.0,12000.0
2024-10-06 00:00,542.67131868,5000.0,8000.0,12000.0
2024-10-06 01:00,550.59936072,5000.0,8000.0,12000.0
2024-10-06 02:00,552.25534968,5000.0,8000.0,12000.0
2024-10-06 03:00,554.36673381,5000.0,8000.0,12000.0
2024-10-06 04:00,553.74573864,5000.0,8000.0,12000.0
2024-10-06 05:00,554.9256282900001,5000.0,8000.0,12000.0
2024-10-06 06:00,565.6291746300002,5000.0,8000.0,12000.0
2024-10-06 07:00,573.3292682700002,5000.0,8000.0,12000.0
2024-10-06 08:00,579.4855379700003,5000.0,8000.0,12000.0
2024-10-06 09:00,607.7121069600003,5000.0,8000.0,12000.0
2024-10-06 10:00,634.9261285500002,5000.0,8000.0,12000.0
2024-10-06 11:00,628.4057230800003,5000.0,8000.0,12000.0
2024-10-06 12:00,637.2308148000001,5000.0,8000.0,12000.0
2024-10-06 13:00,646.0214575800002,5000.0,8000.0,12000.0
2024-10-06 14:00,613.5157459500002,5000.0,8000.0,12000.0
2024-10-06 15:00,615.45292716,5000.0,8000.0,12000.0
2024-10-06 16:00,600.3074589,5000.0,8000.0,12000.0
2024-10-06 17:00,868.2500052900002,5000.0,8000.0,12000.0
2024-10-06 18:00,978.5980793400006,5000.0,8000.0,12000.0
2024-10-06 19:00,933.5338129500007,5000.0,8000.0,12000.0
2024-10-06 20:00,907.4095870200005,5000.0,8000.0,12000.0
2024-10-06 21:00,890.0773383300005,5000.0,8000.0,12000.0
2024-10-06 22:00,809.2287342300004,5000.0,8000.0,12000.0
2024-10-06 23:00,540.74623317,5000.0,8000.0,12000.0
2024-10-07 00:00,541.22233041,5000.0,8000.0,12000.0
2024-10-07 01:00,550.88915865,5000.0,8000.0,12000.0
2024-10-07 02:00,553.47664002,5000.0,8000.0,12000.0
2024-10-07 03:00,554.42883312,5000.0,8000.0,12000.0
2024-10-07 04:00,552.44164623,5000.0,8000.0,12000.0
2024-10-07 05:00,553.6008400200001,5000.0,8000.0,12000.0
2024-10-07 06:00,561.8411588100003,5000.0,8000.0,12000.0
2024-10-07 07:00,570.5971139100002,5000.0,8000.0,12000.0
2024-10-07 08:00,586.6270738500004,5000.0,8000.0,12000.0
2024-10-07 09:00,625.5415675800002,5000.0,8000.0,12000.0
2024-10-07 10:00,646.1317126800002,5000.0,8000.0,12000.0
2024-10-07 11:00,664.3615113000001,5000.0,8000.0,12000.0
2024-10-07 12:00,681.3975167700003,5000.0,8000.0,12000.0
2024-10-07 13:00,626.0390872500003,5000.0,8000.0,12000.0
2024-10-07 14:00,631.6144583700003,5000.0,8000.0,12000.0
2024-10-07 15:00,588.4049795999999,5000.0,8000.0,12000.0
2024-10-07 16:00,557.16184584,5000.0,8000.0,12000.0
2024-10-07 17:00,815.2097811900002,5000.0,8000.0,12000.0
2024-10-07 18:00,937.0326704700004,5000.0,8000.0,12000.0
2024-10-07 19:00,997.1309494200005,5000.0,8000.0,12000.0
2024-10-07 20:00,913.1090760300006,5000.0,8000.0,12000.0
2024-10-07 21:00,916.4284024500006,5000.0,8000.0,12000.0
2024-10-07 22:00,809.2147072200005,5000.0,8000.0,12000.0
2024-10-07 23:00,544.98970281,5000.0,8000.0,12000.0
2024-10-08 00:00,541.69842765,5000.0,8000.0,12000.0
2024-10-08 01:00,552.25535037,5000.0,8000.0,12000.0
2024-10-08 02:00,554.11833519,5000.0,8000.0,12000.0
2024-10-08 03:00,552.46234899,5000.0,8000.0,12000.0
2024-10-08 04:00,555.04982829,5000.0,8000.0,12000.0
2024-10-08 05:00,554.53233105,5000.0,8000.0,12000.0
2024-10-08 06:00,568.9756622100002,5000.0,8000.0,12000.0
2024-10-08 07:00,574.0124227800002,5000.0,8000.0,12000.0
2024-10-08 08:00,586.2199697100004,5000.0,8000.0,12000.0
2024-10-08 09:00,607.2912614700002,5000.0,8000.0,12000.0
2024-10-08 10:00,631.0414540800001,5000.0,8000.0,12000.0
2024-10-08 11:00,676.9538263800001,5000.0,8000.0,12000.0
2024-10-08 12:00,664.3198787700002,5000.0,8000.0,12000.0
2024-10-08 13:00,644.4205458000001,5000.0,8000.0,12000.0
2024-10-08 14:00,656.5786169700002,5000.0,8000.0,12000.0
2024-10-08 15:00,596.52626235,5000.0,8000.0,12000.0
2024-10-08 16:00,575.9781120299999,5000.0,8000.0,12000.0
2024-10-08 17:00,799.5191984400003,5000.0,8000.0,12000.0
2024-10-08 18:00,943.9534725900006,5000.0,8000.0,12000.0
2024-10-08 19:00,827.9296172400004,5000.0,8000.0,12000.0
2024-10-08 20:00,968.2815988500005,5000.0,8000.0,12000.0
2024-10-08 21:00,929.5245769200006,5000.0,8000.0,12000.0
2024-10-08 22:00,835.0413285600005,5000.0,8000.0,12000.0
2024-10-08 23:00,540.20803731,5000.0,8000.0,12000.0
2024-10-09 00:00,542.85761799,5000.0,8000.0,12000.0
2024-10-09 01:00,551.0340600300001,5000.0,8000.0,12000.0
2024-10-09 02:00,552.13115037,5000.0,8000.0,12000.0
2024-10-09 03:00,554.86353036,5000.0,8000.0,12000.0
2024-10-09 04:00,553.29034071,5000.0,8000.0,12000.0
2024-10-09 05:00,555.02912829,5000.0,8000.0,12000.0
2024-10-09 06:00,563.0142167700002,5000.0,8000.0,12000.0
2024-10-09 07:00,565.9810504800002,5000.0,8000.0,12000.0
2024-10-09 08:00,576.6359214600003,5000.0,8000.0,12000.0
2024-10-09 09:00,595.4646628500002,5000.0,8000.0,12000.0
2024-10-09 10:00,628.8887755200001,5000.0,8000.0,12000.0
2024-10-09 11:00,658.1237822700002,5000.0,8000.0,12000.0
2024-10-09 12:00,696.0806588100002,5000.0,8000.0,12000.0
2024-10-09 13:00,658.7863499400002,5000.0,8000.0,12000.0
2024-10-09 14:00,607.8439031700002,5000.0,8000.0,12000.0
2024-10-09 15:00,591.2684795999999,5000.0,8000.0,12000.0
2024-10-09 16:00,592.4207733899999,5000.0,8000.0,12000.0
2024-10-09 17:00,805.1771908500002,5000.0,8000.0,12000.0
2024-10-09 18:00,987.8788194600006,5000.0,8000.0,12000.0
2024-10-09 19:00,911.4054681000005,5000.0,8000.0,12000.0
2024-10-09 20:00,966.8528710500003,5000.0,8000.0,12000.0
2024-10-09 21:00,844.8822631200004,5000.0,8000.0,12000.0
2024-10-09 22:00,821.5175162400005,5000.0,8000.0,12000.0
2024-10-09 23:00,541.0774331700001,5000.0,8000.0,12000.0
2024-10-10 00:00,544.43080626,5000.0,8000.0,12000.0
2024-10-10 01:00,551.86205313,5000.0,8000.0,12000.0
2024-10-10 02:00,552.48304761,5000.0,8000.0,12000.0
2024-10-10 03:00,554.44953519,5000.0,8000.0,12000.0
2024-10-10 04:00,554.2839345,5000.0,8000.0,12000.0
2024-10-10 05:00,553.41454002,5000.0,8000.0,12000.0
2024-10-10 06:00,567.9682228800003,5000.0,8000.0,12000.0
2024-10-10 07:00,577.0206295800002,5000.0,8000.0,12000.0
2024-10-10 08:00,584.6812131300004,5000.0,8000.0,12000.0
2024-10-10 09:00,612.5973732000002,5000.0,8000.0,12000.0
2024-10-10 10:00,678.7894085400002,5000.0,8000.0,12000.0
2024-10-10 11:00,661.49112648,5000.0,8000.0,12000.0
2024-10-10 12:00,670.7923133700002,5000.0,8000.0,12000.0
2024-10-10 13:00,652.9144816800002,5000.0,8000.0,12000.0
2024-10-10 14:00,647.0566114500002,5000.0,8000.0,12000.0
2024-10-10 15:00,562.8060389399999,5000.0,8000.0,12000.0
2024-10-10 16:00,582.58139685,5000.0,8000.0,12000.0
2024-10-10 17:00,833.5775542800002,5000.0,8000.0,12000.0
2024-10-10 18:00,893.0243856000004,5000.0,8000.0,12000.0
2024-10-10 19:00,952.2329281800006,5000.0,8000.0,12000.0
2024-10-10 20:00,977.4515077200006,5000.0,8000.0,12000.0
2024-10-10 21:00,935.5553259600005,5000.0,8000.0,12000.0
2024-10-10 22:00,758.0583169800005,5000.0,8000.0,12000.0
2024-10-10 23:00,543.83051247,5000.0,8000.0,12000.0
2024-10-11 00:00,544.45150764,5000.0,8000.0,12000.0
2024-10-11 01:00,550.49586348,5000.0,8000.0,12000.0
2024-10-11 02:00,551.98625106,5000.0,8000.0,12000.0
2024-10-11 03:00,554.38743312,5000.0,8000.0,12000.0
2024-10-11 04:00,553.70433726,5000.0,8000.0,12000.0
2024-10-11 05:00,552.6693462300001,5000.0,8000.0,12000.0
2024-10-11 06:00,562.1793174600003,5000.0,8000.0,12000.0
2024-10-11 07:00,571.7838338700002,5000.0,8000.0,12000.0
2024-10-11 08:00,583.0528421100004,5000.0,8000.0,12000.0
2024-10-11 09:00,596.1408952800003,5000.0,8000.0,12000.0
2024-10-11 10:00,622.6165982400001,5000.0,8000.0,12000.0
2024-10-11 11:00,667.4940126300002,5000.0,8000.0,12000.0
2024-10-11 12:00,665.8793084400002,5000.0,8000.0,12000.0
2024-10-11 13:00,648.3535699500002,5000.0,8000.0,12000.0
2024-10-11 14:00,625.9495273200002,5000.0,8000.0,12000.0
2024-10-11 15:00,570.8721203099999,5000.0,8000.0,12000.0
2024-10-11 16:00,589.10878581,5000.0,8000.0,12000.0
2024-10-11 17:00,875.8744852800003,5000.0,8000.0,12000.0
2024-10-11 18:00,944.7124767300006,5000.0,8000.0,12000.0
2024-10-11 19:00,970.6833322200005,5000.0,8000.0,12000.0
2024-10-11 20:00,940.3710201900006,5000.0,8000.0,12000.0
2024-10-11 21:00,863.8847692800005,5000.0,8000.0,12000.0
2024-10-11 22:00,778.7788886400006,5000.0,8000.0,12000.0
2024-10-11 23:00,539.98034145,5000.0,8000.0,12000.0
2024-10-12 00:00,541.82262627,5000.0,8000.0,12000.0
2024-10-12 01:00,550.72356072,5000.0,8000.0,12000.0
2024-10-12 02:00,551.6550552000001,5000.0,8000.0,12000.0
2024-10-12 03:00,554.24253381,5000.0,8000.0,12000.0
2024-10-12 04:00,554.49093243,5000.0,8000.0,12000.0
2024-10-12 05:00,554.44953381,5000.0,8000.0,12000.0
2024-10-12 06:00,569.8518780300002,5000.0,8000.0,12000.0
2024-10-12 07:00,577.5589869000001,5000.0,8000.0,12000.0
2024-10-12 08:00,590.0909090400004,5000.0,8000.0,12000.0
2024-10-12 09:00,604.7451421500003,5000.0,8000.0,12000.0
2024-10-12 10:00,666.5624588100001,5000.0,8000.0,12000.0
2024-10-12 11:00,682.9224374700002,5000.0,8000.0,12000.0
2024-10-12 12:00,663.5196305700002,5000.0,8000.0,12000.0
2024-10-12 13:00,667.7769636900001,5000.0,8000.0,12000.0
2024-10-12 14:00,637.6450211100002,5000.0,8000.0,12000.0
2024-10-12 15:00,590.0057816699999,5000.0,8000.0,12000.0
2024-10-12 16:00,577.13730858,5000.0,8000.0,12000.0
2024-10-12 17:00,854.2223432333335,5000.0,8000.0,12000.0
2024-10-12 18:00,933.4379119200005,5000.0,8000.0,12000.0
2024-10-12 19:00,917.8227275400004,5000.0,8000.0,12000.0
2024-10-12 20:00,893.3269899300005,5000.0,8000.0,12000.0
2024-10-12 21:00,853.9213410900005,5000.0,8000.0,12000.0
2024-10-12 22:00,832.5642658200005,5000.0,8000.0,12000.0
2024-10-12 23:00,542.1745242000001,5000.0,8000.0,12000.0
2024-10-13 00:00,541.86402834,5000.0,8000.0,12000.0
2024-10-13 01:00,553.20754347,5000.0,8000.0,12000.0
2024-10-13 02:00,553.93203657,5000.0,8000.0,12000.0
2024-10-13 03:00,554.82212898,5000.0,8000.0,12000.0
2024-10-13 04:00,555.60872484,5000.0,8000.0,12000.0
2024-10-13 05:00,556.95421518,5000.0,8000.0,12000.0
2024-10-13 06:00,567.6577780800002,5000.0,8000.0,12000.0
2024-10-13 07:00,569.0031959700003,5000.0,8000.0,12000.0
2024-10-13 08:00,588.4831455600004,5000.0,8000.0,12000.0
2024-10-13 09:00,601.9231504800003,5000.0,8000.0,12000.0
2024-10-13 10:00,646.7872816800002,5000.0,8000.0,12000.0
2024-10-13 11:00,698.0954629500001,5000.0,8000.0,12000.0
2024-10-13 12:00,648.1396064700002,5000.0,8000.0,12000.0
2024-10-13 13:00,640.3773521100003,5000.0,8000.0,12000.0
2024-10-13 14:00,623.4173370300002,5000.0,8000.0,12000.0
2024-10-13 15:00,580.3665016799999,5000.0,8000.0,12000.0
2024-10-13 16:00,554.3259534299999,5000.0,8000.0,12000.0
2024-10-13 17:00,773.8098322500003,5000.0,8000.0,12000.0
2024-10-13 18:00,894.9978159600006,5000.0,8000.0,12000.0
2024-10-13 19:00,966.5226763800005,5000.0,8000.0,12000.0
2024-10-13 20:00,985.5452118600006,5000.0,8000.0,12000.0
2024-10-13 21:00,1007.9633360100005,5000.0,8000.0,12000.0
2024-10-13 22:00,777.5438003700004,5000.0,8000.0,12000.0
2024-10-13 23:00,539.09024835,5000.0,8000.0,12000.0
2024-10-14 00:00,543.39581523,5000.0,8000.0,12000.0
2024-10-14 01:00,552.64864623,5000.0,8000.0,12000.0
2024-10-14 02:00,552.75214554,5000.0,8000.0,12000.0
2024-10-14 03:00,552.48304623,5000.0,8000.0,12000.0
2024-10-14 04:00,554.49093312,5000.0,8000.0,12000.0
2024-10-14 05:00,553.43524002,5000.0,8000.0,12000.0
2024-10-14 06:00,568.9204408200003,5000.0,8000.0,12000.0
2024-10-14 07:00,574.3160572800002,5000.0,8000.0,12000.0
2024-10-14 08:00,584.3983372800004,5000.0,8000.0,12000.0
2024-10-14 09:00,611.1689634900001,5000.0,8000.0,12000.0
2024-10-14 10:00,652.9211512200001,5000.0,8000.0,12000.0
2024-10-14 11:00,655.6948932600002,5000.0,8000.0,12000.0
2024-10-14 12:00,643.0060423500001,5000.0,8000.0,12000.0
2024-10-14 13:00,654.5636617200001,5000.0,8000.0,12000.0
2024-10-14 14:00,592.8779611800002,5000.0,8000.0,12000.0
2024-10-14 15:00,619.0340175,5000.0,8000.0,12000.0
2024-10-14 16:00,594.5114733899999,5000.0,8000.0,12000.0
2024-10-14 17:00,792.9849025800002,5000.0,8000.0,12000.0
2024-10-14 18:00,1009.4343394200005,5000.0,8000.0,12000.0
2024-10-14 19:00,943.7458522800005,5000.0,8000.0,12000.0
2024-10-14 20:00,941.9717967300005,5000.0,8000.0,12000.0
2024-10-14 21:00,874.8629307900005,5000.0,8000.0,12000.0
2024-10-14 22:00,779.6276817900005,5000.0,8000.0,12000.0
2024-10-14 23:00,540.5392345500001,5000.0,8000.0,12000.0
2024-10-15 00:00,541.6156283400001,5000.0,8000.0,12000.0
2024-10-15 01:00,550.53726279,5000.0,8000.0,12000.0
2024-10-15 02:00,551.17895589,5000.0,8000.0,12000.0
2024-10-15 03:00,554.53233312,5000.0,8000.0,12000.0
2024-10-15 04:00,554.61513174,5000.0,8000.0,12000.0
2024-10-15 05:00,554.69793105,5000.0,8000.0,12000.0
2024-10-15 06:00,565.3670553600002,5000.0,8000.0,12000.0
2024-10-15 07:00,575.7098531400002,5000.0,8000.0,12000.0
2024-10-15 08:00,578.2711614300003,5000.0,8000.0,12000.0
2024-10-15 09:00,601.2331359900003,5000.0,8000.0,12000.0
2024-10-15 10:00,641.4948588600001,5000.0,8000.0,12000.0
2024-10-15 11:00,674.1456147000002,5000.0,8000.0,12000.0
2024-10-15 12:00,679.6035305700002,5000.0,8000.0,12000.0
2024-10-15 13:00,635.9680230300002,5000.0,8000.0,12000.0
2024-10-15 14:00,627.1018004100002,5000.0,8000.0,12000.0
2024-10-15 15:00,582.14668788,5000.0,8000.0,12000.0
2024-10-15 16:00,609.36024096,5000.0,8000.0,12000.0
2024-10-15 17:00,875.6743997633336,5000.0,8000.0,12000.0
2024-10-15 18:00,1014.8299420800005,5000.0,8000.0,12000.0
2024-10-15 19:00,1040.5458253200004,5000.0,8000.0,12000.0
2024-10-15 20:00,831.4342410900006,5000.0,8000.0,12000.0
2024-10-15 21:00,805.0418294100004,5000.0,8000.0,12000.0
2024-10-15 22:00,781.9734996300006,5000.0,8000.0,12000.0
2024-10-15 23:00,542.44362144,5000.0,8000.0,12000.0
2024-10-16 00:00,540.8083338600001,5000.0,8000.0,12000.0
2024-10-16 01:00,549.08827383,5000.0,8000.0,12000.0
2024-10-16 02:00,552.13114899,5000.0,8000.0,12000.0
2024-10-16 03:00,552.2139510599999,5000.0,8000.0,12000.0
2024-10-16 04:00,551.3652572699999,5000.0,8000.0,12000.0
2024-10-16 05:00,553.8699365699999,5000.0,8000.0,12000.0
2024-10-16 06:00,567.0092622600002,5000.0,8000.0,12000.0
2024-10-16 07:00,574.1573717700002,5000.0,8000.0,12000.0
2024-10-16 08:00,586.7788683300004,5000.0,8000.0,12000.0
2024-10-16 09:00,599.1286877400003,5000.0,8000.0,12000.0
2024-10-16 10:00,653.4388982400002,5000.0,8000.0,12000.0
2024-10-16 11:00,625.4387534400001,5000.0,8000.0,12000.0
2024-10-16 12:00,644.4343575300002,5000.0,8000.0,12000.0
2024-10-16 13:00,670.5024098700002,5000.0,8000.0,12000.0
2024-10-16 14:00,636.2303976000002,5000.0,8000.0,12000.0
2024-10-16 15:00,587.12848719,5000.0,8000.0,12000.0
2024-10-16 16:00,593.4212795999999,5000.0,8000.0,12000.0
2024-10-16 17:00,837.8693404800001,5000.0,8000.0,12000.0
2024-10-16 18:00,1029.0784124100005,5000.0,8000.0,12000.0
2024-10-16 19:00,1066.6551237900005,5000.0,8000.0,12000.0
2024-10-16 20:00,877.9674664200006,5000.0,8000.0,12000.0
2024-10-16 21:00,852.0722100900006,5000.0,8000.0,12000.0
2024-10-16 22:00,753.3456156000005,5000.0,8000.0,12000.0
2024-10-16 23:00,542.50572006,5000.0,8000.0,12000.0
2024-10-17 00:00,542.65062144,5000.0,8000.0,12000.0
2024-10-17 01:00,550.08186624,5000.0,8000.0,12000.0
2024-10-17 02:00,552.42094761,5000.0,8000.0,12000.0
2024-10-17 03:00,553.53873864,5000.0,8000.0,12000.0
2024-10-17 04:00,554.22183312,5000.0,8000.0,12000.0
2024-10-17 05:00,555.1740276,5000.0,8000.0,12000.0
2024-10-17 06:00,561.7032167700003,5000.0,8000.0,12000.0
2024-10-17 07:00,572.0942345100003,5000.0,8000.0,12000.0
2024-10-17 08:00,582.1696034700003,5000.0,8000.0,12000.0
2024-10-17 09:00,607.2704931600002,5000.0,8000.0,12000.0
2024-10-17 10:00,630.5172445200002,5000.0,8000.0,12000.0
2024-10-17 11:00,657.4753913400002,5000.0,8000.0,12000.0
2024-10-17 12:00,666.5143057800002,5000.0,8000.0,12000.0
2024-10-17 13:00,648.8572113000002,5000.0,8000.0,12000.0
2024-10-17 14:00,641.4330514200003,5000.0,8000.0,12000.0
2024-10-17 15:00,601.0181575199999,5000.0,8000.0,12000.0
2024-10-17 16:00,596.7194706299999,5000.0,8000.0,12000.0
2024-10-17 17:00,910.5952742400003,5000.0,8000.0,12000.0
2024-10-17 18:00,930.1256897400004,5000.0,8000.0,12000.0
2024-10-17 19:00,1018.5624149700005,5000.0,8000.0,12000.0
2024-10-17 20:00,805.0415002800005,5000.0,8000.0,12000.0
2024-10-17 21:00,869.5910244300005,5000.0,8000.0,12000.0
2024-10-17 22:00,803.7983390100004,5000.0,8000.0,12000.0
2024-10-17 23:00,544.49290626,5000.0,8000.0,12000.0
2024-10-18 00:00,539.71124007,5000.0,8000.0,12000.0
2024-10-18 01:00,551.73785451,5000.0,8000.0,12000.0
2024-10-18 02:00,552.54514692,5000.0,8000.0,12000.0
2024-10-18 03:00,552.58654761,5000.0,8000.0,12000.0
2024-10-18 04:00,555.07052829,5000.0,8000.0,12000.0
2024-10-18 05:00,552.77284416,5000.0,8000.0,12000.0
2024-10-18 06:00,565.3601187900002,5000.0,8000.0,12000.0
2024-10-18 07:00,571.3422994200002,5000.0,8000.0,12000.0
2024-10-18 08:00,584.7157441800005,5000.0,8000.0,12000.0
2024-10-18 09:00,600.8812394400003,5000.0,8000.0,12000.0
2024-10-18 10:00,614.1227900100001,5000.0,8000.0,12000.0
2024-10-18 11:00,626.9704740900002,5000.0,8000.0,12000.0
2024-10-18 12:00,657.0544547700002,5000.0,8000.0,12000.0
2024-10-18 13:00,704.0501394900002,5000.0,8000.0,12000.0
2024-10-18 14:00,612.5359556100003,5000.0,8000.0,12000.0
2024-10-18 15:00,598.40996028,5000.0,8000.0,12000.0
2024-10-18 16:00,609.0290423399999,5000.0,8000.0,12000.0
2024-10-18 17:00,750.1566729600002,5000.0,8000.0,12000.0
2024-10-18 18:00,993.1916511000004,5000.0,8000.0,12000.0
2024-10-18 19:00,948.3754852500005,5000.0,8000.0,12000.0
2024-10-18 20:00,915.3723698700006,5000.0,8000.0,12000.0
2024-10-18 21:00,972.8701975200006,5000.0,8000.0,12000.0
2024-10-18 22:00,811.5193824300004,5000.0,8000.0,12000.0
2024-10-18 23:00,541.96752489,5000.0,8000.0,12000.0
2024-10-19 00:00,544.05820971,5000.0,8000.0,12000.0
2024-10-19 01:00,552.27604968,5000.0,8000.0,12000.0
2024-10-19 02:00,552.29674968,5000.0,8000.0,12000.0
2024-10-19 03:00,553.00054278,5000.0,8000.0,12000.0
2024-10-19 04:00,552.6486441599999,5000.0,8000.0,12000.0
2024-10-19 05:00,554.82213036,5000.0,8000.0,12000.0
2024-10-19 06:00,559.1364926700003,5000.0,8000.0,12000.0
2024-10-19 07:00,569.2309201200003,5000.0,8000.0,12000.0
2024-10-19 08:00,592.6989379200004,5000.0,8000.0,12000.0
2024-10-19 09:00,618.5036579700003,5000.0,8000.0,12000.0
2024-10-19 10:00,657.8202450600002,5000.0,8000.0,12000.0
2024-10-19 11:00,666.7074312600001,5000.0,8000.0,12000.0
2024-10-19 12:00,679.4655360900001,5000.0,8000.0,12000.0
2024-10-19 13:00,674.2631741400003,5000.0,8000.0,12000.0
2024-10-19 14:00,639.7701300300001,5000.0,8000.0,12000.0
2024-10-19 15:00,571.89332169,5000.0,8000.0,12000.0
2024-10-19 16:00,585.36898995,5000.0,8000.0,12000.0
2024-10-19 17:00,843.4859494500001,5000.0,8000.0,12000.0
2024-10-19 18:00,880.4596153200005,5000.0,8000.0,12000.0
2024-10-19 19:00,1024.2063348300005,5000.0,8000.0,12000.0
2024-10-19 20:00,981.1846540500006,5000.0,8000.0,12000.0
2024-10-19 21:00,837.7615362600005,5000.0,8000.0,12000.0
2024-10-19 22:00,756.1331811000005,5000.0,8000.0,12000.0
2024-10-19 23:00,541.36722972,5000.0,8000.0,12000.0
2024-10-20 00:00,539.98034145,5000.0,8000.0,12000.0
2024-10-20 01:00,552.06905106,5000.0,8000.0,12000.0
2024-10-20 02:00,552.5658483000001,5000.0,8000.0,12000.0
2024-10-20 03:00,552.77284623,5000.0,8000.0,12000.0
2024-10-20 04:00,554.24253657,5000.0,8000.0,12000.0
2024-10-20 05:00,553.68363795,5000.0,8000.0,12000.0
2024-10-20 06:00,561.9446622600003,5000.0,8000.0,12000.0
2024-10-20 07:00,572.1149317500002,5000.0,8000.0,12000.0
2024-10-20 08:00,594.0927365400004,5000.0,8000.0,12000.0
2024-10-20 09:00,603.1719076500002,5000.0,8000.0,12000.0
2024-10-20 10:00,637.2376106100002,5000.0,8000.0,12000.0
2024-10-20 11:00,640.8325375200002,5000.0,8000.0,12000.0
2024-10-20 12:00,643.4131285500001,5000.0,8000.0,12000.0
2024-10-20 13:00,658.2342988800002,5000.0,8000.0,12000.0
2024-10-20 14:00,638.3694334800002,5000.0,8000.0,12000.0
2024-10-20 15:00,567.422121,5000.0,8000.0,12000.0
2024-10-20 16:00,565.59362514,5000.0,8000.0,12000.0
2024-10-20 17:00,832.6736501400002,5000.0,8000.0,12000.0
2024-10-20 18:00,1031.7834132000005,5000.0,8000.0,12000.0
2024-10-20 19:00,1046.2519914600005,5000.0,8000.0,12000.0
2024-10-20 20:00,899.0678030400006,5000.0,8000.0,12000.0
2024-10-20 21:00,780.6780115200005,5000.0,8000.0,12000.0
2024-10-20 22:00,798.9406293000005,5000.0,8000.0,12000.0
2024-10-20 23:00,543.9133104,5000.0,8000.0,12000.0
2024-10-21 00:00,541.47072972,5000.0,8000.0,12000.0
2024-10-21 01:00,551.22035727,5000.0,8000.0,12000.0
2024-10-21 02:00,554.55303243,5000.0,8000.0,12000.0
2024-10-21 03:00,554.49093243,5000.0,8000.0,12000.0
2024-10-21 04:00,554.8635296699999,5000.0,8000.0,12000.0
2024-10-21 05:00,553.2903400199999,5000.0,8000.0,12000.0
2024-10-21 06:00,567.9060738900002,5000.0,8000.0,12000.0
2024-10-21 07:00,569.6723393400002,5000.0,8000.0,12000.0
2024-10-21 08:00,573.2412008100004,5000.0,8000.0,12000.0
2024-10-21 09:00,598.4454780300002,5000.0,8000.0,12000.0
2024-10-21 10:00,638.16903333,5000.0,8000.0,12000.0
2024-10-21 11:00,645.0069188400001,5000.0,8000.0,12000.0
2024-10-21 12:00,664.3820850300001,5000.0,8000.0,12000.0
2024-10-21 13:00,642.8267493000002,5000.0,8000.0,12000.0
2024-10-21 14:00,599.1431887800003,5000.0,8000.0,12000.0
2024-10-21 15:00,574.4877113399999,5000.0,8000.0,12000.0
2024-10-21 16:00,582.2432954699999,5000.0,8000.0,12000.0
2024-10-21 17:00,761.5140391500003,5000.0,8000.0,12000.0
2024-10-21 18:00,954.2133896400005,5000.0,8000.0,12000.0
2024-10-21 19:00,1022.9439342900005,5000.0,8000.0,12000.0
2024-10-21 20:00,935.0997231000005,5000.0,8000.0,12000.0
2024-10-21 21:00,923.7284430600006,5000.0,8000.0,12000.0
2024-10-21 22:00,820.9724127900005,5000.0,8000.0,12000.0
2024-10-21 23:00,542.0710262700001,5000.0,8000.0,12000.0
2024-10-22 00:00,541.4914290300001,5000.0,8000.0,12000.0
2024-10-22 01:00,551.98625106,5000.0,8000.0,12000.0
2024-10-22 02:00,553.1868434700001,5000.0,8000.0,12000.0
2024-10-22 03:00,555.75362415,5000.0,8000.0,12000.0
2024-10-22 04:00,554.76003243,5000.0,8000.0,12000.0
2024-10-22 05:00,553.60084209,5000.0,8000.0,12000.0
2024-10-22 06:00,562.0137381600002,5000.0,8000.0,12000.0
2024-10-22 07:00,573.5846310600002,5000.0,8000.0,12000.0
2024-10-22 08:00,590.1734937600003,5000.0,8000.0,12000.0
2024-10-22 09:00,643.4952985800003,5000.0,8000.0,12000.0
2024-10-22 10:00,646.1386216500001,5000.0,8000.0,12000.0
2024-10-22 11:00,673.1243105100002,5000.0,8000.0,12000.0
2024-10-22 12:00,648.0223761600002,5000.0,8000.0,12000.0
2024-10-22 13:00,665.6450499900002,5000.0,8000.0,12000.0
2024-10-22 14:00,625.7219411700003,5000.0,8000.0,12000.0
2024-10-22 15:00,581.64299478,5000.0,8000.0,12000.0
2024-10-22 16:00,580.22849961,5000.0,8000.0,12000.0
2024-10-22 17:00,839.5184287433335,5000.0,8000.0,12000.0
2024-10-22 18:00,813.8264726400006,5000.0,8000.0,12000.0
2024-10-22 19:00,1060.0380858900003,5000.0,8000.0,12000.0
2024-10-22 20:00,934.4992926900005,5000.0,8000.0,12000.0
2024-10-22 21:00,846.2210452800006,5000.0,8000.0,12000.0
2024-10-22 22:00,832.2952389600003,5000.0,8000.0,12000.0
2024-10-22 23:00,542.44362213,5000.0,8000.0,12000.0
2024-10-23 00:00,542.1538242,5000.0,8000.0,12000.0
2024-10-23 01:00,550.97195934,5000.0,8000.0,12000.0
2024-10-23 02:00,554.42883381,5000.0,8000.0,12000.0
2024-10-23 03:00,553.2489413999999,5000.0,8000.0,12000.0
2024-10-23 04:00,554.01483588,5000.0,8000.0,12000.0
2024-10-23 05:00,554.82212898,5000.0,8000.0,12000.0
2024-10-23 06:00,566.2294428900003,5000.0,8000.0,12000.0
2024-10-23 07:00,576.9930930600002,5000.0,8000.0,12000.0
2024-10-23 08:00,574.7936904600004,5000.0,8000.0,12000.0
2024-10-23 09:00,598.6249539300003,5000.0,8000.0,12000.0
2024-10-23 10:00,619.9119659100002,5000.0,8000.0,12000.0
2024-10-23 11:00,641.0741223900002,5000.0,8000.0,12000.0
2024-10-23 12:00,712.0677594000002,5000.0,8000.0,12000.0
2024-10-23 13:00,650.4718927200003,5000.0,8000.0,12000.0
2024-10-23 14:00,659.1935175600003,5000.0,8000.0,12000.0
2024-10-23 15:00,571.3482203099999,5000.0,8000.0,12000.0
2024-10-23 16:00,577.3581037499999,5000.0,8000.0,12000.0
2024-10-23 17:00,859.0730080500002,5000.0,8000.0,12000.0
2024-10-23 18:00,861.3880449900005,5000.0,8000.0,12000.0
2024-10-23 19:00,862.3327005300005,5000.0,8000.0,12000.0
2024-10-23 20:00,1031.5681697700006,5000.0,8000.0,12000.0
2024-10-23 21:00,953.5297355700005,5000.0,8000.0,12000.0
2024-10-23 22:00,782.8016873100005,5000.0,8000.0,12000.0
2024-10-23 23:00,541.09813179,5000.0,8000.0,12000.0
2024-10-24 00:00,541.53282834,5000.0,8000.0,12000.0
2024-10-24 01:00,550.45446279,5000.0,8000.0,12000.0
2024-10-24 02:00,553.37314209,5000.0,8000.0,12000.0
2024-10-24 03:00,552.87634485,5000.0,8000.0,12000.0
2024-10-24 04:00,555.19472691,5000.0,8000.0,12000.0
2024-10-24 05:00,553.49733933,5000.0,8000.0,12000.0
2024-10-24 06:00,566.4640780800003,5000.0,8000.0,12000.0
2024-10-24 07:00,571.7355511200002,5000.0,8000.0,12000.0
2024-10-24 08:00,583.2184745400004,5000.0,8000.0,12000.0
2024-10-24 09:00,622.1191096200001,5000.0,8000.0,12000.0
2024-10-24 10:00,650.4303823200001,5000.0,8000.0,12000.0
2024-10-24 11:00,654.8879361900002,5000.0,8000.0,12000.0
2024-10-24 12:00,649.7404851300001,5000.0,8000.0,12000.0
2024-10-24 13:00,674.5667037600002,5000.0,8000.0,12000.0
2024-10-24 14:00,639.2250624600002,5000.0,8000.0,12000.0
2024-10-24 15:00,564.8622334199998,5000.0,8000.0,12000.0
2024-10-24 16:00,594.3665637299999,5000.0,8000.0,12000.0
2024-10-24 17:00,796.7798963700003,5000.0,8000.0,12000.0
2024-10-24 18:00,960.9963035400007,5000.0,8000.0,12000.0
2024-10-24 19:00,897.7848522300006,5000.0,8000.0,12000.0
2024-10-24 20:00,975.2989678500005,5000.0,8000.0,12000.0
2024-10-24 21:00,893.2028492700006,5000.0,8000.0,12000.0
2024-10-24 22:00,812.1748493100005,5000.0,8000.0,12000.0
2024-10-24 23:00,542.52642075,5000.0,8000.0,12000.0
2024-10-25 00:00,540.18733869,5000.0,8000.0,12000.0
2024-10-25 01:00,550.86845934,5000.0,8000.0,12000.0
2024-10-25 02:00,552.91774416,5000.0,8000.0,12000.0
2024-10-25 03:00,553.89063657,5000.0,8000.0,12000.0
2024-10-25 04:00,553.58013864,5000.0,8000.0,12000.0
2024-10-25 05:00,555.62942415,5000.0,8000.0,12000.0
2024-10-25 06:00,565.0565077500002,5000.0,8000.0,12000.0
2024-10-25 07:00,574.4057828100002,5000.0,8000.0,12000.0
2024-10-25 08:00,582.3490593600004,5000.0,8000.0,12000.0
2024-10-25 09:00,607.3395511200002,5000.0,8000.0,12000.0
2024-10-25 10:00,631.7247486600003,5000.0,8000.0,12000.0
2024-10-25 11:00,642.2747424000003,5000.0,8000.0,12000.0
2024-10-25 12:00,663.2712160800002,5000.0,8000.0,12000.0
2024-10-25 13:00,652.7211857700003,5000.0,8000.0,12000.0
2024-10-25 14:00,660.2631521100003,5000.0,8000.0,12000.0
2024-10-25 15:00,595.33947753,5000.0,8000.0,12000.0
2024-10-25 16:00,573.72871686,5000.0,8000.0,12000.0
2024-10-25 17:00,787.7754080933336,5000.0,8000.0,12000.0
2024-10-25 18:00,900.0347759400006,5000.0,8000.0,12000.0
2024-10-25 19:00,923.2596467100004,5000.0,8000.0,12000.0
2024-10-25 20:00,965.1144816000004,5000.0,8000.0,12000.0
2024-10-25 21:00,941.1301257600006,5000.0,8000.0,12000.0
2024-10-25 22:00,829.9700190000004,5000.0,8000.0,12000.0
2024-10-25 23:00,541.84332489,5000.0,8000.0,12000.0
2024-10-26 00:00,541.0774331700001,5000.0,8000.0,12000.0
2024-10-26 01:00,551.01335796,5000.0,8000.0,12000.0
2024-10-26 02:00,553.18684278,5000.0,8000.0,12000.0
2024-10-26 03:00,553.91133588,5000.0,8000.0,12000.0
2024-10-26 04:00,553.70433795,5000.0,8000.0,12000.0
2024-10-26 05:00,554.92562967,5000.0,8000.0,12000.0
2024-10-26 06:00,561.6134477700002,5000.0,8000.0,12000.0
2024-10-26 07:00,570.0864000600002,5000.0,8000.0,12000.0
2024-10-26 08:00,575.3318628600005,5000.0,8000.0,12000.0
2024-10-26 09:00,591.7456780800003,5000.0,8000.0,12000.0
2024-10-26 10:00,632.3041658100003,5000.0,8000.0,12000.0
2024-10-26 11:00,680.3279091300002,5000.0,8000.0,12000.0
2024-10-26 12:00,680.0244395400002,5000.0,8000.0,12000.0
2024-10-26 13:00,674.1801043500002,5000.0,8000.0,12000.0
2024-10-26 14:00,620.7813265800002,5000.0,8000.0,12000.0
2024-10-26 15:00,591.21327822,5000.0,8000.0,12000.0
2024-10-26 16:00,580.8494961599998,5000.0,8000.0,12000.0
2024-10-26 17:00,853.0838142600003,5000.0,8000.0,12000.0
2024-10-26 18:00,940.0893822000004,5000.0,8000.0,12000.0
2024-10-26 19:00,919.6236392700006,5000.0,8000.0,12000.0
2024-10-26 20:00,888.6280913100005,5000.0,8000.0,12000.0
2024-10-26 21:00,888.6696424200004,5000.0,8000.0,12000.0
2024-10-26 22:00,856.4864119500004,5000.0,8000.0,12000.0
2024-10-26 23:00,540.74623662,5000.0,8000.0,12000.0
2024-10-27 00:00,542.75412006,5000.0,8000.0,12000.0
2024-10-27 01:00,549.87486555,5000.0,8000.0,12000.0
2024-10-27 02:00,553.95273726,5000.0,8000.0,12000.0
2024-10-27 03:00,553.18684278,5000.0,8000.0,12000.0
2024-10-27 04:00,551.90345244,5000.0,8000.0,12000.0
2024-10-27 05:00,554.51163312,5000.0,8000.0,12000.0
2024-10-27 06:00,560.6612836500003,5000.0,8000.0,12000.0
2024-10-27 07:00,576.3100392900002,5000.0,8000.0,12000.0
2024-10-27 08:00,582.9356124900004,5000.0,8000.0,12000.0
2024-10-27 09:00,611.0379193800002,5000.0,8000.0,12000.0
2024-10-27 10:00,684.5299918800002,5000.0,8000.0,12000.0
2024-10-27 11:00,663.0711291900002,5000.0,8000.0,12000.0
2024-10-27 12:00,634.3672492500002,5000.0,8000.0,12000.0
2024-10-27 13:00,691.4164147500002,5000.0,8000.0,12000.0
2024-10-27 14:00,590.3940018900001,5000.0,8000.0,12000.0
2024-10-27 15:00,592.55876718,5000.0,8000.0,12000.0
2024-10-27 16:00,584.6789851199999,5000.0,8000.0,12000.0
2024-10-27 17:00,798.8291963700002,5000.0,8000.0,12000.0
2024-10-27 18:00,909.7293987600007,5000.0,8000.0,12000.0
2024-10-27 19:00,894.9767171400005,5000.0,8000.0,12000.0
2024-10-27 20:00,948.3541994400006,5000.0,8000.0,12000.0
2024-10-27 21:00,897.5224783500005,5000.0,8000.0,12000.0
2024-10-27 22:00,877.2349017000004,5000.0,8000.0,12000.0
2024-10-27 23:00,541.63632696,5000.0,8000.0,12000.0
2024-10-28 00:00,542.94041868,5000.0,8000.0,12000.0
2024-10-28 01:00,550.0611655499999,5000.0,8000.0,12000.0
2024-10-28 02:00,552.06904968,5000.0,8000.0,12000.0
2024-10-28 03:00,554.22183519,5000.0,8000.0,12000.0
2024-10-28 04:00,553.20754002,5000.0,8000.0,12000.0
2024-10-28 05:00,554.34603312,5000.0,8000.0,12000.0
2024-10-28 06:00,562.9934712300003,5000.0,8000.0,12000.0
2024-10-28 07:00,567.2436863100003,5000.0,8000.0,12000.0
2024-10-28 08:00,589.4008227900005,5000.0,8000.0,12000.0
2024-10-28 09:00,618.8003835000002,5000.0,8000.0,12000.0
2024-10-28 10:00,660.5182126800003,5000.0,8000.0,12000.0
2024-10-28 11:00,683.6262250500001,5000.0,8000.0,12000.0
2024-10-28 12:00,618.0902451600001,5000.0,8000.0,12000.0
2024-10-28 13:00,646.9873616700002,5000.0,8000.0,12000.0
2024-10-28 14:00,631.6143631500001,5000.0,8000.0,12000.0
2024-10-28 15:00,565.23482445,5000.0,8000.0,12000.0
2024-10-28 16:00,598.6238678699999,5000.0,8000.0,12000.0
2024-10-28 17:00,867.6634866666668,5000.0,8000.0,12000.0
2024-10-28 18:00,879.6592539600006,5000.0,8000.0,12000.0
2024-10-28 19:00,1013.2218825900005,5000.0,8000.0,12000.0
2024-10-28 20:00,949.4929416300005,5000.0,8000.0,12000.0
2024-10-28 21:00,864.4228954500003,5000.0,8000.0,12000.0
2024-10-28 22:00,817.9086437400005,5000.0,8000.0,12000.0
2024-10-28 23:00,538.05525387,5000.0,8000.0,12000.0
2024-10-29 00:00,543.99611109,5000.0,8000.0,12000.0
2024-10-29 01:00,549.64716831,5000.0,8000.0,12000.0
2024-10-29 02:00,549.83346693,5000.0,8000.0,12000.0
2024-10-29 03:00,553.84923657,5000.0,8000.0,12000.0
2024-10-29 04:00,552.69004485,5000.0,8000.0,12000.0
2024-10-29 05:00,554.55303243,5000.0,8000.0,12000.0
2024-10-29 06:00,563.6282843400003,5000.0,8000.0,12000.0
2024-10-29 07:00,568.1613918300003,5000.0,8000.0,12000.0
2024-10-29 08:00,587.4412545300004,5000.0,8000.0,12000.0
2024-10-29 09:00,617.1098586600002,5000.0,8000.0,12000.0
2024-10-29 10:00,716.4010415100001,5000.0,8000.0,12000.0
2024-10-29 11:00,656.1780581700002,5000.0,8000.0,12000.0
2024-10-29 12:00,648.9538306200001,5000.0,8000.0,12000.0
2024-10-29 13:00,648.9814313100002,5000.0,8000.0,12000.0
2024-10-29 14:00,638.6248645800002,5000.0,8000.0,12000.0
2024-10-29 15:00,576.4956072,5000.0,8000.0,12000.0
2024-10-29 16:00,574.6326058199999,5000.0,8000.0,12000.0
2024-10-29 17:00,707.5216040100003,5000.0,8000.0,12000.0
2024-10-29 18:00,864.9139256700004,5000.0,8000.0,12000.0
2024-10-29 19:00,919.6649164500003,5000.0,8000.0,12000.0
2024-10-29 20:00,990.2097181200005,5000.0,8000.0,12000.0
2024-10-29 21:00,940.8612431100006,5000.0,8000.0,12000.0
2024-10-29 22:00,893.9258630100005,5000.0,8000.0,12000.0
2024-10-29 23:00,544.74130488,5000.0,8000.0,12000.0
2024-10-30 00:00,544.55500626,5000.0,8000.0,12000.0
2024-10-30 01:00,551.15825865,5000.0,8000.0,12000.0
2024-10-30 02:00,552.6693462300001,5000.0,8000.0,12000.0
2024-10-30 03:00,552.83494554,5000.0,8000.0,12000.0
2024-10-30 04:00,554.32533312,5000.0,8000.0,12000.0
2024-10-30 05:00,553.78713726,5000.0,8000.0,12000.0
2024-10-30 06:00,560.6682167700003,5000.0,8000.0,12000.0
2024-10-30 07:00,568.7755077000002,5000.0,8000.0,12000.0
2024-10-30 08:00,582.4664214600003,5000.0,8000.0,12000.0
2024-10-30 09:00,617.1926324400004,5000.0,8000.0,12000.0
2024-10-30 10:00,690.5745478200002,5000.0,8000.0,12000.0
2024-10-30 11:00,666.7971774900002,5000.0,8000.0,12000.0
2024-10-30 12:00,671.3579367300002,5000.0,8000.0,12000.0
2024-10-30 13:00,649.4160906000002,5000.0,8000.0,12000.0
2024-10-30 14:00,625.7494266300002,5000.0,8000.0,12000.0
2024-10-30 15:00,590.2472775299999,5000.0,8000.0,12000.0
2024-10-30 16:00,591.83427753,5000.0,8000.0,12000.0
2024-10-30 17:00,738.4887784800002,5000.0,8000.0,12000.0
2024-10-30 18:00,901.3389711600005,5000.0,8000.0,12000.0
2024-10-30 19:00,975.5338990500004,5000.0,8000.0,12000.0
2024-10-30 20:00,917.5459519800006,5000.0,8000.0,12000.0
2024-10-30 21:00,919.0918286700005,5000.0,8000.0,12000.0
2024-10-30 22:00,860.2057776000005,5000.0,8000.0,12000.0
2024-10-30 23:00,542.9197173,5000.0,8000.0,12000.0
2024-10-31 00:00,545.05180281,5000.0,8000.0,12000.0
2024-10-31 01:00,550.20606348,5000.0,8000.0,12000.0
2024-10-31 02:00,553.49734071,5000.0,8000.0,12000.0
2024-10-31 03:00,552.9591448499999,5000.0,8000.0,12000.0
2024-10-31 04:00,555.2568276,5000.0,8000.0,12000.0
2024-10-31 05:00,554.9463289800001,5000.0,8000.0,12000.0
2024-10-31 06:00,565.3945622100002,5000.0,8000.0,12000.0
2024-10-31 07:00,571.6940372700003,5000.0,8000.0,12000.0
2024-10-31 08:00,580.9898676900004,5000.0,8000.0,12000.0
2024-10-31 09:00,619.8766655100003,5000.0,8000.0,12000.0
2024-10-31 10:00,620.1188368800001,5000.0,8000.0,12000.0
2024-10-31 11:00,620.8917300300002,5000.0,8000.0,12000.0
2024-10-31 12:00,628.9784030700001,5000.0,8000.0,12000.0
2024-10-31 13:00,669.0879174600001,5000.0,8000.0,12000.0
2024-10-31 14:00,635.9406231300002,5000.0,8000.0,12000.0
2024-10-31 15:00,598.0649602799999,5000.0,8000.0,12000.0
2024-10-31 16:00,605.4617526899999,5000.0,8000.0,12000.0
2024-10-31 17:00,777.2805122400002,5000.0,8000.0,12000.0
2024-10-31 18:00,915.9530745600005,5000.0,8000.0,12000.0
2024-10-31 19:00,1005.9839205900004,5000.0,8000.0,12000.0
2024-10-31 20:00,956.9861422200005,5000.0,8000.0,12000.0
2024-10-31 21:00,888.3039852000006,5000.0,8000.0,12000.0
2024-10-31 22:00,819.5302506900005,5000.0,8000.0,12000.0
2024-10-31 23:00,543.47861385,5000.0,8000.0,12000.0
2024-11-01 00:00,542.65062144,5000.0,8000.0,12000.0
2024-11-01 01:00,552.35884899,5000.0,8000.0,12000.0
2024-11-01 02:00,551.63435244,5000.0,8000.0,12000.0
2024-11-01 03:00,555.48452553,5000.0,8000.0,12000.0
2024-11-01 04:00,554.13903657,5000.0,8000.0,12000.0
2024-11-01 05:00,555.46382553,5000.0,8000.0,12000.0
2024-11-01 06:00,563.5523850300002,5000.0,8000.0,12000.0
2024-11-01 07:00,568.7478635400003,5000.0,8000.0,12000.0
2024-11-01 08:00,582.6939965700003,5000.0,8000.0,12000.0
2024-11-01 09:00,605.7042545700002,5000.0,8000.0,12000.0
2024-11-01 10:00,640.7498037600002,5000.0,8000.0,12000.0
2024-11-01 11:00,650.2095892200001,5000.0,8000.0,12000.0
2024-11-01 12:00,675.4082808900001,5000.0,8000.0,12000.0
2024-11-01 13:00,666.5073719700001,5000.0,8000.0,12000.0
2024-11-01 14:00,635.0436976500002,5000.0,8000.0,12000.0
2024-11-01 15:00,561.7365341099999,5000.0,8000.0,12000.0
2024-11-01 16:00,584.23049064,5000.0,8000.0,12000.0
2024-11-01 17:00,839.7668287500002,5000.0,8000.0,12000.0
2024-11-01 18:00,921.1832766300006,5000.0,8000.0,12000.0
2024-11-01 19:00,945.9330418800005,5000.0,8000.0,12000.0
2024-11-01 20:00,979.7629711500006,5000.0,8000.0,12000.0
2024-11-01 21:00,892.3820211300006,5000.0,8000.0,12000.0
2024-11-01 22:00,784.9890287100004,5000.0,8000.0,12000.0
2024-11-01 23:00,543.1060173,5000.0,8000.0,12000.0
2024-11-02 00:00,540.10454007,5000.0,8000.0,12000.0
2024-11-02 01:00,550.24746417,5000.0,8000.0,12000.0
2024-11-02 02:00,550.45446141,5000.0,8000.0,12000.0
2024-11-02 03:00,553.60083933,5000.0,8000.0,12000.0
2024-11-02 04:00,554.59443243,5000.0,8000.0,12000.0
2024-11-02 05:00,553.89063657,5000.0,8000.0,12000.0
2024-11-02 06:00,565.1186174100002,5000.0,8000.0,12000.0
2024-11-02 07:00,573.1844317500002,5000.0,8000.0,12000.0
2024-11-02 08:00,590.9187213600004,5000.0,8000.0,12000.0
2024-11-02 09:00,600.1636187400002,5000.0,8000.0,12000.0
2024-11-02 10:00,626.3840023800002,5000.0,8000.0,12000.0
2024-11-02 11:00,662.1810657600001,5000.0,8000.0,12000.0
2024-11-02 12:00,644.6482416600003,5000.0,8000.0,12000.0
2024-11-02 13:00,641.4190851300002,5000.0,8000.0,12000.0
2024-11-02 14:00,614.6543101200002,5000.0,8000.0,12000.0
2024-11-02 15:00,603.72984786,5000.0,8000.0,12000.0
2024-11-02 16:00,624.21591612,5000.0,8000.0,12000.0
2024-11-02 17:00,881.5255908066669,5000.0,8000.0,12000.0
2024-11-02 18:00,995.2545579000005,5000.0,8000.0,12000.0
2024-11-02 19:00,880.2933522300006,5000.0,8000.0,12000.0
2024-11-02 20:00,880.8794948100007,5000.0,8000.0,12000.0
2024-11-02 21:00,893.5825121100006,5000.0,8000.0,12000.0
2024-11-02 22:00,848.3653907100004,5000.0,8000.0,12000.0
2024-11-02 23:00,541.01533317,5000.0,8000.0,12000.0
2024-11-03 00:00,541.80192489,5000.0,8000.0,12000.0
2024-11-03 01:00,549.83346555,5000.0,8000.0,12000.0
2024-11-03 02:00,551.03405865,5000.0,8000.0,12000.0
2024-11-03 03:00,554.3874345,5000.0,8000.0,12000.0
2024-11-03 04:00,553.84923933,5000.0,8000.0,12000.0
2024-11-03 05:00,554.69793174,5000.0,8000.0,12000.0
2024-11-03 06:00,562.4967678300003,5000.0,8000.0,12000.0
2024-11-03 07:00,572.9982283500002,5000.0,8000.0,12000.0
2024-11-03 08:00,578.2090738500004,5000.0,8000.0,12000.0
2024-11-03 09:00,613.1147207100001,5000.0,8000.0,12000.0
2024-11-03 10:00,650.5270099200002,5000.0,8000.0,12000.0
2024-11-03 11:00,647.5944754200002,5000.0,8000.0,12000.0
2024-11-03 12:00,672.4619650200001,5000.0,8000.0,12000.0
2024-11-03 13:00,664.9064988300001,5000.0,8000.0,12000.0
2024-11-03 14:00,655.2951265800002,5000.0,8000.0,12000.0
2024-11-03 15:00,595.69137615,5000.0,8000.0,12000.0
2024-11-03 16:00,575.8608113399999,5000.0,8000.0,12000.0
2024-11-03 17:00,884.4718866566669,5000.0,8000.0,12000.0
2024-11-03 18:00,932.3198566200006,5000.0,8000.0,12000.0
2024-11-03 19:00,877.6093743600006,5000.0,8000.0,12000.0
2024-11-03 20:00,959.9535672600007,5000.0,8000.0,12000.0
2024-11-03 21:00,867.1070975700005,5000.0,8000.0,12000.0
2024-11-03 22:00,769.9262507400005,5000.0,8000.0,12000.0
2024-11-03 23:00,542.00892213,5000.0,8000.0,12000.0
2024-11-04 00:00,540.82903179,5000.0,8000.0,12000.0
2024-11-04 01:00,550.76496072,5000.0,8000.0,12000.0
2024-11-04 02:00,552.15185106,5000.0,8000.0,12000.0
2024-11-04 03:00,552.66934692,5000.0,8000.0,12000.0
2024-11-04 04:00,552.73144485,5000.0,8000.0,12000.0
2024-11-04 05:00,553.6422386400001,5000.0,8000.0,12000.0
2024-11-04 06:00,563.8283181000003,5000.0,8000.0,12000.0
2024-11-04 07:00,571.3008062700003,5000.0,8000.0,12000.0
2024-11-04 08:00,581.8867579800004,5000.0,8000.0,12000.0
2024-11-04 09:00,608.4641904000002,5000.0,8000.0,12000.0
2024-11-04 10:00,676.5260850300001,5000.0,8000.0,12000.0
2024-11-04 11:00,644.3100160800002,5000.0,8000.0,12000.0
2024-11-04 12:00,642.8335513200001,5000.0,8000.0,12000.0
2024-11-04 13:00,645.2692816800003,5000.0,8000.0,12000.0
2024-11-04 14:00,657.0063900600002,5000.0,8000.0,12000.0
2024-11-04 15:00,600.38335407,5000.0,8000.0,12000.0
2024-11-04 16:00,586.61098581,5000.0,8000.0,12000.0
2024-11-04 17:00,803.5142915400003,5000.0,8000.0,12000.0
2024-11-04 18:00,1019.2530628800007,5000.0,8000.0,12000.0
2024-11-04 19:00,916.5530861400003,5000.0,8000.0,12000.0
2024-11-04 20:00,919.2362594700005,5000.0,8000.0,12000.0
2024-11-04 21:00,892.7337789900006,5000.0,8000.0,12000.0
2024-11-04 22:00,781.3870541400005,5000.0,8000.0,12000.0
2024-11-04 23:00,542.4436200600001,5000.0,8000.0,12000.0
2024-11-05 00:00,543.0025173,5000.0,8000.0,12000.0
2024-11-05 01:00,552.04835244,5000.0,8000.0,12000.0
2024-11-05 02:00,550.80635934,5000.0,8000.0,12000.0
2024-11-05 03:00,552.8763434699999,5000.0,8000.0,12000.0
2024-11-05 04:00,551.26175658,5000.0,8000.0,12000.0
2024-11-05 05:00,554.88422898,5000.0,8000.0,12000.0
2024-11-05 06:00,568.4926332300003,5000.0,8000.0,12000.0
2024-11-05 07:00,572.2530614700003,5000.0,8000.0,12000.0
2024-11-05 08:00,578.9267456100004,5000.0,8000.0,12000.0
2024-11-05 09:00,597.5830208100002,5000.0,8000.0,12000.0
2024-11-05 10:00,619.7945534400002,5000.0,8000.0,12000.0
2024-11-05 11:00,639.0315788700002,5000.0,8000.0,12000.0
2024-11-05 12:00,665.5412871000002,5000.0,8000.0,12000.0
2024-11-05 13:00,673.4349947400002,5000.0,8000.0,12000.0
2024-11-05 14:00,624.6316604400002,5000.0,8000.0,12000.0
2024-11-05 15:00,628.2110092199999,5000.0,8000.0,12000.0
2024-11-05 16:00,579.9663009899999,5000.0,8000.0,12000.0
2024-11-05 17:00,781.9173260400003,5000.0,8000.0,12000.0
2024-11-05 18:00,919.0718241900006,5000.0,8000.0,12000.0
2024-11-05 19:00,1029.5195687400005,5000.0,8000.0,12000.0
2024-11-05 20:00,956.4619726800006,5000.0,8000.0,12000.0
2024-11-05 21:00,1003.8649940700004,5000.0,8000.0,12000.0
2024-11-05 22:00,704.3900535000005,5000.0,8000.0,12000.0
2024-11-05 23:00,542.58852075,5000.0,8000.0,12000.0
2024-11-06 00:00,542.2366242,5000.0,8000.0,12000.0
2024-11-06 01:00,551.9034524399999,5000.0,8000.0,12000.0
2024-11-06 02:00,553.51803933,5000.0,8000.0,12000.0
2024-11-06 03:00,552.3381483,5000.0,8000.0,12000.0
2024-11-06 04:00,554.55303174,5000.0,8000.0,12000.0
2024-11-06 05:00,554.5737310500001,5000.0,8000.0,12000.0
2024-11-06 06:00,563.8836257400003,5000.0,8000.0,12000.0
2024-11-06 07:00,568.9410807900002,5000.0,8000.0,12000.0
2024-11-06 08:00,588.3934676400004,5000.0,8000.0,12000.0
2024-11-06 09:00,591.4213898100003,5000.0,8000.0,12000.0
2024-11-06 10:00,621.3747217500003,5000.0,8000.0,12000.0
2024-11-06 11:00,626.2254286500003,5000.0,8000.0,12000.0
2024-11-06 12:00,658.9725774900002,5000.0,8000.0,12000.0
2024-11-06 13:00,667.7285691600002,5000.0,8000.0,12000.0
2024-11-06 14:00,658.0274265300002,5000.0,8000.0,12000.0
2024-11-06 15:00,573.5700085799999,5000.0,8000.0,12000.0
2024-11-06 16:00,604.1369478600001,5000.0,8000.0,12000.0
2024-11-06 17:00,868.4293845766668,5000.0,8000.0,12000.0
2024-11-06 18:00,1048.9712566200005,5000.0,8000.0,12000.0
2024-11-06 19:00,918.3607674600006,5000.0,8000.0,12000.0
2024-11-06 20:00,881.9970850500006,5000.0,8000.0,12000.0
2024-11-06 21:00,869.0251133400004,5000.0,8000.0,12000.0
2024-11-06 22:00,829.6869547800004,5000.0,8000.0,12000.0
2024-11-06 23:00,541.1395311,5000.0,8000.0,12000.0
2024-11-07 00:00,543.39581454,5000.0,8000.0,12000.0
2024-11-07 01:00,549.12967245,5000.0,8000.0,12000.0
2024-11-07 02:00,554.69793036,5000.0,8000.0,12000.0
2024-11-07 03:00,553.2696414000001,5000.0,8000.0,12000.0
2024-11-07 04:00,555.23612829,5000.0,8000.0,12000.0
2024-11-07 05:00,554.78073105,5000.0,8000.0,12000.0
2024-11-07 06:00,560.9373547200004,5000.0,8000.0,12000.0
2024-11-07 07:00,568.3408077000003,5000.0,8000.0,12000.0
2024-11-07 08:00,587.4549620700003,5000.0,8000.0,12000.0
2024-11-07 09:00,631.4478972000002,5000.0,8000.0,12000.0
2024-11-07 10:00,644.3928643800002,5000.0,8000.0,12000.0
2024-11-07 11:00,630.6274906500001,5000.0,8000.0,12000.0
2024-11-07 12:00,643.6408954800003,5000.0,8000.0,12000.0
2024-11-07 13:00,653.4527527500002,5000.0,8000.0,12000.0
2024-11-07 14:00,610.6592059800003,5000.0,8000.0,12000.0
2024-11-07 15:00,613.25183406,5000.0,8000.0,12000.0
2024-11-07 16:00,617.03302509,5000.0,8000.0,12000.0
2024-11-07 17:00,767.3514322500002,5000.0,8000.0,12000.0
2024-11-07 18:00,957.1667497200004,5000.0,8000.0,12000.0
2024-11-07 19:00,1018.2449701200004,5000.0,8000.0,12000.0
2024-11-07 20:00,922.4516491200005,5000.0,8000.0,12000.0
2024-11-07 21:00,979.3424327100005,5000.0,8000.0,12000.0
2024-11-07 22:00,709.8825949500005,5000.0,8000.0,12000.0
2024-11-07 23:00,541.8226269600001,5000.0,8000.0,12000.0
2024-11-08 00:00,542.13312489,5000.0,8000.0,12000.0
2024-11-08 01:00,549.10897245,5000.0,8000.0,12000.0
2024-11-08 02:00,553.68363933,5000.0,8000.0,12000.0
2024-11-08 03:00,552.17255037,5000.0,8000.0,12000.0
2024-11-08 04:00,554.49093243,5000.0,8000.0,12000.0
2024-11-08 05:00,556.39531932,5000.0,8000.0,12000.0
2024-11-08 06:00,565.4359539300002,5000.0,8000.0,12000.0
2024-11-08 07:00,576.0891475200002,5000.0,8000.0,12000.0
2024-11-08 08:00,582.7905282600004,5000.0,8000.0,12000.0
2024-11-08 09:00,621.0220427400002,5000.0,8000.0,12000.0
2024-11-08 10:00,644.9931450600001,5000.0,8000.0,12000.0
2024-11-08 11:00,645.5037209100002,5000.0,8000.0,12000.0
2024-11-08 12:00,684.3989484600002,5000.0,8000.0,12000.0
2024-11-08 13:00,657.8340885300001,5000.0,8000.0,12000.0
2024-11-08 14:00,620.6641652700002,5000.0,8000.0,12000.0
2024-11-08 15:00,570.03722238,5000.0,8000.0,12000.0
2024-11-08 16:00,605.1788540699999,5000.0,8000.0,12000.0
2024-11-08 17:00,830.3759494500002,5000.0,8000.0,12000.0
2024-11-08 18:00,920.0517987600005,5000.0,8000.0,12000.0
2024-11-08 19:00,963.2454861900005,5000.0,8000.0,12000.0
2024-11-08 20:00,970.4070769200007,5000.0,8000.0,12000.0
2024-11-08 21:00,881.2799604600006,5000.0,8000.0,12000.0
2024-11-08 22:00,737.9171072700004,5000.0,8000.0,12000.0
2024-11-08 23:00,541.40862903,5000.0,8000.0,12000.0
2024-11-09 00:00,543.64421178,5000.0,8000.0,12000.0
2024-11-09 01:00,548.1567786600001,5000.0,8000.0,12000.0
2024-11-09 02:00,553.7043393299999,5000.0,8000.0,12000.0
2024-11-09 03:00,554.3667345,5000.0,8000.0,12000.0
2024-11-09 04:00,553.3317413999999,5000.0,8000.0,12000.0
2024-11-09 05:00,553.0212441599999,5000.0,8000.0,12000.0
2024-11-09 06:00,568.0164876900002,5000.0,8000.0,12000.0
2024-11-09 07:00,571.0730986800003,5000.0,8000.0,12000.0
2024-11-09 08:00,584.7296863200004,5000.0,8000.0,12000.0
2024-11-09 09:00,623.1334910400002,5000.0,8000.0,12000.0
2024-11-09 10:00,648.8089520100002,5000.0,8000.0,12000.0
2024-11-09 11:00,664.8652658100002,5000.0,8000.0,12000.0
2024-11-09 12:00,660.7735865100002,5000.0,8000.0,12000.0
2024-11-09 13:00,636.1544327400002,5000.0,8000.0,12000.0
2024-11-09 14:00,615.3373839000002,5000.0,8000.0,12000.0
2024-11-09 15:00,601.30795545,5000.0,8000.0,12000.0
2024-11-09 16:00,604.70274717,5000.0,8000.0,12000.0
2024-11-09 17:00,857.0099135700002,5000.0,8000.0,12000.0
2024-11-09 18:00,973.5334317300004,5000.0,8000.0,12000.0
2024-11-09 19:00,914.7518556300005,5000.0,8000.0,12000.0
2024-11-09 20:00,893.6721003300006,5000.0,8000.0,12000.0
2024-11-09 21:00,968.9440588800005,5000.0,8000.0,12000.0
2024-11-09 22:00,717.0999501000005,5000.0,8000.0,12000.0
2024-11-09 23:00,542.94041661,5000.0,8000.0,12000.0
2024-11-10 00:00,542.1745235100001,5000.0,8000.0,12000.0
2024-11-10 01:00,550.4958621000001,5000.0,8000.0,12000.0
2024-11-10 02:00,552.2760489899999,5000.0,8000.0,12000.0
2024-11-10 03:00,553.1247414000001,5000.0,8000.0,12000.0
2024-11-10 04:00,553.8699365699999,5000.0,8000.0,12000.0
2024-11-10 05:00,554.6358303599999,5000.0,8000.0,12000.0
2024-11-10 06:00,568.7065359900002,5000.0,8000.0,12000.0
2024-11-10 07:00,569.7070063200002,5000.0,8000.0,12000.0
2024-11-10 08:00,582.3422538900003,5000.0,8000.0,12000.0
2024-11-10 09:00,627.9634427400002,5000.0,8000.0,12000.0
2024-11-10 10:00,669.4467333300001,5000.0,8000.0,12000.0
2024-11-10 11:00,692.2441863600001,5000.0,8000.0,12000.0
2024-11-10 12:00,654.5635506300002,5000.0,8000.0,12000.0
2024-11-10 13:00,642.0676575300001,5000.0,8000.0,12000.0
2024-11-10 14:00,614.9647901100002,5000.0,8000.0,12000.0
2024-11-10 15:00,573.8943147899998,5000.0,8000.0,12000.0
2024-11-10 16:00,563.5029396299999,5000.0,8000.0,12000.0
2024-11-10 17:00,813.4019777400002,5000.0,8000.0,12000.0
2024-11-10 18:00,980.0402573100005,5000.0,8000.0,12000.0
2024-11-10 19:00,912.5095308900004,5000.0,8000.0,12000.0
2024-11-10 20:00,953.6053954500006,5000.0,8000.0,12000.0
2024-11-10 21:00,867.9351734700006,5000.0,8000.0,12000.0
2024-11-10 22:00,828.6934555200005,5000.0,8000.0,12000.0
2024-11-10 23:00,542.77481937,5000.0,8000.0,12000.0
2024-11-11 00:00,542.44362144,5000.0,8000.0,12000.0
2024-11-11 01:00,550.64076072,5000.0,8000.0,12000.0
2024-11-11 02:00,553.06264347,5000.0,8000.0,12000.0
2024-11-11 03:00,553.84923864,5000.0,8000.0,12000.0
2024-11-11 04:00,553.49734071,5000.0,8000.0,12000.0
2024-11-11 05:00,555.2361275999999,5000.0,8000.0,12000.0
2024-11-11 06:00,563.3108946900003,5000.0,8000.0,12000.0
2024-11-11 07:00,570.5073345600001,5000.0,8000.0,12000.0
2024-11-11 08:00,580.5550552200003,5000.0,8000.0,12000.0
2024-11-11 09:00,603.2823449100002,5000.0,8000.0,12000.0
2024-11-11 10:00,640.3287809400002,5000.0,8000.0,12000.0
2024-11-11 11:00,642.2124492000002,5000.0,8000.0,12000.0
2024-11-11 12:00,691.1816505300001,5000.0,8000.0,12000.0
2024-11-11 13:00,630.6965886300002,5000.0,8000.0,12000.0
2024-11-11 14:00,625.4665866600003,5000.0,8000.0,12000.0
2024-11-11 15:00,592.4897761499999,5000.0,8000.0,12000.0
2024-11-11 16:00,589.94367753,5000.0,8000.0,12000.0
2024-11-11 17:00,900.8455487100002,5000.0,8000.0,12000.0
2024-11-11 18:00,825.3699497700004,5000.0,8000.0,12000.0
2024-11-11 19:00,857.3164536600004,5000.0,8000.0,12000.0
2024-11-11 20:00,970.9794195000006,5000.0,8000.0,12000.0
2024-11-11 21:00,963.9624044700006,5000.0,8000.0,12000.0
2024-11-11 22:00,852.7813810500005,5000.0,8000.0,12000.0
2024-11-11 23:00,540.22873524,5000.0,8000.0,12000.0
2024-11-12 00:00,542.27802351,5000.0,8000.0,12000.0
2024-11-12 01:00,549.21247176,5000.0,8000.0,12000.0
2024-11-12 02:00,553.55944002,5000.0,8000.0,12000.0
2024-11-12 03:00,552.66934554,5000.0,8000.0,12000.0
2024-11-12 04:00,554.2425344999999,5000.0,8000.0,12000.0
2024-11-12 05:00,553.0833434699999,5000.0,8000.0,12000.0
2024-11-12 06:00,563.8974464400003,5000.0,8000.0,12000.0
2024-11-12 07:00,569.3344622100002,5000.0,8000.0,12000.0
2024-11-12 08:00,575.7804546300005,5000.0,8000.0,12000.0
2024-11-12 09:00,633.7938903000002,5000.0,8000.0,12000.0
2024-11-12 10:00,661.0977354000001,5000.0,8000.0,12000.0
2024-11-12 11:00,648.2844906000001,5000.0,8000.0,12000.0
2024-11-12 12:00,622.8927396900002,5000.0,8000.0,12000.0
2024-11-12 13:00,626.1494844900002,5000.0,8000.0,12000.0
2024-11-12 14:00,626.5222500900002,5000.0,8000.0,12000.0
2024-11-12 15:00,572.72820789,5000.0,8000.0,12000.0
2024-11-12 16:00,590.2748802899999,5000.0,8000.0,12000.0
2024-11-12 17:00,856.3889039100002,5000.0,8000.0,12000.0
2024-11-12 18:00,1014.8090909700006,5000.0,8000.0,12000.0
2024-11-12 19:00,907.2586274400004,5000.0,8000.0,12000.0
2024-11-12 20:00,902.7315402000005,5000.0,8000.0,12000.0
2024-11-12 21:00,956.5585209300004,5000.0,8000.0,12000.0
2024-11-12 22:00,767.0419638000004,5000.0,8000.0,12000.0
2024-11-12 23:00,543.2095159200001,5000.0,8000.0,12000.0
2024-11-13 00:00,541.7812242,5000.0,8000.0,12000.0
2024-11-13 01:00,550.9512600300001,5000.0,8000.0,12000.0
2024-11-13 02:00,552.00695175,5000.0,8000.0,12000.0
2024-11-13 03:00,554.8014296700001,5000.0,8000.0,12000.0
2024-11-13 04:00,554.7393310499999,5000.0,8000.0,12000.0
2024-11-13 05:00,554.32533519,5000.0,8000.0,12000.0
2024-11-13 06:00,568.6512083400002,5000.0,8000.0,12000.0
2024-11-13 07:00,574.0331483100002,5000.0,8000.0,12000.0
2024-11-13 08:00,583.4048035200004,5000.0,8000.0,12000.0
2024-11-13 09:00,597.5623111500003,5000.0,8000.0,12000.0
2024-11-13 10:00,633.3529865100003,5000.0,8000.0,12000.0
2024-11-13 11:00,638.6037533400001,5000.0,8000.0,12000.0
2024-11-13 12:00,656.2954064700002,5000.0,8000.0,12000.0
2024-11-13 13:00,683.4882671400002,5000.0,8000.0,12000.0
2024-11-13 14:00,644.3586169200003,5000.0,8000.0,12000.0
2024-11-13 15:00,603.7298540699999,5000.0,8000.0,12000.0
2024-11-13 16:00,593.21428167,5000.0,8000.0,12000.0
2024-11-13 17:00,785.1810426000003,5000.0,8000.0,12000.0
2024-11-13 18:00,926.7310001400006,5000.0,8000.0,12000.0
2024-11-13 19:00,983.3241991500004,5000.0,8000.0,12000.0
2024-11-13 20:00,984.0135774600005,5000.0,8000.0,12000.0
2024-11-13 21:00,900.5514927900006,5000.0,8000.0,12000.0
2024-11-13 22:00,750.5717666100005,5000.0,8000.0,12000.0
2024-11-13 23:00,543.31301592,5000.0,8000.0,12000.0
2024-11-14 00:00,541.51212696,5000.0,8000.0,12000.0
2024-11-14 01:00,550.45446141,5000.0,8000.0,12000.0
2024-11-14 02:00,549.7299683099999,5000.0,8000.0,12000.0
2024-11-14 03:00,553.16614347,5000.0,8000.0,12000.0
2024-11-14 04:00,553.5801393300001,5000.0,8000.0,12000.0
2024-11-14 05:00,554.28393381,5000.0,8000.0,12000.0
2024-11-14 06:00,562.2689077500003,5000.0,8000.0,12000.0
2024-11-14 07:00,573.5709318000003,5000.0,8000.0,12000.0
2024-11-14 08:00,587.9103848400005,5000.0,8000.0,12000.0
2024-11-14 09:00,597.8796566400002,5000.0,8000.0,12000.0
2024-11-14 10:00,618.9735196800001,5000.0,8000.0,12000.0
2024-11-14 11:00,638.9144120400001,5000.0,8000.0,12000.0
2024-11-14 12:00,664.1477072100002,5000.0,8000.0,12000.0
2024-11-14 13:00,630.9795431400001,5000.0,8000.0,12000.0
2024-11-14 14:00,640.4326190400002,5000.0,8000.0,12000.0
2024-11-14 15:00,590.35767477,5000.0,8000.0,12000.0
2024-11-14 16:00,596.9678616599999,5000.0,8000.0,12000.0
2024-11-14 17:00,877.9858866633335,5000.0,8000.0,12000.0
2024-11-14 18:00,926.4272600700004,5000.0,8000.0,12000.0
2024-11-14 19:00,922.2522853500006,5000.0,8000.0,12000.0
2024-11-14 20:00,831.7509945600007,5000.0,8000.0,12000.0
2024-11-14 21:00,992.3695430100005,5000.0,8000.0,12000.0
2024-11-14 22:00,831.5638969200005,5000.0,8000.0,12000.0
2024-11-14 23:00,544.53430557,5000.0,8000.0,12000.0
2024-11-15 00:00,544.9276035,5000.0,8000.0,12000.0
2024-11-15 01:00,549.25387107,5000.0,8000.0,12000.0
2024-11-15 02:00,551.3238552,5000.0,8000.0,12000.0
2024-11-15 03:00,552.11044968,5000.0,8000.0,12000.0
2024-11-15 04:00,553.70433795,5000.0,8000.0,12000.0
2024-11-15 05:00,553.97343726,5000.0,8000.0,12000.0
2024-11-15 06:00,561.7376719200003,5000.0,8000.0,12000.0
2024-11-15 07:00,577.3381317000002,5000.0,8000.0,12000.0
2024-11-15 08:00,587.1582972600004,5000.0,8000.0,12000.0
2024-11-15 09:00,620.7323565900002,5000.0,8000.0,12000.0
2024-11-15 10:00,670.6473795600001,5000.0,8000.0,12000.0
2024-11-15 11:00,659.8627837500002,5000.0,8000.0,12000.0
2024-11-15 12:00,633.7876375200001,5000.0,8000.0,12000.0
2024-11-15 13:00,680.1831567900002,5000.0,8000.0,12000.0
2024-11-15 14:00,628.2266025300002,5000.0,8000.0,12000.0
2024-11-15 15:00,596.7608706299999,5000.0,8000.0,12000.0
2024-11-15 16:00,576.42661548,5000.0,8000.0,12000.0
2024-11-15 17:00,825.0767605033336,5000.0,8000.0,12000.0
2024-11-15 18:00,981.7584435600006,5000.0,8000.0,12000.0
2024-11-15 19:00,937.2045342900004,5000.0,8000.0,12000.0
2024-11-15 20:00,924.6804395100005,5000.0,8000.0,12000.0
2024-11-15 21:00,848.8774962900005,5000.0,8000.0,12000.0
2024-11-15 22:00,819.0404341800004,5000.0,8000.0,12000.0
2024-11-15 23:00,545.85909729,5000.0,8000.0,12000.0
2024-11-16 00:00,541.59492765,5000.0,8000.0,12000.0
2024-11-16 01:00,550.76496003,5000.0,8000.0,12000.0
2024-11-16 02:00,549.75066693,5000.0,8000.0,12000.0
2024-11-16 03:00,553.3110414,5000.0,8000.0,12000.0
2024-11-16 04:00,553.8078372599999,5000.0,8000.0,12000.0
2024-11-16 05:00,553.6422386400001,5000.0,8000.0,12000.0
2024-11-16 06:00,564.0629084400003,5000.0,8000.0,12000.0
2024-11-16 07:00,569.7069801000002,5000.0,8000.0,12000.0
2024-11-16 08:00,579.8927925300003,5000.0,8000.0,12000.0
2024-11-16 09:00,619.9249648200002,5000.0,8000.0,12000.0
2024-11-16 10:00,660.8285705400001,5000.0,8000.0,12000.0
2024-11-16 11:00,643.7720375700002,5000.0,8000.0,12000.0
2024-11-16 12:00,634.4295245100002,5000.0,8000.0,12000.0
2024-11-16 13:00,620.6708989800002,5000.0,8000.0,12000.0
2024-11-16 14:00,632.7183362400002,5000.0,8000.0,12000.0
2024-11-16 15:00,584.65138719,5000.0,8000.0,12000.0
2024-11-16 16:00,587.3009789099999,5000.0,8000.0,12000.0
2024-11-16 17:00,780.0888343200003,5000.0,8000.0,12000.0
2024-11-16 18:00,852.9217470600005,5000.0,8000.0,12000.0
2024-11-16 19:00,995.9924832300005,5000.0,8000.0,12000.0
2024-11-16 20:00,887.0134864800006,5000.0,8000.0,12000.0
2024-11-16 21:00,940.3158878100005,5000.0,8000.0,12000.0
2024-11-16 22:00,901.3363767600005,5000.0,8000.0,12000.0
2024-11-16 23:00,545.8176966,5000.0,8000.0,12000.0
2024-11-17 00:00,541.96752489,5000.0,8000.0,12000.0
2024-11-17 01:00,550.12326486,5000.0,8000.0,12000.0
2024-11-17 02:00,552.40024761,5000.0,8000.0,12000.0
2024-11-17 03:00,553.72503864,5000.0,8000.0,12000.0
2024-11-17 04:00,553.10404278,5000.0,8000.0,12000.0
2024-11-17 05:00,554.03553588,5000.0,8000.0,12000.0
2024-11-17 06:00,559.8886002600003,5000.0,8000.0,12000.0
2024-11-17 07:00,569.9691759600003,5000.0,8000.0,12000.0
2024-11-17 08:00,587.5034207700004,5000.0,8000.0,12000.0
2024-11-17 09:00,614.0807669400002,5000.0,8000.0,12000.0
2024-11-17 10:00,627.0879079500003,5000.0,8000.0,12000.0
2024-11-17 11:00,645.3728582700003,5000.0,8000.0,12000.0
2024-11-17 12:00,644.1513795600001,5000.0,8000.0,12000.0
2024-11-17 13:00,655.8884251500002,5000.0,8000.0,12000.0
2024-11-17 14:00,643.1098300800003,5000.0,8000.0,12000.0
2024-11-17 15:00,602.21185614,5000.0,8000.0,12000.0
2024-11-17 16:00,581.8706871899999,5000.0,8000.0,12000.0
2024-11-17 17:00,728.0007902100002,5000.0,8000.0,12000.0
2024-11-17 18:00,939.2681883600004,5000.0,8000.0,12000.0
2024-11-17 19:00,983.9725611000005,5000.0,8000.0,12000.0
2024-11-17 20:00,929.9517697200006,5000.0,8000.0,12000.0
2024-11-17 21:00,898.5917230500006,5000.0,8000.0,12000.0
2024-11-17 22:00,904.2828465000005,5000.0,8000.0,12000.0
2024-11-17 23:00,542.50572213,5000.0,8000.0,12000.0
2024-11-18 00:00,542.25732351,5000.0,8000.0,12000.0
2024-11-18 01:00,551.28245658,5000.0,8000.0,12000.0
2024-11-18 02:00,552.66934554,5000.0,8000.0,12000.0
2024-11-18 03:00,553.3938420899999,5000.0,8000.0,12000.0
2024-11-18 04:00,554.8014303599999,5000.0,8000.0,12000.0
2024-11-18 05:00,555.0912276,5000.0,8000.0,12000.0
2024-11-18 06:00,567.0644388000003,5000.0,8000.0,12000.0
2024-11-18 07:00,576.8206979400002,5000.0,8000.0,12000.0
2024-11-18 08:00,582.3214407300004,5000.0,8000.0,12000.0
2024-11-18 09:00,605.8422228300002,5000.0,8000.0,12000.0
2024-11-18 10:00,678.5961091800002,5000.0,8000.0,12000.0
2024-11-18 11:00,695.6458566900002,5000.0,8000.0,12000.0
2024-11-18 12:00,675.2702746800002,5000.0,8000.0,12000.0
2024-11-18 13:00,678.6721085400002,5000.0,8000.0,12000.0
2024-11-18 14:00,618.9184280100002,5000.0,8000.0,12000.0
2024-11-18 15:00,569.9751175499999,5000.0,8000.0,12000.0
2024-11-18 16:00,600.86635476,5000.0,8000.0,12000.0
2024-11-18 17:00,872.0243253000002,5000.0,8000.0,12000.0
2024-11-18 18:00,884.1303932400004,5000.0,8000.0,12000.0
2024-11-18 19:00,974.1128757900005,5000.0,8000.0,12000.0
2024-11-18 20:00,938.9566499100005,5000.0,8000.0,12000.0
2024-11-18 21:00,851.4236259600005,5000.0,8000.0,12000.0
2024-11-18 22:00,735.6884928300005,5000.0,8000.0,12000.0
2024-11-18 23:00,541.96752558,5000.0,8000.0,12000.0
2024-11-19 00:00,542.60922213,5000.0,8000.0,12000.0
2024-11-19 01:00,552.1725496800001,5000.0,8000.0,12000.0
2024-11-19 02:00,554.1597358800001,5000.0,8000.0,12000.0
2024-11-19 03:00,552.56584623,5000.0,8000.0,12000.0
2024-11-19 04:00,554.2218345,5000.0,8000.0,12000.0
2024-11-19 05:00,554.26323312,5000.0,8000.0,12000.0
2024-11-19 06:00,565.1393581200003,5000.0,8000.0,12000.0
2024-11-19 07:00,571.5837131700002,5000.0,8000.0,12000.0
2024-11-19 08:00,583.7911531500005,5000.0,8000.0,12000.0
2024-11-19 09:00,619.8008572800003,5000.0,8000.0,12000.0
2024-11-19 10:00,638.9695527000001,5000.0,8000.0,12000.0
2024-11-19 11:00,700.4482152900001,5000.0,8000.0,12000.0
2024-11-19 12:00,635.0434803000002,5000.0,8000.0,12000.0
2024-11-19 13:00,632.1595535400003,5000.0,8000.0,12000.0
2024-11-19 14:00,624.2590783800002,5000.0,8000.0,12000.0
2024-11-19 15:00,602.05315545,5000.0,8000.0,12000.0
2024-11-19 16:00,607.5179416499999,5000.0,8000.0,12000.0
2024-11-19 17:00,846.2666515133335,5000.0,8000.0,12000.0
2024-11-19 18:00,886.1314456800006,5000.0,8000.0,12000.0
2024-11-19 19:00,914.7589426200005,5000.0,8000.0,12000.0
2024-11-19 20:00,889.1937050100006,5000.0,8000.0,12000.0
2024-11-19 21:00,983.8893629700004,5000.0,8000.0,12000.0
2024-11-19 22:00,817.1774507400005,5000.0,8000.0,12000.0
2024-11-19 23:00,542.05032489,5000.0,8000.0,12000.0
2024-11-20 00:00,543.25091523,5000.0,8000.0,12000.0
2024-11-20 01:00,552.13115175,5000.0,8000.0,12000.0
2024-11-20 02:00,552.3174483,5000.0,8000.0,12000.0
2024-11-20 03:00,553.22824209,5000.0,8000.0,12000.0
2024-11-20 04:00,552.71074554,5000.0,8000.0,12000.0
2024-11-20 05:00,555.17402898,5000.0,8000.0,12000.0
2024-11-20 06:00,564.7736739900004,5000.0,8000.0,12000.0
2024-11-20 07:00,573.0947710800003,5000.0,8000.0,12000.0
2024-11-20 08:00,589.2696324000004,5000.0,8000.0,12000.0
2024-11-20 09:00,611.8866476700002,5000.0,8000.0,12000.0
2024-11-20 10:00,672.4827098700002,5000.0,8000.0,12000.0
2024-11-20 11:00,673.8766754700002,5000.0,8000.0,12000.0
2024-11-20 12:00,649.6163120400001,5000.0,8000.0,12000.0
2024-11-20 13:00,644.5448134200002,5000.0,8000.0,12000.0
2024-11-20 14:00,658.3381224900003,5000.0,8000.0,12000.0
2024-11-20 15:00,591.4478733899999,5000.0,8000.0,12000.0
2024-11-20 16:00,599.65885407,5000.0,8000.0,12000.0
2024-11-20 17:00,852.8078515133335,5000.0,8000.0,12000.0
2024-11-20 18:00,989.9832566700005,5000.0,8000.0,12000.0
2024-11-20 19:00,941.3307901800005,5000.0,8000.0,12000.0
2024-11-20 20:00,874.2413304900005,5000.0,8000.0,12000.0
2024-11-20 21:00,924.2666803200005,5000.0,8000.0,12000.0
2024-11-20 22:00,749.9646080100005,5000.0,8000.0,12000.0
2024-11-20 23:00,541.61562903,5000.0,8000.0,12000.0
2024-11-21 00:00,541.71912834,5000.0,8000.0,12000.0
2024-11-21 01:00,549.15037245,5000.0,8000.0,12000.0
2024-11-21 02:00,554.24253588,5000.0,8000.0,12000.0
2024-11-21 03:00,553.0833434699999,5000.0,8000.0,12000.0
2024-11-21 04:00,555.3603262199999,5000.0,8000.0,12000.0
2024-11-21 05:00,553.55943933,5000.0,8000.0,12000.0
2024-11-21 06:00,564.1940670900003,5000.0,8000.0,12000.0
2024-11-21 07:00,568.7685304200003,5000.0,8000.0,12000.0
2024-11-21 08:00,588.7798117500004,5000.0,8000.0,12000.0
2024-11-21 09:00,616.5440690100003,5000.0,8000.0,12000.0
2024-11-21 10:00,655.6053153900001,5000.0,8000.0,12000.0
2024-11-21 11:00,635.9888106600002,5000.0,8000.0,12000.0
2024-11-21 12:00,625.0179148500002,5000.0,8000.0,12000.0
2024-11-21 13:00,645.7039644300002,5000.0,8000.0,12000.0
2024-11-21 14:00,633.4427141100002,5000.0,8000.0,12000.0
2024-11-21 15:00,587.3561795999999,5000.0,8000.0,12000.0
2024-11-21 16:00,604.81315476,5000.0,8000.0,12000.0
2024-11-21 17:00,827.9885466966668,5000.0,8000.0,12000.0
2024-11-21 18:00,955.7177890500004,5000.0,8000.0,12000.0
2024-11-21 19:00,990.1966350300005,5000.0,8000.0,12000.0
2024-11-21 20:00,937.7007477900005,5000.0,8000.0,12000.0
2024-11-21 21:00,900.9447093000005,5000.0,8000.0,12000.0
2024-11-21 22:00,787.6385493600005,5000.0,8000.0,12000.0
2024-11-21 23:00,544.16170902,5000.0,8000.0,12000.0
2024-11-22 00:00,545.44509936,5000.0,8000.0,12000.0
2024-11-22 01:00,551.03405934,5000.0,8000.0,12000.0
2024-11-22 02:00,553.06264278,5000.0,8000.0,12000.0
2024-11-22 03:00,553.97343657,5000.0,8000.0,12000.0
2024-11-22 04:00,552.93844416,5000.0,8000.0,12000.0
2024-11-22 05:00,552.7728455399999,5000.0,8000.0,12000.0
2024-11-22 06:00,561.6894057300002,5000.0,8000.0,12000.0
2024-11-22 07:00,570.6936021300003,5000.0,8000.0,12000.0
2024-11-22 08:00,575.7803449200004,5000.0,8000.0,12000.0
2024-11-22 09:00,598.9354504800002,5000.0,8000.0,12000.0
2024-11-22 10:00,663.5542223400003,5000.0,8000.0,12000.0
2024-11-22 11:00,688.2215429400002,5000.0,8000.0,12000.0
2024-11-22 12:00,660.5801988300002,5000.0,8000.0,12000.0
2024-11-22 13:00,642.7506961200002,5000.0,8000.0,12000.0
2024-11-22 14:00,606.1189990800002,5000.0,8000.0,12000.0
2024-11-22 15:00,575.60550858,5000.0,8000.0,12000.0
2024-11-22 16:00,587.6666885699999,5000.0,8000.0,12000.0
2024-11-22 17:00,847.7570025300002,5000.0,8000.0,12000.0
2024-11-22 18:00,877.8789863400004,5000.0,8000.0,12000.0
2024-11-22 19:00,894.6315494700004,5000.0,8000.0,12000.0
2024-11-22 20:00,993.0661387200005,5000.0,8000.0,12000.0
2024-11-22 21:00,940.5232059000007,5000.0,8000.0,12000.0
2024-11-22 22:00,815.8457597100005,5000.0,8000.0,12000.0
2024-11-22 23:00,540.87043386,5000.0,8000.0,12000.0
2024-11-23 00:00,543.9133124699999,5000.0,8000.0,12000.0
2024-11-23 01:00,552.06905106,5000.0,8000.0,12000.0
2024-11-23 02:00,551.73785244,5000.0,8000.0,12000.0
2024-11-23 03:00,553.47664071,5000.0,8000.0,12000.0
2024-11-23 04:00,554.65653036,5000.0,8000.0,12000.0
2024-11-23 05:00,553.70433864,5000.0,8000.0,12000.0
2024-11-23 06:00,563.1935401800002,5000.0,8000.0,12000.0
2024-11-23 07:00,567.2850807900002,5000.0,8000.0,12000.0
2024-11-23 08:00,582.1006897200004,5000.0,8000.0,12000.0
2024-11-23 09:00,622.1882641800003,5000.0,8000.0,12000.0
2024-11-23 10:00,631.4140678800002,5000.0,8000.0,12000.0
2024-11-23 11:00,652.6108644300002,5000.0,8000.0,12000.0
2024-11-23 12:00,654.3219926700002,5000.0,8000.0,12000.0
2024-11-23 13:00,642.9094885800002,5000.0,8000.0,12000.0
2024-11-23 14:00,644.2758935100003,5000.0,8000.0,12000.0
2024-11-23 15:00,583.59569478,5000.0,8000.0,12000.0
2024-11-23 16:00,608.0630423399999,5000.0,8000.0,12000.0
2024-11-23 17:00,787.2648212100002,5000.0,8000.0,12000.0
2024-11-23 18:00,884.7513345900005,5000.0,8000.0,12000.0
2024-11-23 19:00,918.5677522800005,5000.0,8000.0,12000.0
2024-11-23 20:00,1080.3924759300005,5000.0,8000.0,12000.0
2024-11-23 21:00,902.3800100400006,5000.0,8000.0,12000.0
2024-11-23 22:00,792.9790141200004,5000.0,8000.0,12000.0
2024-11-23 23:00,543.7684110900001,5000.0,8000.0,12000.0
2024-11-24 00:00,544.65850626,5000.0,8000.0,12000.0
2024-11-24 01:00,548.9847717600001,5000.0,8000.0,12000.0
2024-11-24 02:00,552.6072469200001,5000.0,8000.0,12000.0
2024-11-24 03:00,552.5451476100001,5000.0,8000.0,12000.0
2024-11-24 04:00,554.6979317400001,5000.0,8000.0,12000.0
2024-11-24 05:00,553.3110414,5000.0,8000.0,12000.0
2024-11-24 06:00,567.2230201200002,5000.0,8000.0,12000.0
2024-11-24 07:00,574.1158510200002,5000.0,8000.0,12000.0
2024-11-24 08:00,582.0799193400003,5000.0,8000.0,12000.0
2024-11-24 09:00,603.5652973500003,5000.0,8000.0,12000.0
2024-11-24 10:00,637.8863907000001,5000.0,8000.0,12000.0
2024-11-24 11:00,695.9357960700002,5000.0,8000.0,12000.0
2024-11-24 12:00,714.6965910900001,5000.0,8000.0,12000.0
2024-11-24 13:00,670.1988574800001,5000.0,8000.0,12000.0
2024-11-24 14:00,611.3146494000001,5000.0,8000.0,12000.0
2024-11-24 15:00,567.8913196199999,5000.0,8000.0,12000.0
2024-11-24 16:00,583.76129478,5000.0,8000.0,12000.0
2024-11-24 17:00,837.7658556600002,5000.0,8000.0,12000.0
2024-11-24 18:00,909.4741739700004,5000.0,8000.0,12000.0
2024-11-24 19:00,976.4794860900005,5000.0,8000.0,12000.0
2024-11-24 20:00,880.1962430100004,5000.0,8000.0,12000.0
2024-11-24 21:00,802.2957087600006,5000.0,8000.0,12000.0
2024-11-24 22:00,916.1854424100004,5000.0,8000.0,12000.0
2024-11-24 23:00,542.42292144,5000.0,8000.0,12000.0
2024-11-25 00:00,542.89901868,5000.0,8000.0,12000.0
2024-11-25 01:00,552.2139496799999,5000.0,8000.0,12000.0
2024-11-25 02:00,553.10404278,5000.0,8000.0,12000.0
2024-11-25 03:00,552.77284485,5000.0,8000.0,12000.0
2024-11-25 04:00,554.22183312,5000.0,8000.0,12000.0
2024-11-25 05:00,553.39384002,5000.0,8000.0,12000.0
2024-11-25 06:00,566.1467098200003,5000.0,8000.0,12000.0
2024-11-25 07:00,572.2047200700002,5000.0,8000.0,12000.0
2024-11-25 08:00,585.3643593600004,5000.0,8000.0,12000.0
2024-11-25 09:00,605.8215552600002,5000.0,8000.0,12000.0
2024-11-25 10:00,628.7921361900002,5000.0,8000.0,12000.0
2024-11-25 11:00,639.5560789200002,5000.0,8000.0,12000.0
2024-11-25 12:00,684.3575181000001,5000.0,8000.0,12000.0
2024-11-25 13:00,652.5417919800002,5000.0,8000.0,12000.0
2024-11-25 14:00,614.0126287500003,5000.0,8000.0,12000.0
2024-11-25 15:00,593.62137477,5000.0,8000.0,12000.0
2024-11-25 16:00,593.27637408,5000.0,8000.0,12000.0
2024-11-25 17:00,779.5437163800002,5000.0,8000.0,12000.0
2024-11-25 18:00,909.2324911200005,5000.0,8000.0,12000.0
2024-11-25 19:00,980.3984618400004,5000.0,8000.0,12000.0
2024-11-25 20:00,932.0082671100005,5000.0,8000.0,12000.0
2024-11-25 21:00,978.5972375400007,5000.0,8000.0,12000.0
2024-11-25 22:00,762.1292852400004,5000.0,8000.0,12000.0
2024-11-25 23:00,541.51212834,5000.0,8000.0,12000.0
2024-11-26 00:00,541.1188317900001,5000.0,8000.0,12000.0
2024-11-26 01:00,550.53726003,5000.0,8000.0,12000.0
2024-11-26 02:00,552.3795462300001,5000.0,8000.0,12000.0
2024-11-26 03:00,553.26964071,5000.0,8000.0,12000.0
2024-11-26 04:00,554.98772898,5000.0,8000.0,12000.0
2024-11-26 05:00,554.32533381,5000.0,8000.0,12000.0
2024-11-26 06:00,560.5508560500002,5000.0,8000.0,12000.0
2024-11-26 07:00,569.4584262300002,5000.0,8000.0,12000.0
2024-11-26 08:00,581.3899828200005,5000.0,8000.0,12000.0
2024-11-26 09:00,618.6001744800002,5000.0,8000.0,12000.0
2024-11-26 10:00,652.6246278600003,5000.0,8000.0,12000.0
2024-11-26 11:00,666.1210354500001,5000.0,8000.0,12000.0
2024-11-26 12:00,647.0976802500002,5000.0,8000.0,12000.0
2024-11-26 13:00,628.4126065200002,5000.0,8000.0,12000.0
2024-11-26 14:00,644.0274245100003,5000.0,8000.0,12000.0
2024-11-26 15:00,577.9101016799999,5000.0,8000.0,12000.0
2024-11-26 16:00,590.5922885699999,5000.0,8000.0,12000.0
2024-11-26 17:00,826.9397639400001,5000.0,8000.0,12000.0
2024-11-26 18:00,869.1159180300004,5000.0,8000.0,12000.0
2024-11-26 19:00,879.7621550400004,5000.0,8000.0,12000.0
2024-11-26 20:00,984.3378022500004,5000.0,8000.0,12000.0
2024-11-26 21:00,919.7611721400006,5000.0,8000.0,12000.0
2024-11-26 22:00,865.4221934700004,5000.0,8000.0,12000.0
2024-11-26 23:00,543.6649131600001,5000.0,8000.0,12000.0
2024-11-27 00:00,542.87831937,5000.0,8000.0,12000.0
2024-11-27 01:00,547.1631855600001,5000.0,8000.0,12000.0
2024-11-27 02:00,552.33814968,5000.0,8000.0,12000.0
2024-11-27 03:00,554.55303243,5000.0,8000.0,12000.0
2024-11-27 04:00,554.8014303599999,5000.0,8000.0,12000.0
2024-11-27 05:00,555.75362277,5000.0,8000.0,12000.0
2024-11-27 06:00,559.1571947400004,5000.0,8000.0,12000.0
2024-11-27 07:00,571.1145449100002,5000.0,8000.0,12000.0
2024-11-27 08:00,583.1010517200004,5000.0,8000.0,12000.0
2024-11-27 09:00,625.8244392900001,5000.0,8000.0,12000.0
2024-11-27 10:00,641.0809975500001,5000.0,8000.0,12000.0
2024-11-27 11:00,651.5757450600001,5000.0,8000.0,12000.0
2024-11-27 12:00,671.8549057800002,5000.0,8000.0,12000.0
2024-11-27 13:00,682.3361085900002,5000.0,8000.0,12000.0
2024-11-27 14:00,601.5305977500003,5000.0,8000.0,12000.0
2024-11-27 15:00,593.24877822,5000.0,8000.0,12000.0
2024-11-27 16:00,583.17479409,5000.0,8000.0,12000.0
2024-11-27 17:00,741.4626674400002,5000.0,8000.0,12000.0
2024-11-27 18:00,960.1337800800006,5000.0,8000.0,12000.0
2024-11-27 19:00,912.4059094500005,5000.0,8000.0,12000.0
2024-11-27 20:00,893.5199629200004,5000.0,8000.0,12000.0
2024-11-27 21:00,945.9257520300005,5000.0,8000.0,12000.0
2024-11-27 22:00,875.4685713900004,5000.0,8000.0,12000.0
2024-11-27 23:00,542.27802282,5000.0,8000.0,12000.0
2024-11-28 00:00,543.33371385,5000.0,8000.0,12000.0
2024-11-28 01:00,550.9926586500001,5000.0,8000.0,12000.0
2024-11-28 02:00,551.6757531300001,5000.0,8000.0,12000.0
2024-11-28 03:00,553.33174071,5000.0,8000.0,12000.0
2024-11-28 04:00,553.26964002,5000.0,8000.0,12000.0
2024-11-28 05:00,554.3667331199999,5000.0,8000.0,12000.0
2024-11-28 06:00,566.7400387500003,5000.0,8000.0,12000.0
2024-11-28 07:00,577.5727261800001,5000.0,8000.0,12000.0
2024-11-28 08:00,574.0416146100004,5000.0,8000.0,12000.0
2024-11-28 09:00,597.0172649700003,5000.0,8000.0,12000.0
2024-11-28 10:00,629.7581562000001,5000.0,8000.0,12000.0
2024-11-28 11:00,658.8552147000001,5000.0,8000.0,12000.0
2024-11-28 12:00,638.9074582200002,5000.0,8000.0,12000.0
2024-11-28 13:00,692.1201919800003,5000.0,8000.0,12000.0
2024-11-28 14:00,620.5743672900003,5000.0,8000.0,12000.0
2024-11-28 15:00,578.58630789,5000.0,8000.0,12000.0
2024-11-28 16:00,601.28035614,5000.0,8000.0,12000.0
2024-11-28 17:00,835.9925494500002,5000.0,8000.0,12000.0
2024-11-28 18:00,850.5618138900005,5000.0,8000.0,12000.0
2024-11-28 19:00,1000.1395012200005,5000.0,8000.0,12000.0
2024-11-28 20:00,923.6385733200005,5000.0,8000.0,12000.0
2024-11-28 21:00,1030.2159201900004,5000.0,8000.0,12000.0
2024-11-28 22:00,718.5904411800004,5000.0,8000.0,12000.0
2024-11-28 23:00,541.67772834,5000.0,8000.0,12000.0
2024-11-29 00:00,543.2923159200001,5000.0,8000.0,12000.0
2024-11-29 01:00,549.9990662399999,5000.0,8000.0,12000.0
2024-11-29 02:00,553.0833427800001,5000.0,8000.0,12000.0
2024-11-29 03:00,553.0212420900001,5000.0,8000.0,12000.0
2024-11-29 04:00,553.2075420900001,5000.0,8000.0,12000.0
2024-11-29 05:00,554.36673381,5000.0,8000.0,12000.0
2024-11-29 06:00,558.1359533400004,5000.0,8000.0,12000.0
2024-11-29 07:00,570.3209172600002,5000.0,8000.0,12000.0
2024-11-29 08:00,573.5793291000005,5000.0,8000.0,12000.0
2024-11-29 09:00,601.6470393900003,5000.0,8000.0,12000.0
2024-11-29 10:00,675.8016050400001,5000.0,8000.0,12000.0
2024-11-29 11:00,615.5303720700001,5000.0,8000.0,12000.0
2024-11-29 12:00,631.0691292900002,5000.0,8000.0,12000.0
2024-11-29 13:00,689.8223815800001,5000.0,8000.0,12000.0
2024-11-29 14:00,612.7222790700002,5000.0,8000.0,12000.0
2024-11-29 15:00,593.55926994,5000.0,8000.0,12000.0
2024-11-29 16:00,580.4009982299999,5000.0,8000.0,12000.0
2024-11-29 17:00,789.3969081000001,5000.0,8000.0,12000.0
2024-11-29 18:00,871.7862546000005,5000.0,8000.0,12000.0
2024-11-29 19:00,940.4544080700003,5000.0,8000.0,12000.0
2024-11-29 20:00,991.3619173800005,5000.0,8000.0,12000.0
2024-11-29 21:00,1019.3072009700004,5000.0,8000.0,12000.0
2024-11-29 22:00,795.4009458600005,5000.0,8000.0,12000.0
2024-11-29 23:00,543.85121178,5000.0,8000.0,12000.0
2024-11-30 00:00,544.05820971,5000.0,8000.0,12000.0
2024-11-30 01:00,550.10256555,5000.0,8000.0,12000.0
2024-11-30 02:00,551.11685865,5000.0,8000.0,12000.0
2024-11-30 03:00,552.06905106,5000.0,8000.0,12000.0
2024-11-30 04:00,552.64864692,5000.0,8000.0,12000.0
2024-11-30 05:00,554.57373105,5000.0,8000.0,12000.0
2024-11-30 06:00,567.2506849800003,5000.0,8000.0,12000.0
2024-11-30 07:00,568.8719697000001,5000.0,8000.0,12000.0
2024-11-30 08:00,590.4496096800004,5000.0,8000.0,12000.0
2024-11-30 09:00,632.1172337700002,5000.0,8000.0,12000.0
2024-11-30 10:00,660.8907740400002,5000.0,8000.0,12000.0
2024-11-30 11:00,636.7685458500001,5000.0,8000.0,12000.0
2024-11-30 12:00,672.9314734500002,5000.0,8000.0,12000.0
2024-11-30 13:00,627.8813810400002,5000.0,8000.0,12000.0
2024-11-30 14:00,635.3473307700002,5000.0,8000.0,12000.0
2024-11-30 15:00,578.35170651,5000.0,8000.0,12000.0
2024-11-30 16:00,584.4443975399998,5000.0,8000.0,12000.0
2024-11-30 17:00,810.5660756700003,5000.0,8000.0,12000.0
2024-11-30 18:00,942.2145090600005,5000.0,8000.0,12000.0
2024-11-30 19:00,954.2680300500003,5000.0,8000.0,12000.0
2024-11-30 20:00,907.1545933800005,5000.0,8000.0,12000.0
2024-11-30 21:00,862.7118707100005,5000.0,8000.0,12000.0
2024-11-30 22:00,892.5804948000005,5000.0,8000.0,12000.0
2024-11-30 23:00,542.75412006,5000.0,8000.0,12000.0
2024-12-01 00:00,542.77482144,5000.0,8000.0,12000.0
2024-12-01 01:00,552.93844416,5000.0,8000.0,12000.0
2024-12-01 02:00,553.3524414,5000.0,8000.0,12000.0
2024-12-01 03:00,553.78713726,5000.0,8000.0,12000.0
2024-12-01 04:00,554.07693519,5000.0,8000.0,12000.0
2024-12-01 05:00,553.95273726,5000.0,8000.0,12000.0
2024-12-01 06:00,565.2773215500002,5000.0,8000.0,12000.0
2024-12-01 07:00,569.0031552600002,5000.0,8000.0,12000.0
2024-12-01 08:00,581.4452538900005,5000.0,8000.0,12000.0
2024-12-01 09:00,595.2922953300002,5000.0,8000.0,12000.0
2024-12-01 10:00,622.2578706900001,5000.0,8000.0,12000.0
2024-12-01 11:00,685.0131312600003,5000.0,8000.0,12000.0
2024-12-01 12:00,677.3472354000002,5000.0,8000.0,12000.0
2024-12-01 13:00,696.9706256400002,5000.0,8000.0,12000.0
2024-12-01 14:00,655.1709631500003,5000.0,8000.0,12000.0
2024-12-01 15:00,593.1797740799999,5000.0,8000.0,12000.0
2024-12-01 16:00,570.14762997,5000.0,8000.0,12000.0
2024-12-01 17:00,755.6145584633335,5000.0,8000.0,12000.0
2024-12-01 18:00,988.8169869300006,5000.0,8000.0,12000.0
2024-12-01 19:00,909.9771446400006,5000.0,8000.0,12000.0
2024-12-01 20:00,905.7125823900005,5000.0,8000.0,12000.0
2024-12-01 21:00,922.3967713500006,5000.0,8000.0,12000.0
2024-12-01 22:00,831.3706293000004,5000.0,8000.0,12000.0
2024-12-01 23:00,542.87831799,5000.0,8000.0,12000.0
2024-12-02 00:00,542.42292144,5000.0,8000.0,12000.0
2024-12-02 01:00,548.8398752100001,5000.0,8000.0,12000.0
2024-12-02 02:00,551.90345106,5000.0,8000.0,12000.0
2024-12-02 03:00,552.66934554,5000.0,8000.0,12000.0
2024-12-02 04:00,554.09763519,5000.0,8000.0,12000.0
2024-12-02 05:00,553.55943933,5000.0,8000.0,12000.0
2024-12-02 06:00,563.9663353500002,5000.0,8000.0,12000.0
2024-12-02 07:00,564.5044090800002,5000.0,8000.0,12000.0
2024-12-02 08:00,583.5910766100004,5000.0,8000.0,12000.0
2024-12-02 09:00,610.7343262800002,5000.0,8000.0,12000.0
2024-12-02 10:00,642.8611437300002,5000.0,8000.0,12000.0
2024-12-02 11:00,650.2441389000002,5000.0,8000.0,12000.0
2024-12-02 12:00,655.9090692600001,5000.0,8000.0,12000.0
2024-12-02 13:00,652.6109072100003,5000.0,8000.0,12000.0
2024-12-02 14:00,648.4986948900003,5000.0,8000.0,12000.0
2024-12-02 15:00,571.8036182399999,5000.0,8000.0,12000.0
2024-12-02 16:00,585.77608788,5000.0,8000.0,12000.0
2024-12-02 17:00,892.6759832100001,5000.0,8000.0,12000.0
2024-12-02 18:00,915.6013049700006,5000.0,8000.0,12000.0
2024-12-02 19:00,901.3729474500004,5000.0,8000.0,12000.0
2024-12-02 20:00,975.6642890400004,5000.0,8000.0,12000.0
2024-12-02 21:00,903.9392706600006,5000.0,8000.0,12000.0
2024-12-02 22:00,789.1287768600004,5000.0,8000.0,12000.0
2024-12-02 23:00,543.20951661,5000.0,8000.0,12000.0
2024-12-03 00:00,543.7063124700001,5000.0,8000.0,12000.0
2024-12-03 01:00,550.57866279,5000.0,8000.0,12000.0
2024-12-03 02:00,552.3588483,5000.0,8000.0,12000.0
2024-12-03 03:00,551.7585510600001,5000.0,8000.0,12000.0
2024-12-03 04:00,556.22972001,5000.0,8000.0,12000.0
2024-12-03 05:00,554.07693519,5000.0,8000.0,12000.0
2024-12-03 06:00,565.0219525500002,5000.0,8000.0,12000.0
2024-12-03 07:00,576.4272744300001,5000.0,8000.0,12000.0
2024-12-03 08:00,585.1848620700003,5000.0,8000.0,12000.0
2024-12-03 09:00,620.6977586100002,5000.0,8000.0,12000.0
2024-12-03 10:00,667.1351864100001,5000.0,8000.0,12000.0
2024-12-03 11:00,696.1083174600002,5000.0,8000.0,12000.0
2024-12-03 12:00,627.5432175600001,5000.0,8000.0,12000.0
2024-12-03 13:00,622.8100321500002,5000.0,8000.0,12000.0
2024-12-03 14:00,644.4621859200003,5000.0,8000.0,12000.0
2024-12-03 15:00,601.42526718,5000.0,8000.0,12000.0
2024-12-03 16:00,585.9692906399999,5000.0,8000.0,12000.0
2024-12-03 17:00,824.0900680800003,5000.0,8000.0,12000.0
2024-12-03 18:00,785.3156843700004,5000.0,8000.0,12000.0
2024-12-03 19:00,941.2687660800004,5000.0,8000.0,12000.0
2024-12-03 20:00,982.6887878100006,5000.0,8000.0,12000.0
2024-12-03 21:00,857.5369017600005,5000.0,8000.0,12000.0
2024-12-03 22:00,909.6649534500004,5000.0,8000.0,12000.0
2024-12-03 23:00,541.65702765,5000.0,8000.0,12000.0
2024-12-04 00:00,543.2095173,5000.0,8000.0,12000.0
2024-12-04 01:00,551.7171531299999,5000.0,8000.0,12000.0
2024-12-04 02:00,554.24253312,5000.0,8000.0,12000.0
2024-12-04 03:00,554.11833519,5000.0,8000.0,12000.0
2024-12-04 04:00,553.99413588,5000.0,8000.0,12000.0
2024-12-04 05:00,553.04194209,5000.0,8000.0,12000.0
2024-12-04 06:00,563.9664057300002,5000.0,8000.0,12000.0
2024-12-04 07:00,574.1229580200002,5000.0,8000.0,12000.0
2024-12-04 08:00,579.4648621200005,5000.0,8000.0,12000.0
2024-12-04 09:00,599.4321635400003,5000.0,8000.0,12000.0
2024-12-04 10:00,636.5683692600002,5000.0,8000.0,12000.0
2024-12-04 11:00,675.6636926700002,5000.0,8000.0,12000.0
2024-12-04 12:00,670.5437250000001,5000.0,8000.0,12000.0
2024-12-04 13:00,660.7114092300002,5000.0,8000.0,12000.0
2024-12-04 14:00,634.4296080000003,5000.0,8000.0,12000.0
2024-12-04 15:00,600.74906097,5000.0,8000.0,12000.0
2024-12-04 16:00,575.9781120299999,5000.0,8000.0,12000.0
2024-12-04 17:00,802.7139129300001,5000.0,8000.0,12000.0
2024-12-04 18:00,901.0215670200007,5000.0,8000.0,12000.0
2024-12-04 19:00,931.9884427200005,5000.0,8000.0,12000.0
2024-12-04 20:00,925.3566740100007,5000.0,8000.0,12000.0
2024-12-04 21:00,947.5609533600006,5000.0,8000.0,12000.0
2024-12-04 22:00,841.1478064800004,5000.0,8000.0,12000.0
2024-12-04 23:00,542.0089242,5000.0,8000.0,12000.0
2024-12-05 00:00,542.8576173,5000.0,8000.0,12000.0
2024-12-05 01:00,551.11685865,5000.0,8000.0,12000.0
2024-12-05 02:00,552.44164692,5000.0,8000.0,12000.0
2024-12-05 03:00,554.01483588,5000.0,8000.0,12000.0
2024-12-05 04:00,554.4288345,5000.0,8000.0,12000.0
2024-12-05 05:00,553.4559413999999,5000.0,8000.0,12000.0
2024-12-05 06:00,562.0067670900003,5000.0,8000.0,12000.0
2024-12-05 07:00,574.3782055800002,5000.0,8000.0,12000.0
2024-12-05 08:00,584.1224131800004,5000.0,8000.0,12000.0
2024-12-05 09:00,630.7648689600003,5000.0,8000.0,12000.0
2024-12-05 10:00,646.4905789200002,5000.0,8000.0,12000.0
2024-12-05 11:00,660.4560009,5000.0,8000.0,12000.0
2024-12-05 12:00,656.6334643800002,5000.0,8000.0,12000.0
2024-12-05 13:00,658.8277982400001,5000.0,8000.0,12000.0
2024-12-05 14:00,612.8740749300001,5000.0,8000.0,12000.0
2024-12-05 15:00,580.1664003,5000.0,8000.0,12000.0
2024-12-05 16:00,594.94617546,5000.0,8000.0,12000.0
2024-12-05 17:00,776.6940163800003,5000.0,8000.0,12000.0
2024-12-05 18:00,890.7268698300005,5000.0,8000.0,12000.0
2024-12-05 19:00,947.5477440000005,5000.0,8000.0,12000.0
2024-12-05 20:00,952.1768456700005,5000.0,8000.0,12000.0
2024-12-05 21:00,998.3241926400005,5000.0,8000.0,12000.0
2024-12-05 22:00,775.9223969700005,5000.0,8000.0,12000.0
2024-12-05 23:00,543.2923159200001,5000.0,8000.0,12000.0
2024-12-06 00:00,541.11883041,5000.0,8000.0,12000.0
2024-12-06 01:00,552.02765106,5000.0,8000.0,12000.0
2024-12-06 02:00,553.60083933,5000.0,8000.0,12000.0
2024-12-06 03:00,554.40813381,5000.0,8000.0,12000.0
2024-12-06 04:00,553.84923795,5000.0,8000.0,12000.0
2024-12-06 05:00,554.92563036,5000.0,8000.0,12000.0
2024-12-06 06:00,570.0796311600003,5000.0,8000.0,12000.0
2024-12-06 07:00,571.9769800500002,5000.0,8000.0,12000.0
2024-12-06 08:00,573.3515711400003,5000.0,8000.0,12000.0
2024-12-06 09:00,616.8614828100002,5000.0,8000.0,12000.0
2024-12-06 10:00,657.8340843900002,5000.0,8000.0,12000.0
2024-12-06 11:00,685.9030649700002,5000.0,8000.0,12000.0
2024-12-06 12:00,676.3744023300002,5000.0,8000.0,12000.0
2024-12-06 13:00,649.8095900100002,5000.0,8000.0,12000.0
2024-12-06 14:00,616.6138418100002,5000.0,8000.0,12000.0
2024-12-06 15:00,578.8140023699999,5000.0,8000.0,12000.0
2024-12-06 16:00,590.4749809799999,5000.0,8000.0,12000.0
2024-12-06 17:00,717.4438026300002,5000.0,8000.0,12000.0
2024-12-06 18:00,948.4036020600005,5000.0,8000.0,12000.0
2024-12-06 19:00,945.8503419300004,5000.0,8000.0,12000.0
2024-12-06 20:00,948.2646919500005,5000.0,8000.0,12000.0
2024-12-06 21:00,889.3597169400006,5000.0,8000.0,12000.0
2024-12-06 22:00,880.1744224500004,5000.0,8000.0,12000.0
2024-12-06 23:00,541.6570311,5000.0,8000.0,12000.0
2024-12-07 00:00,543.08531523,5000.0,8000.0,12000.0
2024-12-07 01:00,552.58654761,5000.0,8000.0,12000.0
2024-12-07 02:00,552.35884968,5000.0,8000.0,12000.0
2024-12-07 03:00,554.11833588,5000.0,8000.0,12000.0
2024-12-07 04:00,554.59443036,5000.0,8000.0,12000.0
2024-12-07 05:00,554.44953243,5000.0,8000.0,12000.0
2024-12-07 06:00,561.0270595500003,5000.0,8000.0,12000.0
2024-12-07 07:00,570.3831193800002,5000.0,8000.0,12000.0
2024-12-07 08:00,582.4042641900003,5000.0,8000.0,12000.0
2024-12-07 09:00,617.8205772900002,5000.0,8000.0,12000.0
2024-12-07 10:00,662.6777112000002,5000.0,8000.0,12000.0
2024-12-07 11:00,664.2304057800003,5000.0,8000.0,12000.0
2024-12-07 12:00,651.9967816800001,5000.0,8000.0,12000.0
2024-12-07 13:00,665.0377085400002,5000.0,8000.0,12000.0
2024-12-07 14:00,645.4558556100003,5000.0,8000.0,12000.0
2024-12-07 15:00,575.0052072,5000.0,8000.0,12000.0
2024-12-07 16:00,584.2649885699999,5000.0,8000.0,12000.0
2024-12-07 17:00,830.7485535900001,5000.0,8000.0,12000.0
2024-12-07 18:00,951.7435042800005,5000.0,8000.0,12000.0
2024-12-07 19:00,881.1354682500005,5000.0,8000.0,12000.0
2024-12-07 20:00,924.9148532100005,5000.0,8000.0,12000.0
2024-12-07 21:00,941.9305602600006,5000.0,8000.0,12000.0
2024-12-07 22:00,810.2222217600005,5000.0,8000.0,12000.0
2024-12-07 23:00,543.66491247,5000.0,8000.0,12000.0
2024-12-08 00:00,540.99463179,5000.0,8000.0,12000.0
2024-12-08 01:00,552.56584692,5000.0,8000.0,12000.0
2024-12-08 02:00,552.91774485,5000.0,8000.0,12000.0
2024-12-08 03:00,551.19965796,5000.0,8000.0,12000.0
2024-12-08 04:00,554.22183519,5000.0,8000.0,12000.0
2024-12-08 05:00,553.89063864,5000.0,8000.0,12000.0
2024-12-08 06:00,562.7658022800002,5000.0,8000.0,12000.0
2024-12-08 07:00,566.3674318500002,5000.0,8000.0,12000.0
2024-12-08 08:00,581.9489311200003,5000.0,8000.0,12000.0
2024-12-08 09:00,628.0324979400001,5000.0,8000.0,12000.0
2024-12-08 10:00,682.8603064200001,5000.0,8000.0,12000.0
2024-12-08 11:00,675.4635588600001,5000.0,8000.0,12000.0
2024-12-08 12:00,641.4811961700002,5000.0,8000.0,12000.0
2024-12-08 13:00,634.8986430900002,5000.0,8000.0,12000.0
2024-12-08 14:00,652.8870417600003,5000.0,8000.0,12000.0
2024-12-08 15:00,576.6129078899999,5000.0,8000.0,12000.0
2024-12-08 16:00,573.4803168599999,5000.0,8000.0,12000.0
2024-12-08 17:00,823.5725598000002,5000.0,8000.0,12000.0
2024-12-08 18:00,882.8815650000004,5000.0,8000.0,12000.0
2024-12-08 19:00,928.3379176800005,5000.0,8000.0,12000.0
2024-12-08 20:00,944.4557111700007,5000.0,8000.0,12000.0
2024-12-08 21:00,835.9331839200005,5000.0,8000.0,12000.0
2024-12-08 22:00,915.4952098800004,5000.0,8000.0,12000.0
2024-12-08 23:00,541.5949269600001,5000.0,8000.0,12000.0
2024-12-09 00:00,545.03110281,5000.0,8000.0,12000.0
2024-12-09 01:00,550.6821600300001,5000.0,8000.0,12000.0
2024-12-09 02:00,552.3588483,5000.0,8000.0,12000.0
2024-12-09 03:00,553.8492358799999,5000.0,8000.0,12000.0
2024-12-09 04:00,552.9798448500001,5000.0,8000.0,12000.0
2024-12-09 05:00,553.86993726,5000.0,8000.0,12000.0
2024-12-09 06:00,565.7879719200004,5000.0,8000.0,12000.0
2024-12-09 07:00,566.4364263300001,5000.0,8000.0,12000.0
2024-12-09 08:00,581.8247987400005,5000.0,8000.0,12000.0
2024-12-09 09:00,633.8560047900003,5000.0,8000.0,12000.0
2024-12-09 10:00,626.6532562500001,5000.0,8000.0,12000.0
2024-12-09 11:00,655.3019203200001,5000.0,8000.0,12000.0
2024-12-09 12:00,631.9869155400003,5000.0,8000.0,12000.0
2024-12-09 13:00,647.8015561500001,5000.0,8000.0,12000.0
2024-12-09 14:00,612.0321790200002,5000.0,8000.0,12000.0
2024-12-09 15:00,595.7603733899999,5000.0,8000.0,12000.0
2024-12-09 16:00,579.6213085799999,5000.0,8000.0,12000.0
2024-12-09 17:00,829.2995480700002,5000.0,8000.0,12000.0
2024-12-09 18:00,916.2704662800005,5000.0,8000.0,12000.0
2024-12-09 19:00,1064.7024645000006,5000.0,8000.0,12000.0
2024-12-09 20:00,826.7486925900005,5000.0,8000.0,12000.0
2024-12-09 21:00,1002.9126657300005,5000.0,8000.0,12000.0
2024-12-09 22:00,798.5474576400005,5000.0,8000.0,12000.0
2024-12-09 23:00,541.55352903,5000.0,8000.0,12000.0
2024-12-10 00:00,543.1267152300001,5000.0,8000.0,12000.0
2024-12-10 01:00,551.96555037,5000.0,8000.0,12000.0
2024-12-10 02:00,551.3445552,5000.0,8000.0,12000.0
2024-12-10 03:00,553.70433795,5000.0,8000.0,12000.0
2024-12-10 04:00,555.44312553,5000.0,8000.0,12000.0
2024-12-10 05:00,555.2775276,5000.0,8000.0,12000.0
2024-12-10 06:00,563.2556615700003,5000.0,8000.0,12000.0
2024-12-10 07:00,570.0381531900002,5000.0,8000.0,12000.0
2024-12-10 08:00,579.0095276700005,5000.0,8000.0,12000.0
2024-12-10 09:00,592.3460215500003,5000.0,8000.0,12000.0
2024-12-10 10:00,638.6246865600002,5000.0,8000.0,12000.0
2024-12-10 11:00,698.5851469800001,5000.0,8000.0,12000.0
2024-12-10 12:00,646.0765803000002,5000.0,8000.0,12000.0
2024-12-10 13:00,652.4866223400002,5000.0,8000.0,12000.0
2024-12-10 14:00,649.2645293400002,5000.0,8000.0,12000.0
2024-12-10 15:00,572.14861272,5000.0,8000.0,12000.0
2024-12-10 16:00,587.83918581,5000.0,8000.0,12000.0
2024-12-10 17:00,854.4776342700003,5000.0,8000.0,12000.0
2024-12-10 18:00,873.8081195100004,5000.0,8000.0,12000.0
2024-12-10 19:00,999.8496018600005,5000.0,8000.0,12000.0
2024-12-10 20:00,903.2905057500005,5000.0,8000.0,12000.0
2024-12-10 21:00,933.1744568100006,5000.0,8000.0,12000.0
2024-12-10 22:00,770.7885754800004,5000.0,8000.0,12000.0
2024-12-10 23:00,541.34653041,5000.0,8000.0,12000.0
2024-12-11 00:00,543.93401109,5000.0,8000.0,12000.0
2024-12-11 01:00,549.5643683100001,5000.0,8000.0,12000.0
2024-12-11 02:00,550.22676417,5000.0,8000.0,12000.0
2024-12-11 03:00,554.2632345,5000.0,8000.0,12000.0
2024-12-11 04:00,553.47664002,5000.0,8000.0,12000.0
2024-12-11 05:00,553.29034071,5000.0,8000.0,12000.0
2024-12-11 06:00,568.3132422000002,5000.0,8000.0,12000.0
2024-12-11 07:00,572.1702421500001,5000.0,8000.0,12000.0
2024-12-11 08:00,575.3111897700004,5000.0,8000.0,12000.0
2024-12-11 09:00,612.3143524500003,5000.0,8000.0,12000.0
2024-12-11 10:00,634.3189989300002,5000.0,8000.0,12000.0
2024-12-11 11:00,644.5999451100001,5000.0,8000.0,12000.0
2024-12-11 12:00,660.1318837500002,5000.0,8000.0,12000.0
2024-12-11 13:00,657.1855458000002,5000.0,8000.0,12000.0
2024-12-11 14:00,629.5512479700003,5000.0,8000.0,12000.0
2024-12-11 15:00,602.15665959,5000.0,8000.0,12000.0
2024-12-11 16:00,621.37310577,5000.0,8000.0,12000.0
2024-12-11 17:00,817.9421784300001,5000.0,8000.0,12000.0
2024-12-11 18:00,958.2222703200005,5000.0,8000.0,12000.0
2024-12-11 19:00,950.4871343400006,5000.0,8000.0,12000.0
2024-12-11 20:00,950.5139718900004,5000.0,8000.0,12000.0
2024-12-11 21:00,896.1423651900005,5000.0,8000.0,12000.0
2024-12-11 22:00,744.8517680400005,5000.0,8000.0,12000.0
2024-12-11 23:00,544.9897035,5000.0,8000.0,12000.0
2024-12-12 00:00,542.9818186800001,5000.0,8000.0,12000.0
2024-12-12 01:00,552.29674761,5000.0,8000.0,12000.0
2024-12-12 02:00,553.62153933,5000.0,8000.0,12000.0
2024-12-12 03:00,553.68363795,5000.0,8000.0,12000.0
2024-12-12 04:00,553.95273657,5000.0,8000.0,12000.0
2024-12-12 05:00,553.18684278,5000.0,8000.0,12000.0
2024-12-12 06:00,563.9801905500003,5000.0,8000.0,12000.0
2024-12-12 07:00,572.5633979400003,5000.0,8000.0,12000.0
2024-12-12 08:00,587.1928386600005,5000.0,8000.0,12000.0
2024-12-12 09:00,632.7106110000002,5000.0,8000.0,12000.0
2024-12-12 10:00,665.9277761100002,5000.0,8000.0,12000.0
2024-12-12 11:00,638.7349837500002,5000.0,8000.0,12000.0
2024-12-12 12:00,654.7567099200002,5000.0,8000.0,12000.0
2024-12-12 13:00,691.6164733500002,5000.0,8000.0,12000.0
2024-12-12 14:00,652.7560107600003,5000.0,8000.0,12000.0
2024-12-12 15:00,603.31585545,5000.0,8000.0,12000.0
2024-12-12 16:00,576.1782175499999,5000.0,8000.0,12000.0
2024-12-12 17:00,908.1250673500002,5000.0,8000.0,12000.0
2024-12-12 18:00,896.2605904800005,5000.0,8000.0,12000.0
2024-12-12 19:00,886.7795813100005,5000.0,8000.0,12000.0
2024-12-12 20:00,893.4236327100006,5000.0,8000.0,12000.0
2024-12-12 21:00,971.4282962400006,5000.0,8000.0,12000.0
2024-12-12 22:00,765.4755996300005,5000.0,8000.0,12000.0
2024-12-12 23:00,544.30660833,5000.0,8000.0,12000.0
2024-12-13 00:00,544.51360557,5000.0,8000.0,12000.0
2024-12-13 01:00,550.70286003,5000.0,8000.0,12000.0
2024-12-13 02:00,550.86846003,5000.0,8000.0,12000.0
2024-12-13 03:00,551.79995106,5000.0,8000.0,12000.0
2024-12-13 04:00,553.35244071,5000.0,8000.0,12000.0
2024-12-13 05:00,553.33174209,5000.0,8000.0,12000.0
2024-12-13 06:00,562.3380036600003,5000.0,8000.0,12000.0
2024-12-13 07:00,573.2534117400003,5000.0,8000.0,12000.0
2024-12-13 08:00,582.6250448700005,5000.0,8000.0,12000.0
2024-12-13 09:00,608.1606014400003,5000.0,8000.0,12000.0
2024-12-13 10:00,647.1459623100001,5000.0,8000.0,12000.0
2024-12-13 11:00,684.2334236700002,5000.0,8000.0,12000.0
2024-12-13 12:00,665.3137409700001,5000.0,8000.0,12000.0
2024-12-13 13:00,630.2341175100003,5000.0,8000.0,12000.0
2024-12-13 14:00,609.2584638900003,5000.0,8000.0,12000.0
2024-12-13 15:00,603.9368526899999,5000.0,8000.0,12000.0
2024-12-13 16:00,605.8136568299999,5000.0,8000.0,12000.0
2024-12-13 17:00,776.5422288000003,5000.0,8000.0,12000.0
2024-12-13 18:00,974.0856511500006,5000.0,8000.0,12000.0
2024-12-13 19:00,909.1010730300005,5000.0,8000.0,12000.0
2024-12-13 20:00,987.6361029900005,5000.0,8000.0,12000.0
2024-12-13 21:00,859.3307058000005,5000.0,8000.0,12000.0
2024-12-13 22:00,828.6589486200005,5000.0,8000.0,12000.0
2024-12-13 23:00,543.62351454,5000.0,8000.0,12000.0
2024-12-14 00:00,542.17452144,5000.0,8000.0,12000.0
2024-12-14 01:00,552.17254899,5000.0,8000.0,12000.0
2024-12-14 02:00,553.6836386399999,5000.0,8000.0,12000.0
2024-12-14 03:00,553.20754209,5000.0,8000.0,12000.0
2024-12-14 04:00,553.12474278,5000.0,8000.0,12000.0
2024-12-14 05:00,554.4288324299999,5000.0,8000.0,12000.0
2024-12-14 06:00,570.7281828600003,5000.0,8000.0,12000.0
2024-12-14 07:00,577.0276944900002,5000.0,8000.0,12000.0
2024-12-14 08:00,577.0775683800003,5000.0,8000.0,12000.0
2024-12-14 09:00,611.1068538300002,5000.0,8000.0,12000.0
2024-12-14 10:00,622.9960968600002,5000.0,8000.0,12000.0
2024-12-14 11:00,679.1137071600002,5000.0,8000.0,12000.0
2024-12-14 12:00,657.2682064200002,5000.0,8000.0,12000.0
2024-12-14 13:00,630.1652320500001,5000.0,8000.0,12000.0
2024-12-14 14:00,630.1723707900002,5000.0,8000.0,12000.0
2024-12-14 15:00,601.7426513099999,5000.0,8000.0,12000.0
2024-12-14 16:00,591.97918305,5000.0,8000.0,12000.0
2024-12-14 17:00,767.4687460500003,5000.0,8000.0,12000.0
2024-12-14 18:00,950.9085780600005,5000.0,8000.0,12000.0
2024-12-14 19:00,964.1627652900005,5000.0,8000.0,12000.0
2024-12-14 20:00,918.6844637100005,5000.0,8000.0,12000.0
2024-12-14 21:00,932.3949320700007,5000.0,8000.0,12000.0
2024-12-14 22:00,828.2449707000004,5000.0,8000.0,12000.0
2024-12-14 23:00,540.95323455,5000.0,8000.0,12000.0
2024-12-15 00:00,544.36870764,5000.0,8000.0,12000.0
2024-12-15 01:00,551.28245658,5000.0,8000.0,12000.0
2024-12-15 02:00,552.60724623,5000.0,8000.0,12000.0
2024-12-15 03:00,553.49734002,5000.0,8000.0,12000.0
2024-12-15 04:00,555.50522622,5000.0,8000.0,12000.0
2024-12-15 05:00,553.1868420899999,5000.0,8000.0,12000.0
2024-12-15 06:00,567.8440394400003,5000.0,8000.0,12000.0
2024-12-15 07:00,571.9839304200002,5000.0,8000.0,12000.0
2024-12-15 08:00,580.1135449200004,5000.0,8000.0,12000.0
2024-12-15 09:00,603.1995876900002,5000.0,8000.0,12000.0
2024-12-15 10:00,650.3269692600002,5000.0,8000.0,12000.0
2024-12-15 11:00,650.9064561000001,5000.0,8000.0,12000.0
2024-12-15 12:00,635.0020230300001,5000.0,8000.0,12000.0
2024-12-15 13:00,654.7705320000002,5000.0,8000.0,12000.0
2024-12-15 14:00,626.8395638400002,5000.0,8000.0,12000.0
2024-12-15 15:00,573.7908147899999,5000.0,8000.0,12000.0
2024-12-15 16:00,592.36557546,5000.0,8000.0,12000.0
2024-12-15 17:00,799.4226184500002,5000.0,8000.0,12000.0
2024-12-15 18:00,963.6871220700006,5000.0,8000.0,12000.0
2024-12-15 19:00,1040.9736494700005,5000.0,8000.0,12000.0
2024-12-15 20:00,911.9293706100004,5000.0,8000.0,12000.0
2024-12-15 21:00,863.1603817500005,5000.0,8000.0,12000.0
2024-12-15 22:00,790.6399472400005,5000.0,8000.0,12000.0
2024-12-15 23:00,543.10601868,5000.0,8000.0,12000.0
2024-12-16 00:00,543.89261109,5000.0,8000.0,12000.0
2024-12-16 01:00,552.46234761,5000.0,8000.0,12000.0
2024-12-16 02:00,553.68363795,5000.0,8000.0,12000.0
2024-12-16 03:00,553.1661427800001,5000.0,8000.0,12000.0
2024-12-16 04:00,552.8349448499999,5000.0,8000.0,12000.0
2024-12-16 05:00,554.2218338099999,5000.0,8000.0,12000.0
2024-12-16 06:00,561.2823291900003,5000.0,8000.0,12000.0
2024-12-16 07:00,573.1982117400003,5000.0,8000.0,12000.0
2024-12-16 08:00,589.4835441300004,5000.0,8000.0,12000.0
2024-12-16 09:00,613.2044759100003,5000.0,8000.0,12000.0
2024-12-16 10:00,651.6171692100002,5000.0,8000.0,12000.0
2024-12-16 11:00,653.6941326900001,5000.0,8000.0,12000.0
2024-12-16 12:00,648.3742023300001,5000.0,8000.0,12000.0
2024-12-16 13:00,657.0268885800001,5000.0,8000.0,12000.0
2024-12-16 14:00,614.5921983900002,5000.0,8000.0,12000.0
2024-12-16 15:00,597.39566166,5000.0,8000.0,12000.0
2024-12-16 16:00,579.6627127200001,5000.0,8000.0,12000.0
2024-12-16 17:00,751.8954619200002,5000.0,8000.0,12000.0
2024-12-16 18:00,917.7886056600006,5000.0,8000.0,12000.0
2024-12-16 19:00,1061.3492197500004,5000.0,8000.0,12000.0
2024-12-16 20:00,954.3367105800005,5000.0,8000.0,12000.0
2024-12-16 21:00,894.3620720400006,5000.0,8000.0,12000.0
2024-12-16 22:00,792.1511314200004,5000.0,8000.0,12000.0
2024-12-16 23:00,542.83691799,5000.0,8000.0,12000.0
2024-12-17 00:00,541.3465317900001,5000.0,8000.0,12000.0
2024-12-17 01:00,552.31744968,5000.0,8000.0,12000.0
2024-12-17 02:00,551.34455727,5000.0,8000.0,12000.0
2024-12-17 03:00,554.09763519,5000.0,8000.0,12000.0
2024-12-17 04:00,552.81424485,5000.0,8000.0,12000.0
2024-12-17 05:00,553.8078372599999,5000.0,8000.0,12000.0
2024-12-17 06:00,565.0012960200003,5000.0,8000.0,12000.0
2024-12-17 07:00,573.3845082900002,5000.0,8000.0,12000.0
2024-12-17 08:00,579.7686456600004,5000.0,8000.0,12000.0
2024-12-17 09:00,606.7529986800002,5000.0,8000.0,12000.0
2024-12-17 10:00,661.4495415600002,5000.0,8000.0,12000.0
2024-12-17 11:00,716.7874760100002,5000.0,8000.0,12000.0
2024-12-17 12:00,644.8277203200001,5000.0,8000.0,12000.0
2024-12-17 13:00,626.1633431400002,5000.0,8000.0,12000.0
2024-12-17 14:00,636.0924445200002,5000.0,8000.0,12000.0
2024-12-17 15:00,599.1758589,5000.0,8000.0,12000.0
2024-12-17 16:00,588.90868857,5000.0,8000.0,12000.0
2024-12-17 17:00,798.0840143100002,5000.0,8000.0,12000.0
2024-12-17 18:00,966.8681911200005,5000.0,8000.0,12000.0
2024-12-17 19:00,936.1905247800005,5000.0,8000.0,12000.0
2024-12-17 20:00,916.2624512400005,5000.0,8000.0,12000.0
2024-12-17 21:00,883.3980396600004,5000.0,8000.0,12000.0
2024-12-17 22:00,824.5602306300004,5000.0,8000.0,12000.0
2024-12-17 23:00,540.93253455,5000.0,8000.0,12000.0
2024-12-18 00:00,544.26521109,5000.0,8000.0,12000.0
2024-12-18 01:00,551.82065175,5000.0,8000.0,12000.0
2024-12-18 02:00,553.16614209,5000.0,8000.0,12000.0
2024-12-18 03:00,552.1518496799999,5000.0,8000.0,12000.0
2024-12-18 04:00,553.64223933,5000.0,8000.0,12000.0
2024-12-18 05:00,553.35244071,5000.0,8000.0,12000.0
2024-12-18 06:00,568.6306905000002,5000.0,8000.0,12000.0
2024-12-18 07:00,571.3490779800002,5000.0,8000.0,12000.0
2024-12-18 08:00,581.1416690700004,5000.0,8000.0,12000.0
2024-12-18 09:00,612.1833373200003,5000.0,8000.0,12000.0
2024-12-18 10:00,633.7049175600002,5000.0,8000.0,12000.0
2024-12-18 11:00,638.5486996200001,5000.0,8000.0,12000.0
2024-12-18 12:00,682.9775470800001,5000.0,8000.0,12000.0
2024-12-18 13:00,661.1322685200001,5000.0,8000.0,12000.0
2024-12-18 14:00,635.1402748800002,5000.0,8000.0,12000.0
2024-12-18 15:00,572.5074189299999,5000.0,8000.0,12000.0
2024-12-18 16:00,599.2034575199999,5000.0,8000.0,12000.0
2024-12-18 17:00,698.6758371300002,5000.0,8000.0,12000.0
2024-12-18 18:00,926.2134332100006,5000.0,8000.0,12000.0
2024-12-18 19:00,1049.0396942700004,5000.0,8000.0,12000.0
2024-12-18 20:00,982.8128049600004,5000.0,8000.0,12000.0
2024-12-18 21:00,847.2007259100006,5000.0,8000.0,12000.0
2024-12-18 22:00,835.5934417200004,5000.0,8000.0,12000.0
2024-12-18 23:00,541.11883317,5000.0,8000.0,12000.0
2024-12-19 00:00,542.15382351,5000.0,8000.0,12000.0
2024-12-19 01:00,550.16466624,5000.0,8000.0,12000.0
2024-12-19 02:00,551.65505382,5000.0,8000.0,12000.0
2024-12-19 03:00,553.70433726,5000.0,8000.0,12000.0
2024-12-19 04:00,554.3046345,5000.0,8000.0,12000.0
2024-12-19 05:00,553.8285379499999,5000.0,8000.0,12000.0
2024-12-19 06:00,567.7543511700003,5000.0,8000.0,12000.0
2024-12-19 07:00,573.1430993700002,5000.0,8000.0,12000.0
2024-12-19 08:00,593.5614993300004,5000.0,8000.0,12000.0
2024-12-19 09:00,613.4597904000002,5000.0,8000.0,12000.0
2024-12-19 10:00,636.4303126800002,5000.0,8000.0,12000.0
2024-12-19 11:00,652.1071630500002,5000.0,8000.0,12000.0
2024-12-19 12:00,642.2748017400003,5000.0,8000.0,12000.0
2024-12-19 13:00,610.6797369300002,5000.0,8000.0,12000.0
2024-12-19 14:00,652.9559982900003,5000.0,8000.0,12000.0
2024-12-19 15:00,619.10991819,5000.0,8000.0,12000.0
2024-12-19 16:00,560.90164722,5000.0,8000.0,12000.0
2024-12-19 17:00,801.3063067200002,5000.0,8000.0,12000.0
2024-12-19 18:00,947.7137179800004,5000.0,8000.0,12000.0
2024-12-19 19:00,1041.8498549400006,5000.0,8000.0,12000.0
2024-12-19 20:00,923.2108036800006,5000.0,8000.0,12000.0
2024-12-19 21:00,896.2527072300005,5000.0,8000.0,12000.0
2024-12-19 22:00,786.7828782900003,5000.0,8000.0,12000.0
2024-12-19 23:00,542.2366235100001,5000.0,8000.0,12000.0
2024-12-20 00:00,542.85761868,5000.0,8000.0,12000.0
2024-12-20 01:00,549.10897245,5000.0,8000.0,12000.0
2024-12-20 02:00,552.5244496800001,5000.0,8000.0,12000.0
2024-12-20 03:00,553.3524414,5000.0,8000.0,12000.0
2024-12-20 04:00,554.55303105,5000.0,8000.0,12000.0
2024-12-20 05:00,554.67723105,5000.0,8000.0,12000.0
2024-12-20 06:00,561.1443057300003,5000.0,8000.0,12000.0
2024-12-20 07:00,570.1003111500002,5000.0,8000.0,12000.0
2024-12-20 08:00,580.0239277200003,5000.0,8000.0,12000.0
2024-12-20 09:00,608.1122386500002,5000.0,8000.0,12000.0
2024-12-20 10:00,657.5926941000002,5000.0,8000.0,12000.0
2024-12-20 11:00,686.8416595500001,5000.0,8000.0,12000.0
2024-12-20 12:00,668.1357726600002,5000.0,8000.0,12000.0
2024-12-20 13:00,656.5092547200002,5000.0,8000.0,12000.0
2024-12-20 14:00,602.9311908000002,5000.0,8000.0,12000.0
2024-12-20 15:00,574.8327161699999,5000.0,8000.0,12000.0
2024-12-20 16:00,582.82290168,5000.0,8000.0,12000.0
2024-12-20 17:00,885.5206873500002,5000.0,8000.0,12000.0
2024-12-20 18:00,908.7218773200004,5000.0,8000.0,12000.0
2024-12-20 19:00,910.6463480400005,5000.0,8000.0,12000.0
2024-12-20 20:00,917.7527856900005,5000.0,8000.0,12000.0
2024-12-20 21:00,881.4869211300006,5000.0,8000.0,12000.0
2024-12-20 22:00,847.4682161400004,5000.0,8000.0,12000.0
2024-12-20 23:00,544.09961109,5000.0,8000.0,12000.0
2024-12-21 00:00,543.76841247,5000.0,8000.0,12000.0
2024-12-21 01:00,551.11685796,5000.0,8000.0,12000.0
2024-12-21 02:00,551.92415175,5000.0,8000.0,12000.0
2024-12-21 03:00,553.26964278,5000.0,8000.0,12000.0
2024-12-21 04:00,552.69004623,5000.0,8000.0,12000.0
2024-12-21 05:00,555.91922346,5000.0,8000.0,12000.0
2024-12-21 06:00,565.9190615700003,5000.0,8000.0,12000.0
2024-12-21 07:00,568.4718483600003,5000.0,8000.0,12000.0
2024-12-21 08:00,581.5694476800004,5000.0,8000.0,12000.0
2024-12-21 09:00,615.7023228300003,5000.0,8000.0,12000.0
2024-12-21 10:00,634.4363355000003,5000.0,8000.0,12000.0
2024-12-21 11:00,659.9456693100002,5000.0,8000.0,12000.0
2024-12-21 12:00,668.4807864600002,5000.0,8000.0,12000.0
2024-12-21 13:00,659.6626568400002,5000.0,8000.0,12000.0
2024-12-21 14:00,683.8540713300002,5000.0,8000.0,12000.0
2024-12-21 15:00,598.7066609699999,5000.0,8000.0,12000.0
2024-12-21 16:00,559.9839492899999,5000.0,8000.0,12000.0
2024-12-21 17:00,762.0522412200003,5000.0,8000.0,12000.0
2024-12-21 18:00,969.0691689900005,5000.0,8000.0,12000.0
2024-12-21 19:00,952.1015646000004,5000.0,8000.0,12000.0
2024-12-21 20:00,856.0737940200005,5000.0,8000.0,12000.0
2024-12-21 21:00,979.2666955500006,5000.0,8000.0,12000.0
2024-12-21 22:00,810.7050389100004,5000.0,8000.0,12000.0
2024-12-21 23:00,542.98181592,5000.0,8000.0,12000.0
2024-12-22 00:00,543.7477138500001,5000.0,8000.0,12000.0
2024-12-22 01:00,550.4337627900001,5000.0,8000.0,12000.0
2024-12-22 02:00,554.1390345,5000.0,8000.0,12000.0
2024-12-22 03:00,553.6008407099999,5000.0,8000.0,12000.0
2024-12-22 04:00,553.20754209,5000.0,8000.0,12000.0
2024-12-22 05:00,553.74573726,5000.0,8000.0,12000.0
2024-12-22 06:00,563.1245125800002,5000.0,8000.0,12000.0
2024-12-22 07:00,571.6044324900001,5000.0,8000.0,12000.0
2024-12-22 08:00,582.8183159400003,5000.0,8000.0,12000.0
2024-12-22 09:00,616.2611496900003,5000.0,8000.0,12000.0
2024-12-22 10:00,660.1248009000002,5000.0,8000.0,12000.0
2024-12-22 11:00,673.2003216,5000.0,8000.0,12000.0
2024-12-22 12:00,673.7869368300002,5000.0,8000.0,12000.0
2024-12-22 13:00,659.7868789200002,5000.0,8000.0,12000.0
2024-12-22 14:00,615.2891259900002,5000.0,8000.0,12000.0
2024-12-22 15:00,582.20879409,5000.0,8000.0,12000.0
2024-12-22 16:00,581.52569892,5000.0,8000.0,12000.0
2024-12-22 17:00,694.0390247100003,5000.0,8000.0,12000.0
2024-12-22 18:00,988.1408269500005,5000.0,8000.0,12000.0
2024-12-22 19:00,1044.3614935800003,5000.0,8000.0,12000.0
2024-12-22 20:00,898.6953058500005,5000.0,8000.0,12000.0
2024-12-22 21:00,929.0138858400006,5000.0,8000.0,12000.0
2024-12-22 22:00,794.0829009600004,5000.0,8000.0,12000.0
2024-12-22 23:00,541.28442696,5000.0,8000.0,12000.0
2024-12-23 00:00,541.63632765,5000.0,8000.0,12000.0
2024-12-23 01:00,552.75214554,5000.0,8000.0,12000.0
2024-12-23 02:00,551.73785313,5000.0,8000.0,12000.0
2024-12-23 03:00,552.1932489899999,5000.0,8000.0,12000.0
2024-12-23 04:00,555.87782277,5000.0,8000.0,12000.0
2024-12-23 05:00,554.6772317399999,5000.0,8000.0,12000.0
2024-12-23 06:00,568.3062628500003,5000.0,8000.0,12000.0
2024-12-23 07:00,572.0391166200003,5000.0,8000.0,12000.0
2024-12-23 08:00,584.7158090400004,5000.0,8000.0,12000.0
2024-12-23 09:00,623.6164772400002,5000.0,8000.0,12000.0
2024-12-23 10:00,638.8937327400001,5000.0,8000.0,12000.0
2024-12-23 11:00,634.7537900100002,5000.0,8000.0,12000.0
2024-12-23 12:00,661.0220403300002,5000.0,8000.0,12000.0
2024-12-23 13:00,672.7726706400002,5000.0,8000.0,12000.0
2024-12-23 14:00,612.2461749300002,5000.0,8000.0,12000.0
2024-12-23 15:00,576.6542982299999,5000.0,8000.0,12000.0
2024-12-23 16:00,582.60210168,5000.0,8000.0,12000.0
2024-12-23 17:00,786.0504129300003,5000.0,8000.0,12000.0
2024-12-23 18:00,1004.2109897400005,5000.0,8000.0,12000.0
2024-12-23 19:00,966.9363465600004,5000.0,8000.0,12000.0
2024-12-23 20:00,887.7514987500005,5000.0,8000.0,12000.0
2024-12-23 21:00,899.6201190600005,5000.0,8000.0,12000.0
2024-12-23 22:00,847.8616700100005,5000.0,8000.0,12000.0
2024-12-23 23:00,542.40222282,5000.0,8000.0,12000.0
2024-12-24 00:00,542.73342144,5000.0,8000.0,12000.0
2024-12-24 01:00,551.13755727,5000.0,8000.0,12000.0
2024-12-24 02:00,552.7107462299999,5000.0,8000.0,12000.0
2024-12-24 03:00,553.41454071,5000.0,8000.0,12000.0
2024-12-24 04:00,554.7600317399999,5000.0,8000.0,12000.0
2024-12-24 05:00,554.34603519,5000.0,8000.0,12000.0
2024-12-24 06:00,564.4700098200003,5000.0,8000.0,12000.0
2024-12-24 07:00,567.5473670400003,5000.0,8000.0,12000.0
2024-12-24 08:00,580.1963601000004,5000.0,8000.0,12000.0
2024-12-24 09:00,601.9712993700001,5000.0,8000.0,12000.0
2024-12-24 10:00,635.2021113000002,5000.0,8000.0,12000.0
2024-12-24 11:00,679.0100450100001,5000.0,8000.0,12000.0
2024-12-24 12:00,677.3057995200002,5000.0,8000.0,12000.0
2024-12-24 13:00,645.2486092800002,5000.0,8000.0,12000.0
2024-12-24 14:00,611.3766928200002,5000.0,8000.0,12000.0
2024-12-24 15:00,579.50400651,5000.0,8000.0,12000.0
2024-12-24 16:00,613.50713544,5000.0,8000.0,12000.0
2024-12-24 17:00,823.7243680800002,5000.0,8000.0,12000.0
2024-12-24 18:00,881.5360512000004,5000.0,8000.0,12000.0
2024-12-24 19:00,940.0888177800005,5000.0,8000.0,12000.0
2024-12-24 20:00,898.0466285700005,5000.0,8000.0,12000.0
2024-12-24 21:00,910.9012961400006,5000.0,8000.0,12000.0
2024-12-24 22:00,873.3846147600003,5000.0,8000.0,12000.0
2024-12-24 23:00,542.96111868,5000.0,8000.0,12000.0
2024-12-25 00:00,543.29231454,5000.0,8000.0,12000.0
2024-12-25 01:00,549.35736969,5000.0,8000.0,12000.0
2024-12-25 02:00,551.59295451,5000.0,8000.0,12000.0
2024-12-25 03:00,554.55303105,5000.0,8000.0,12000.0
2024-12-25 04:00,553.47664071,5000.0,8000.0,12000.0
2024-12-25 05:00,554.61513243,5000.0,8000.0,12000.0
2024-12-25 06:00,564.2492008500002,5000.0,8000.0,12000.0
2024-12-25 07:00,570.1484559000002,5000.0,8000.0,12000.0
2024-12-25 08:00,580.2722097300004,5000.0,8000.0,12000.0
2024-12-25 09:00,622.1606779800003,5000.0,8000.0,12000.0
2024-12-25 10:00,676.5674843400001,5000.0,8000.0,12000.0
2024-12-25 11:00,736.8180566400002,5000.0,8000.0,12000.0
2024-12-25 12:00,677.1678416100002,5000.0,8000.0,12000.0
2024-12-25 13:00,651.9278161800001,5000.0,8000.0,12000.0
2024-12-25 14:00,610.4245797600001,5000.0,8000.0,12000.0
2024-12-25 15:00,588.74999202,5000.0,8000.0,12000.0
2024-12-25 16:00,561.1017416999999,5000.0,8000.0,12000.0
2024-12-25 17:00,705.8725267800003,5000.0,8000.0,12000.0
2024-12-25 18:00,833.2498208400006,5000.0,8000.0,12000.0
2024-12-25 19:00,979.2601067400005,5000.0,8000.0,12000.0
2024-12-25 20:00,870.0466003800005,5000.0,8000.0,12000.0
2024-12-25 21:00,989.8373761800007,5000.0,8000.0,12000.0
2024-12-25 22:00,932.9385320100005,5000.0,8000.0,12000.0
2024-12-25 23:00,545.09320143,5000.0,8000.0,12000.0
2024-12-26 00:00,543.8098104,5000.0,8000.0,12000.0
2024-12-26 01:00,550.8477600299999,5000.0,8000.0,12000.0
2024-12-26 02:00,553.00054416,5000.0,8000.0,12000.0
2024-12-26 03:00,553.95273519,5000.0,8000.0,12000.0
2024-12-26 04:00,553.1247414000001,5000.0,8000.0,12000.0
2024-12-26 05:00,555.17402622,5000.0,8000.0,12000.0
2024-12-26 06:00,567.0712932600002,5000.0,8000.0,12000.0
2024-12-26 07:00,572.1081283500002,5000.0,8000.0,12000.0
2024-12-26 08:00,599.5091778900004,5000.0,8000.0,12000.0
2024-12-26 09:00,617.9861462400003,5000.0,8000.0,12000.0
2024-12-26 10:00,645.8557616700002,5000.0,8000.0,12000.0
2024-12-26 11:00,652.0314065700003,5000.0,8000.0,12000.0
2024-12-26 12:00,664.8376368300002,5000.0,8000.0,12000.0
2024-12-26 13:00,651.4999209600003,5000.0,8000.0,12000.0
2024-12-26 14:00,634.9678218000003,5000.0,8000.0,12000.0
2024-12-26 15:00,582.8091002999998,5000.0,8000.0,12000.0
2024-12-26 16:00,613.44503751,5000.0,8000.0,12000.0
2024-12-26 17:00,822.6893667000002,5000.0,8000.0,12000.0
2024-12-26 18:00,933.5412884100006,5000.0,8000.0,12000.0
2024-12-26 19:00,845.2897226100006,5000.0,8000.0,12000.0
2024-12-26 20:00,912.3296478900006,5000.0,8000.0,12000.0
2024-12-26 21:00,1065.3300015600005,5000.0,8000.0,12000.0
2024-12-26 22:00,732.8525604000005,5000.0,8000.0,12000.0
2024-12-26 23:00,541.69842765,5000.0,8000.0,12000.0
2024-12-27 00:00,542.0917235100001,5000.0,8000.0,12000.0
2024-12-27 01:00,550.64076072,5000.0,8000.0,12000.0
2024-12-27 02:00,554.67723243,5000.0,8000.0,12000.0
2024-12-27 03:00,553.47664071,5000.0,8000.0,12000.0
2024-12-27 04:00,552.8142434700001,5000.0,8000.0,12000.0
2024-12-27 05:00,553.66293864,5000.0,8000.0,12000.0
2024-12-27 06:00,558.9778444200003,5000.0,8000.0,12000.0
2024-12-27 07:00,571.6526724600003,5000.0,8000.0,12000.0
2024-12-27 08:00,590.7048289500003,5000.0,8000.0,12000.0
2024-12-27 09:00,615.0329710800002,5000.0,8000.0,12000.0
2024-12-27 10:00,638.5485643800001,5000.0,8000.0,12000.0
2024-12-27 11:00,657.7304940000001,5000.0,8000.0,12000.0
2024-12-27 12:00,657.4408458000001,5000.0,8000.0,12000.0
2024-12-27 13:00,630.4344783300003,5000.0,8000.0,12000.0
2024-12-27 14:00,614.4610873500003,5000.0,8000.0,12000.0
2024-12-27 15:00,570.5892203099999,5000.0,8000.0,12000.0
2024-12-27 16:00,602.61896028,5000.0,8000.0,12000.0
2024-12-27 17:00,837.3932466900003,5000.0,8000.0,12000.0
2024-12-27 18:00,916.4292097500005,5000.0,8000.0,12000.0
2024-12-27 19:00,987.1469219700006,5000.0,8000.0,12000.0
2024-12-27 20:00,975.9955580400004,5000.0,8000.0,12000.0
2024-12-27 21:00,935.5963416300006,5000.0,8000.0,12000.0
2024-12-27 22:00,740.5667521200005,5000.0,8000.0,12000.0
2024-12-27 23:00,541.63632696,5000.0,8000.0,12000.0
2024-12-28 00:00,544.49290764,5000.0,8000.0,12000.0
2024-12-28 01:00,549.27457038,5000.0,8000.0,12000.0
2024-12-28 02:00,553.39384002,5000.0,8000.0,12000.0
2024-12-28 03:00,552.33814761,5000.0,8000.0,12000.0
2024-12-28 04:00,555.2982262200001,5000.0,8000.0,12000.0
2024-12-28 05:00,554.55303312,5000.0,8000.0,12000.0
2024-12-28 06:00,568.3132815300002,5000.0,8000.0,12000.0
2024-12-28 07:00,572.8188387000002,5000.0,8000.0,12000.0
2024-12-28 08:00,582.8666152500005,5000.0,8000.0,12000.0
2024-12-28 09:00,617.2754510700001,5000.0,8000.0,12000.0
2024-12-28 10:00,648.3949285500003,5000.0,8000.0,12000.0
2024-12-28 11:00,666.0037057800002,5000.0,8000.0,12000.0
2024-12-28 12:00,626.3219872500001,5000.0,8000.0,12000.0
2024-12-28 13:00,636.1819899600001,5000.0,8000.0,12000.0
2024-12-28 14:00,602.8966300800003,5000.0,8000.0,12000.0
2024-12-28 15:00,574.4808085799999,5000.0,8000.0,12000.0
2024-12-28 16:00,601.7012568299999,5000.0,8000.0,12000.0
2024-12-28 17:00,865.2001949400002,5000.0,8000.0,12000.0
2024-12-28 18:00,1080.4211309400005,5000.0,8000.0,12000.0
2024-12-28 19:00,957.6491735700005,5000.0,8000.0,12000.0
2024-12-28 20:00,908.2998553800005,5000.0,8000.0,12000.0
2024-12-28 21:00,835.0637549400005,5000.0,8000.0,12000.0
2024-12-28 22:00,756.7059169800006,5000.0,8000.0,12000.0
2024-12-28 23:00,543.16811868,5000.0,8000.0,12000.0
2024-12-29 00:00,545.13460143,5000.0,8000.0,12000.0
2024-12-29 01:00,551.19965796,5000.0,8000.0,12000.0
2024-12-29 02:00,552.54514692,5000.0,8000.0,12000.0
2024-12-29 03:00,553.95273726,5000.0,8000.0,12000.0
2024-12-29 04:00,554.96702898,5000.0,8000.0,12000.0
2024-12-29 05:00,555.07052829,5000.0,8000.0,12000.0
2024-12-29 06:00,566.7399911400003,5000.0,8000.0,12000.0
2024-12-29 07:00,573.1981793100002,5000.0,8000.0,12000.0
2024-12-29 08:00,592.5333282600004,5000.0,8000.0,12000.0
2024-12-29 09:00,626.0936296800003,5000.0,8000.0,12000.0
2024-12-29 10:00,662.8365519600001,5000.0,8000.0,12000.0
2024-12-29 11:00,639.3489947400001,5000.0,8000.0,12000.0
2024-12-29 12:00,660.2421981900002,5000.0,8000.0,12000.0
2024-12-29 13:00,655.5571126800002,5000.0,8000.0,12000.0
2024-12-29 14:00,606.3674832600003,5000.0,8000.0,12000.0
2024-12-29 15:00,596.35377132,5000.0,8000.0,12000.0
2024-12-29 16:00,589.33648305,5000.0,8000.0,12000.0
2024-12-29 17:00,756.4356419100003,5000.0,8000.0,12000.0
2024-12-29 18:00,984.8359443000006,5000.0,8000.0,12000.0
2024-12-29 19:00,1008.1919081700005,5000.0,8000.0,12000.0
2024-12-29 20:00,944.5731622800006,5000.0,8000.0,12000.0
2024-12-29 21:00,924.8601693300005,5000.0,8000.0,12000.0
2024-12-29 22:00,736.1438886900006,5000.0,8000.0,12000.0
2024-12-29 23:00,542.00892489,5000.0,8000.0,12000.0
2024-12-30 00:00,543.72701247,5000.0,8000.0,12000.0
2024-12-30 01:00,550.6821600300001,5000.0,8000.0,12000.0
2024-12-30 02:00,552.52444623,5000.0,8000.0,12000.0
2024-12-30 03:00,552.04835037,5000.0,8000.0,12000.0
2024-12-30 04:00,553.86993726,5000.0,8000.0,12000.0
2024-12-30 05:00,555.46382622,5000.0,8000.0,12000.0
2024-12-30 06:00,563.2142967600004,5000.0,8000.0,12000.0
2024-12-30 07:00,574.4332772400002,5000.0,8000.0,12000.0
2024-12-30 08:00,577.7054090400003,5000.0,8000.0,12000.0
2024-12-30 09:00,599.5632863100002,5000.0,8000.0,12000.0
2024-12-30 10:00,651.2722720200002,5000.0,8000.0,12000.0
2024-12-30 11:00,647.9186857200002,5000.0,8000.0,12000.0
2024-12-30 12:00,672.0480167700002,5000.0,8000.0,12000.0
2024-12-30 13:00,664.9963002600001,5000.0,8000.0,12000.0
2024-12-30 14:00,642.8337783300002,5000.0,8000.0,12000.0
2024-12-30 15:00,588.58438098,5000.0,8000.0,12000.0
2024-12-30 16:00,583.6370899499999,5000.0,8000.0,12000.0
2024-12-30 17:00,838.7732542800003,5000.0,8000.0,12000.0
2024-12-30 18:00,851.3072574600005,5000.0,8000.0,12000.0
2024-12-30 19:00,935.6312549400005,5000.0,8000.0,12000.0
2024-12-30 20:00,848.1253038300006,5000.0,8000.0,12000.0
2024-12-30 21:00,972.4285016100005,5000.0,8000.0,12000.0
2024-12-30 22:00,870.1555403400004,5000.0,8000.0,12000.0
2024-12-30 23:00,542.17452558,5000.0,8000.0,12000.0
2024-12-31 00:00,544.49290695,5000.0,8000.0,12000.0
2024-12-31 01:00,549.3987710700001,5000.0,8000.0,12000.0
2024-12-31 02:00,552.81424485,5000.0,8000.0,12000.0
2024-12-31 03:00,553.18684278,5000.0,8000.0,12000.0
2024-12-31 04:00,554.67723243,5000.0,8000.0,12000.0
2024-12-31 05:00,554.01483588,5000.0,8000.0,12000.0
2024-12-31 06:00,564.2906450100003,5000.0,8000.0,12000.0
2024-12-31 07:00,571.6802621100002,5000.0,8000.0,12000.0
2024-12-31 08:00,582.2318262900004,5000.0,8000.0,12000.0
2024-12-31 09:00,614.0048697000002,5000.0,8000.0,12000.0
2024-12-31 10:00,637.0858671900002,5000.0,8000.0,12000.0
2024-12-31 11:00,659.9800099200002,5000.0,8000.0,12000.0
2024-12-31 12:00,658.0825078500002,5000.0,8000.0,12000.0
2024-12-31 13:00,632.5733189400001,5000.0,8000.0,12000.0
2024-12-31 14:00,631.9663445700003,5000.0,8000.0,12000.0
2024-12-31 15:00,596.5124651099999,5000.0,8000.0,12000.0
2024-12-31 16:00,576.06780927,5000.0,8000.0,12000.0
2024-12-31 17:00,849.7304453100003,5000.0,8000.0,12000.0
2024-12-31 18:00,942.3871153200005,5000.0,8000.0,12000.0
2024-12-31 19:00,1017.7759626300007,5000.0,8000.0,12000.0
2024-12-31 20:00,955.9441794300005,5000.0,8000.0,12000.0
2024-12-31 21:00,816.7094610000005,5000.0,8000.0,12000.0
2024-12-31 22:00,794.5729092900004,5000.0,8000.0,12000.0
2024-12-31 23:00,541.2844311,5000.0,8000.0,12000.0
